contract,route,sample_id,delta_entropy,delta_effective_feature_count
GROUP_complete,combined_kd,CY-Bench_wheat_AU|AU-111|2001,-0.028052313186879063,-0.40740850247144156
GROUP_complete,combined_kd,CY-Bench_wheat_AU|AU-111|2002,0.017066635067211178,0.21328727309256124
GROUP_complete,combined_kd,CY-Bench_wheat_AU|AU-111|2003,-0.0068193713849536985,-0.10032863111702817
GROUP_complete,combined_kd,CY-Bench_wheat_AU|AU-111|2004,0.009503749204059386,0.12669300240050063
GROUP_complete,combined_kd,CY-Bench_wheat_AU|AU-111|2005,-0.02684338042063683,-0.3891140978463383
GROUP_complete,combined_kd,CY-Bench_wheat_AU|AU-111|2006,0.024989285611389134,0.3582690580490766
GROUP_complete,combined_kd,CY-Bench_wheat_AU|AU-111|2007,-0.028544719468719504,-0.3514032102355884
GROUP_complete,combined_kd,CY-Bench_wheat_AU|AU-111|2008,-0.03702376849615341,-0.5246653578545724
GROUP_complete,combined_kd,CY-Bench_wheat_AU|AU-111|2009,0.025683302292133003,0.35573459250544914
GROUP_complete,combined_kd,CY-Bench_wheat_AU|AU-111|2010,0.07232674922110582,1.002014244848458
GROUP_complete,combined_kd,CY-Bench_wheat_AU|AU-111|2011,0.0959068422526288,1.2348832859008514
GROUP_complete,combined_kd,CY-Bench_wheat_AU|AU-111|2012,-0.03854665033004079,-0.5367390994019381
GROUP_complete,combined_kd,CY-Bench_wheat_AU|AU-111|2013,-0.02652613991234698,-0.3743967533856729
GROUP_complete,combined_kd,CY-Bench_wheat_AU|AU-111|2014,0.03978409373968583,0.5780763553006354
GROUP_complete,combined_kd,CY-Bench_wheat_AU|AU-111|2015,-0.038746946265687976,-0.4839260999414803
GROUP_complete,combined_kd,CY-Bench_wheat_AU|AU-111|2016,0.05736375022859996,0.8453943501982284
GROUP_complete,combined_kd,CY-Bench_wheat_AU|AU-111|2017,0.10806243202088084,1.2961567386057782
GROUP_complete,combined_kd,CY-Bench_wheat_AU|AU-111|2018,0.006142926682937033,0.08709708618238654
GROUP_complete,combined_kd,CY-Bench_wheat_AU|AU-111|2019,0.08196830987440773,1.1703557664182345
GROUP_complete,combined_kd,CY-Bench_wheat_AU|AU-111|2020,0.1358146782562949,1.446614811462175
GROUP_complete,combined_kd,CY-Bench_wheat_AU|AU-111|2021,-0.010786003951460454,-0.16623260364877268
GROUP_complete,combined_kd,CY-Bench_wheat_AU|AU-111|2022,0.08027572209215705,1.2075982920655877
GROUP_complete,combined_kd,CY-Bench_wheat_AU|AU-111|2023,-0.01208516441652352,-0.17453114541477088
GROUP_complete,combined_kd,CY-Bench_wheat_AU|AU-123|2001,0.11320746741616183,1.5022552251011971
GROUP_complete,combined_kd,CY-Bench_wheat_AU|AU-123|2002,0.054955030863178544,0.9285541977333356
GROUP_complete,combined_kd,CY-Bench_wheat_AU|AU-123|2003,0.144641610470985,2.1923104319584903
GROUP_complete,combined_kd,CY-Bench_wheat_AU|AU-123|2004,0.08777615132582317,1.2757121417465873
GROUP_complete,combined_kd,CY-Bench_wheat_AU|AU-123|2005,0.026073822163933946,0.3514884142675774
GROUP_complete,combined_kd,CY-Bench_wheat_AU|AU-123|2006,0.0366659989236745,0.644677613702024
GROUP_complete,combined_kd,CY-Bench_wheat_AU|AU-123|2007,0.08276524651711736,1.216099975732953
GROUP_complete,combined_kd,CY-Bench_wheat_AU|AU-123|2008,0.13936527775343166,2.069375240907842
GROUP_complete,combined_kd,CY-Bench_wheat_AU|AU-123|2009,0.11365373743057972,1.6869143185357727
GROUP_complete,combined_kd,CY-Bench_wheat_AU|AU-123|2010,0.03483212886910603,0.49612465435556263
GROUP_complete,combined_kd,CY-Bench_wheat_AU|AU-123|2011,0.06913948255559133,0.9398716797784701
GROUP_complete,combined_kd,CY-Bench_wheat_AU|AU-123|2012,0.06337457903154431,1.0201773998245374
GROUP_complete,combined_kd,CY-Bench_wheat_AU|AU-123|2013,0.11430451793548069,1.6869815843989127
GROUP_complete,combined_kd,CY-Bench_wheat_AU|AU-123|2014,0.19872146647214328,2.7701716931748512
GROUP_complete,combined_kd,CY-Bench_wheat_AU|AU-123|2015,0.057149036660899655,0.7654231509806806
GROUP_complete,combined_kd,CY-Bench_wheat_AU|AU-123|2016,0.018999566405840995,0.2688393860440188
GROUP_complete,combined_kd,CY-Bench_wheat_AU|AU-123|2017,0.023712845274701966,0.34718085651952446
GROUP_complete,combined_kd,CY-Bench_wheat_AU|AU-123|2018,0.10075363348941158,1.5754776811361806
GROUP_complete,combined_kd,CY-Bench_wheat_AU|AU-123|2019,0.09796690787441242,1.5570974356808502
GROUP_complete,combined_kd,CY-Bench_wheat_AU|AU-123|2020,0.06381358578480889,0.9076538919571124
GROUP_complete,combined_kd,CY-Bench_wheat_AU|AU-123|2021,-0.00019588951198790117,-0.0027284523751429646
GROUP_complete,combined_kd,CY-Bench_wheat_AU|AU-123|2022,0.04633350499931499,0.6857408862541776
GROUP_complete,combined_kd,CY-Bench_wheat_AU|AU-123|2023,0.11061798032088255,1.451033953567613
GROUP_complete,combined_kd,CY-Bench_wheat_AU|AU-222|2001,0.13653420762462898,1.7007269922265307
GROUP_complete,combined_kd,CY-Bench_wheat_AU|AU-222|2002,0.0785358954916161,1.2393537757071584
GROUP_complete,combined_kd,CY-Bench_wheat_AU|AU-222|2003,0.12356117933617006,1.868164745310982
GROUP_complete,combined_kd,CY-Bench_wheat_AU|AU-222|2004,0.14201308490972764,1.9659199230965543
GROUP_complete,combined_kd,CY-Bench_wheat_AU|AU-222|2005,0.18216505337822053,2.5411484608535355
GROUP_complete,combined_kd,CY-Bench_wheat_AU|AU-222|2006,0.039738009898640625,0.6596722591892448
GROUP_complete,combined_kd,CY-Bench_wheat_AU|AU-222|2007,0.09697741777228053,1.4085518950699027
GROUP_complete,combined_kd,CY-Bench_wheat_AU|AU-222|2008,0.13595192064051753,2.0590418177683825
GROUP_complete,combined_kd,CY-Bench_wheat_AU|AU-222|2009,0.08190365423669832,1.2728586427770319
GROUP_complete,combined_kd,CY-Bench_wheat_AU|AU-222|2010,0.09117923263256,1.216788228380162
GROUP_complete,combined_kd,CY-Bench_wheat_AU|AU-222|2011,0.12709052024198342,1.9254576135402086
GROUP_complete,combined_kd,CY-Bench_wheat_AU|AU-222|2012,0.14891113014465662,2.269677583221979
GROUP_complete,combined_kd,CY-Bench_wheat_AU|AU-222|2013,0.11533536858090299,1.5783286554878115
GROUP_complete,combined_kd,CY-Bench_wheat_AU|AU-222|2014,0.104285905539238,1.600304416627477
GROUP_complete,combined_kd,CY-Bench_wheat_AU|AU-222|2015,0.13236983205084274,2.0062393002988914
GROUP_complete,combined_kd,CY-Bench_wheat_AU|AU-222|2016,0.21290552403172724,2.895965559898981
GROUP_complete,combined_kd,CY-Bench_wheat_AU|AU-222|2017,0.1121350007501265,1.7275079222390852
GROUP_complete,combined_kd,CY-Bench_wheat_AU|AU-222|2018,0.13819777915958198,2.154920242651823
GROUP_complete,combined_kd,CY-Bench_wheat_AU|AU-222|2019,0.09225419199755747,1.5045113520251814
GROUP_complete,combined_kd,CY-Bench_wheat_AU|AU-222|2020,0.10871628731170191,1.5567161153269646
GROUP_complete,combined_kd,CY-Bench_wheat_AU|AU-222|2021,0.16163347499812797,2.256991143140003
GROUP_complete,combined_kd,CY-Bench_wheat_AU|AU-222|2022,-0.043859928280495786,-0.6005950878260258
GROUP_complete,combined_kd,CY-Bench_wheat_AU|AU-222|2023,0.18001292337800323,2.675691411942708
GROUP_complete,combined_kd,CY-Bench_wheat_AU|AU-231|2001,0.1294454401916123,1.9007372504788114
GROUP_complete,combined_kd,CY-Bench_wheat_AU|AU-231|2002,0.20910821634318022,2.544341687965491
GROUP_complete,combined_kd,CY-Bench_wheat_AU|AU-231|2003,0.17816317665504633,2.7497669867093224
GROUP_complete,combined_kd,CY-Bench_wheat_AU|AU-231|2004,0.13710226911576362,2.0962239590651395
GROUP_complete,combined_kd,CY-Bench_wheat_AU|AU-231|2005,0.14883798303144047,2.143229036827396
GROUP_complete,combined_kd,CY-Bench_wheat_AU|AU-231|2006,0.08486287414845761,1.0894988779952257
GROUP_complete,combined_kd,CY-Bench_wheat_AU|AU-231|2007,0.14211032222156528,1.9612186347078806
GROUP_complete,combined_kd,CY-Bench_wheat_AU|AU-231|2008,0.19412311079529387,2.4297884534547416
GROUP_complete,combined_kd,CY-Bench_wheat_AU|AU-231|2009,0.0029044973775340654,0.04536043688473956
GROUP_complete,combined_kd,CY-Bench_wheat_AU|AU-231|2010,0.23466065535700376,3.414919721741109
GROUP_complete,combined_kd,CY-Bench_wheat_AU|AU-231|2011,0.11813588631310623,1.79224518047572
GROUP_complete,combined_kd,CY-Bench_wheat_AU|AU-231|2012,0.21815519181957532,2.561378812913192
GROUP_complete,combined_kd,CY-Bench_wheat_AU|AU-231|2013,0.14167932118477,2.075804915703488
GROUP_complete,combined_kd,CY-Bench_wheat_AU|AU-231|2014,0.07921674084339969,1.109859434042641
GROUP_complete,combined_kd,CY-Bench_wheat_AU|AU-231|2015,0.17740973522176628,2.279286442268937
GROUP_complete,combined_kd,CY-Bench_wheat_AU|AU-231|2016,0.20335749324649088,3.0366626769138056
GROUP_complete,combined_kd,CY-Bench_wheat_AU|AU-231|2017,0.030243054842740924,0.4535587340163998
GROUP_complete,combined_kd,CY-Bench_wheat_AU|AU-231|2018,0.23421960260711439,2.8000197883632336
GROUP_complete,combined_kd,CY-Bench_wheat_AU|AU-231|2019,0.26306940500577436,3.004940625052327
GROUP_complete,combined_kd,CY-Bench_wheat_AU|AU-231|2020,0.17257873223169118,2.5366832684263745
GROUP_complete,combined_kd,CY-Bench_wheat_AU|AU-231|2021,0.1156310598171193,1.7982381798333416
GROUP_complete,combined_kd,CY-Bench_wheat_AU|AU-231|2022,0.19282630957339353,3.035310202512618
GROUP_complete,combined_kd,CY-Bench_wheat_AU|AU-231|2023,0.10194295555334798,1.3576037559757639
GROUP_complete,combined_kd,CY-Bench_wheat_AU|AU-312|2003,-0.09862626836651534,-1.5650499833926999
GROUP_complete,combined_kd,CY-Bench_wheat_AU|AU-312|2009,-0.14120868003885023,-2.139108407557514
GROUP_complete,combined_kd,CY-Bench_wheat_AU|AU-322|2001,0.052869135151522806,0.8096731708142011
GROUP_complete,combined_kd,CY-Bench_wheat_AU|AU-322|2002,0.10315696425868337,1.56268071028338
GROUP_complete,combined_kd,CY-Bench_wheat_AU|AU-322|2003,0.10914716012720793,1.606177980986299
GROUP_complete,combined_kd,CY-Bench_wheat_AU|AU-322|2004,0.09922739242650147,1.4914473702277844
GROUP_complete,combined_kd,CY-Bench_wheat_AU|AU-322|2005,0.08097711636432059,1.0960798872127224
GROUP_complete,combined_kd,CY-Bench_wheat_AU|AU-322|2006,0.03932981028201732,0.5359317796173926
GROUP_complete,combined_kd,CY-Bench_wheat_AU|AU-322|2007,0.07010045751564353,0.9073843670767641
GROUP_complete,combined_kd,CY-Bench_wheat_AU|AU-322|2008,0.11270195125153659,1.710494778472234
GROUP_complete,combined_kd,CY-Bench_wheat_AU|AU-322|2009,-0.012147386035914254,-0.1849621429434336
GROUP_complete,combined_kd,CY-Bench_wheat_AU|AU-322|2010,0.12962240949032344,1.8955105991859051
GROUP_complete,combined_kd,CY-Bench_wheat_AU|AU-322|2011,0.019738526829048864,0.3174434257193468
GROUP_complete,combined_kd,CY-Bench_wheat_AU|AU-322|2012,0.0982358632762993,1.4935358054696177
GROUP_complete,combined_kd,CY-Bench_wheat_AU|AU-322|2013,0.04851058764131688,0.7397555682794854
GROUP_complete,combined_kd,CY-Bench_wheat_AU|AU-322|2014,0.015612234866031804,0.2159628804188536
GROUP_complete,combined_kd,CY-Bench_wheat_AU|AU-322|2015,0.11147197099260087,1.5033999486544385
GROUP_complete,combined_kd,CY-Bench_wheat_AU|AU-322|2016,0.01576350358765244,0.2125073433663518
GROUP_complete,combined_kd,CY-Bench_wheat_AU|AU-322|2017,0.08902854828478568,1.2758004453188807
GROUP_complete,combined_kd,CY-Bench_wheat_AU|AU-322|2018,0.09329856626116728,1.282086656673198
GROUP_complete,combined_kd,CY-Bench_wheat_AU|AU-322|2019,0.08000067133575683,1.3293621081259905
GROUP_complete,combined_kd,CY-Bench_wheat_AU|AU-322|2020,0.019240908963789494,0.26348417640617594
GROUP_complete,combined_kd,CY-Bench_wheat_AU|AU-322|2021,0.017440782567024304,0.26838100397273834
GROUP_complete,combined_kd,CY-Bench_wheat_AU|AU-322|2022,0.04052645516326692,0.678062083051179
GROUP_complete,combined_kd,CY-Bench_wheat_AU|AU-322|2023,0.030144683620829227,0.4255216331529805
GROUP_complete,combined_kd,CY-Bench_wheat_AU|AU-331|2001,0.08370457414295485,1.086771779283426
GROUP_complete,combined_kd,CY-Bench_wheat_AU|AU-331|2002,0.060610199230802686,0.8940851014678719
GROUP_complete,combined_kd,CY-Bench_wheat_AU|AU-331|2003,0.10916450393678523,1.4030465849698208
GROUP_complete,combined_kd,CY-Bench_wheat_AU|AU-331|2004,0.0938584451142701,1.2212402652886274
GROUP_complete,combined_kd,CY-Bench_wheat_AU|AU-331|2005,0.013266905181636202,0.1779867755541611
GROUP_complete,combined_kd,CY-Bench_wheat_AU|AU-331|2006,0.0454449337446019,0.6124875346544458
GROUP_complete,combined_kd,CY-Bench_wheat_AU|AU-331|2007,0.04287174479298139,0.4736174601752854
GROUP_complete,combined_kd,CY-Bench_wheat_AU|AU-331|2008,0.05892613752744291,0.7070660599838146
GROUP_complete,combined_kd,CY-Bench_wheat_AU|AU-331|2009,-0.025611342639533796,-0.35774034291288714
GROUP_complete,combined_kd,CY-Bench_wheat_AU|AU-331|2010,-0.03637880264529214,-0.5367337668587586
GROUP_complete,combined_kd,CY-Bench_wheat_AU|AU-331|2011,0.014655777969147299,0.14217325886219356
GROUP_complete,combined_kd,CY-Bench_wheat_AU|AU-331|2012,0.1307911266861833,1.5987373190036935
GROUP_complete,combined_kd,CY-Bench_wheat_AU|AU-331|2013,0.07787450440489596,1.1578103362398293
GROUP_complete,combined_kd,CY-Bench_wheat_AU|AU-331|2014,0.09937210672266017,1.2689494649464095
GROUP_complete,combined_kd,CY-Bench_wheat_AU|AU-331|2015,0.06452677632175541,0.7747764475305337
GROUP_complete,combined_kd,CY-Bench_wheat_AU|AU-331|2016,0.002513051984836645,0.02954906101721022
GROUP_complete,combined_kd,CY-Bench_wheat_AU|AU-331|2017,0.02721624714192017,0.3656323079786796
GROUP_complete,combined_kd,CY-Bench_wheat_AU|AU-331|2018,0.07056053781557658,1.0054502959676057
GROUP_complete,combined_kd,CY-Bench_wheat_AU|AU-331|2019,-0.08730244689797773,-1.203599793501768
GROUP_complete,combined_kd,CY-Bench_wheat_AU|AU-331|2020,0.06228076209954758,0.920385999120608
GROUP_complete,combined_kd,CY-Bench_wheat_AU|AU-331|2021,0.07089170302331571,0.9455292470506098
GROUP_complete,combined_kd,CY-Bench_wheat_AU|AU-331|2022,0.11043141720236338,1.386473118128901
GROUP_complete,combined_kd,CY-Bench_wheat_AU|AU-331|2023,0.029266915429097318,0.3949432221049456
GROUP_complete,combined_kd,CY-Bench_wheat_AU|AU-332|2015,-0.15167087054250183,-1.7355821013341837
GROUP_complete,combined_kd,CY-Bench_wheat_AU|AU-411|2001,0.0039014569879511907,0.05271655776104911
GROUP_complete,combined_kd,CY-Bench_wheat_AU|AU-411|2002,0.007135747337052578,0.11741949093982473
GROUP_complete,combined_kd,CY-Bench_wheat_AU|AU-411|2003,0.027127935912628187,0.3546238872453129
GROUP_complete,combined_kd,CY-Bench_wheat_AU|AU-411|2004,0.022327934818414996,0.31626796619593733
GROUP_complete,combined_kd,CY-Bench_wheat_AU|AU-411|2005,0.05236184295322954,0.7959504807870719
GROUP_complete,combined_kd,CY-Bench_wheat_AU|AU-411|2006,-0.0053479076123647,-0.08861162595117644
GROUP_complete,combined_kd,CY-Bench_wheat_AU|AU-411|2007,-0.0004535456015323236,-0.006939876030397585
GROUP_complete,combined_kd,CY-Bench_wheat_AU|AU-411|2008,0.022024816070030595,0.3139286635485643
GROUP_complete,combined_kd,CY-Bench_wheat_AU|AU-411|2009,-0.05238766553297047,-0.8791939443972598
GROUP_complete,combined_kd,CY-Bench_wheat_AU|AU-411|2010,0.023380025020022455,0.3221439313622847
GROUP_complete,combined_kd,CY-Bench_wheat_AU|AU-411|2011,0.0011932486713974733,0.01960046731946985
GROUP_complete,combined_kd,CY-Bench_wheat_AU|AU-411|2012,0.003825800112054689,0.06219321017447932
GROUP_complete,combined_kd,CY-Bench_wheat_AU|AU-411|2013,-0.05452625104140896,-0.8994394125109109
GROUP_complete,combined_kd,CY-Bench_wheat_AU|AU-411|2014,0.03859639359607381,0.5734578987482957
GROUP_complete,combined_kd,CY-Bench_wheat_AU|AU-411|2015,-0.015405250984595442,-0.24585402323277883
GROUP_complete,combined_kd,CY-Bench_wheat_AU|AU-411|2016,0.07178103404636837,0.9767303967845082
GROUP_complete,combined_kd,CY-Bench_wheat_AU|AU-411|2017,-0.0054379547180800625,-0.0814629999289016
GROUP_complete,combined_kd,CY-Bench_wheat_AU|AU-411|2018,0.010282833167909788,0.16441839703018246
GROUP_complete,combined_kd,CY-Bench_wheat_AU|AU-411|2019,0.012289951442318037,0.18703470178087134
GROUP_complete,combined_kd,CY-Bench_wheat_AU|AU-411|2020,0.01983621008433445,0.331984290056643
GROUP_complete,combined_kd,CY-Bench_wheat_AU|AU-411|2021,0.09103127765171615,1.4085406337945976
GROUP_complete,combined_kd,CY-Bench_wheat_AU|AU-411|2022,0.017190037860448037,0.23098631850695028
GROUP_complete,combined_kd,CY-Bench_wheat_AU|AU-411|2023,0.03079122201158324,0.48324834800920957
GROUP_complete,combined_kd,CY-Bench_wheat_AU|AU-421|2001,-0.03503294141787605,-0.32737588779619653
GROUP_complete,combined_kd,CY-Bench_wheat_AU|AU-421|2002,-0.049111693039848525,-0.6387129301011125
GROUP_complete,combined_kd,CY-Bench_wheat_AU|AU-421|2003,0.08301956424636747,0.7265658657304646
GROUP_complete,combined_kd,CY-Bench_wheat_AU|AU-421|2004,0.07599472284992104,0.8753527610941418
GROUP_complete,combined_kd,CY-Bench_wheat_AU|AU-421|2005,0.16042222463186595,1.3667457802460197
GROUP_complete,combined_kd,CY-Bench_wheat_AU|AU-421|2006,0.08231271143126451,1.009437356173744
GROUP_complete,combined_kd,CY-Bench_wheat_AU|AU-421|2007,-0.025906483258330892,-0.39705414269704686
GROUP_complete,combined_kd,CY-Bench_wheat_AU|AU-421|2008,0.0442521119243765,0.5313702865916587
GROUP_complete,combined_kd,CY-Bench_wheat_AU|AU-421|2009,0.07215947652557597,1.0262282303754864
GROUP_complete,combined_kd,CY-Bench_wheat_AU|AU-421|2010,0.03075742039828855,0.32302051303049417
GROUP_complete,combined_kd,CY-Bench_wheat_AU|AU-421|2011,0.16790100326754354,1.5716980087759005
GROUP_complete,combined_kd,CY-Bench_wheat_AU|AU-421|2012,-0.01244382433381841,-0.20218362638447296
GROUP_complete,combined_kd,CY-Bench_wheat_AU|AU-421|2013,0.008375003491475908,0.09415570125053652
GROUP_complete,combined_kd,CY-Bench_wheat_AU|AU-421|2014,-0.027117710508530735,-0.41324803171809155
GROUP_complete,combined_kd,CY-Bench_wheat_AU|AU-421|2015,0.03463145489771058,0.5126635790796952
GROUP_complete,combined_kd,CY-Bench_wheat_AU|AU-421|2016,0.07484274257288781,0.8419046341550782
GROUP_complete,combined_kd,CY-Bench_wheat_AU|AU-421|2017,0.03004167348954978,0.3343374290850285
GROUP_complete,combined_kd,CY-Bench_wheat_AU|AU-421|2018,0.11685475878253859,1.3922137640648344
GROUP_complete,combined_kd,CY-Bench_wheat_AU|AU-421|2019,-0.012705084515824971,-0.20621822158092762
GROUP_complete,combined_kd,CY-Bench_wheat_AU|AU-421|2020,-0.012512021597560374,-0.15827719654078898
GROUP_complete,combined_kd,CY-Bench_wheat_AU|AU-421|2021,0.028741404521168024,0.23994712184873768
GROUP_complete,combined_kd,CY-Bench_wheat_AU|AU-421|2022,0.03009517303175835,0.2916385478986845
GROUP_complete,combined_kd,CY-Bench_wheat_AU|AU-421|2023,-0.009286799599253492,-0.11199160500550143
GROUP_complete,combined_kd,CY-Bench_wheat_AU|AU-422|2001,-0.04605010888604977,-0.6686915509122224
GROUP_complete,combined_kd,CY-Bench_wheat_AU|AU-422|2002,0.008954686178005433,0.11924774385163861
GROUP_complete,combined_kd,CY-Bench_wheat_AU|AU-422|2003,0.02064783195277997,0.2771656224675887
GROUP_complete,combined_kd,CY-Bench_wheat_AU|AU-422|2004,0.04001012248917146,0.5285511047401874
GROUP_complete,combined_kd,CY-Bench_wheat_AU|AU-422|2005,-0.03405274450355711,-0.4653129505019553
GROUP_complete,combined_kd,CY-Bench_wheat_AU|AU-422|2006,-0.014362943207035794,-0.22112895236676522
GROUP_complete,combined_kd,CY-Bench_wheat_AU|AU-422|2007,0.007034162004439959,0.10118703135006779
GROUP_complete,combined_kd,CY-Bench_wheat_AU|AU-422|2008,-0.08983114668110248,-1.1013531338293898
GROUP_complete,combined_kd,CY-Bench_wheat_AU|AU-422|2009,-0.03846470245283229,-0.47237183145169226
GROUP_complete,combined_kd,CY-Bench_wheat_AU|AU-422|2010,-0.037474390632261656,-0.5372192227331452
GROUP_complete,combined_kd,CY-Bench_wheat_AU|AU-422|2011,-0.045046715586078534,-0.5496062848508334
GROUP_complete,combined_kd,CY-Bench_wheat_AU|AU-422|2012,-0.06471737273370648,-0.7690136367625504
GROUP_complete,combined_kd,CY-Bench_wheat_AU|AU-422|2013,-0.030998159148594606,-0.38147231280255767
GROUP_complete,combined_kd,CY-Bench_wheat_AU|AU-422|2014,0.04476984806754558,0.633598911346267
GROUP_complete,combined_kd,CY-Bench_wheat_AU|AU-422|2015,-0.013432426613149584,-0.169869122890292
GROUP_complete,combined_kd,CY-Bench_wheat_AU|AU-422|2016,-0.043068141936628335,-0.611773316552731
GROUP_complete,combined_kd,CY-Bench_wheat_AU|AU-422|2017,-0.052668975631956716,-0.6308831983543417
GROUP_complete,combined_kd,CY-Bench_wheat_AU|AU-422|2018,-0.02656224367046267,-0.3227455823134786
GROUP_complete,combined_kd,CY-Bench_wheat_AU|AU-422|2019,0.013554347745744821,0.1802670956156609
GROUP_complete,combined_kd,CY-Bench_wheat_AU|AU-422|2020,-0.003385333312883154,-0.04241226530560027
GROUP_complete,combined_kd,CY-Bench_wheat_AU|AU-422|2021,0.003071707756513997,0.0421725299324498
GROUP_complete,combined_kd,CY-Bench_wheat_AU|AU-422|2022,-0.015193019133245667,-0.23914496371431593
GROUP_complete,combined_kd,CY-Bench_wheat_AU|AU-422|2023,-0.04630318623967844,-0.638314507649258
GROUP_complete,combined_kd,CY-Bench_wheat_AU|AU-431|2001,0.08163343179926869,0.8716446718482556
GROUP_complete,combined_kd,CY-Bench_wheat_AU|AU-431|2002,-0.00023226372200946255,-0.06382540629374223
GROUP_complete,combined_kd,CY-Bench_wheat_AU|AU-431|2003,0.07487721312989881,0.9154693803944078
GROUP_complete,combined_kd,CY-Bench_wheat_AU|AU-431|2004,0.002806313413853123,0.0030240248698159
GROUP_complete,combined_kd,CY-Bench_wheat_AU|AU-431|2005,0.0525726234816018,0.5829892653426629
GROUP_complete,combined_kd,CY-Bench_wheat_AU|AU-431|2006,0.0668272251944545,1.0101260013547653
GROUP_complete,combined_kd,CY-Bench_wheat_AU|AU-431|2007,-0.007492294440875846,-0.09532730860648053
GROUP_complete,combined_kd,CY-Bench_wheat_AU|AU-431|2008,0.030859938018403643,0.40288739146830466
GROUP_complete,combined_kd,CY-Bench_wheat_AU|AU-431|2009,0.051429900930329064,0.7451301758869868
GROUP_complete,combined_kd,CY-Bench_wheat_AU|AU-431|2010,0.09859482112624357,1.2321305197225816
GROUP_complete,combined_kd,CY-Bench_wheat_AU|AU-431|2011,0.04069526047188393,0.5487804343871976
GROUP_complete,combined_kd,CY-Bench_wheat_AU|AU-431|2012,0.018816377898157655,0.2017582684730126
GROUP_complete,combined_kd,CY-Bench_wheat_AU|AU-431|2013,-0.01628765852221642,-0.20538239861014418
GROUP_complete,combined_kd,CY-Bench_wheat_AU|AU-431|2014,-0.0028307569902027985,-0.0597076338621112
GROUP_complete,combined_kd,CY-Bench_wheat_AU|AU-431|2015,-0.028501693040091203,-0.40756915729787524
GROUP_complete,combined_kd,CY-Bench_wheat_AU|AU-431|2016,0.10566443217516253,1.264090480571553
GROUP_complete,combined_kd,CY-Bench_wheat_AU|AU-431|2017,-0.026353882574586207,-0.23271740555902287
GROUP_complete,combined_kd,CY-Bench_wheat_AU|AU-431|2018,0.01236399976525282,0.13684262547189352
GROUP_complete,combined_kd,CY-Bench_wheat_AU|AU-431|2019,0.02693375403180498,0.3144246133720219
GROUP_complete,combined_kd,CY-Bench_wheat_AU|AU-431|2020,0.019420247294621384,0.2574801008432379
GROUP_complete,combined_kd,CY-Bench_wheat_AU|AU-431|2021,-0.00812480144644745,-0.1804467524580904
GROUP_complete,combined_kd,CY-Bench_wheat_AU|AU-431|2022,0.1235643003439017,1.548862216381501
GROUP_complete,combined_kd,CY-Bench_wheat_AU|AU-431|2023,0.05588244921758512,0.7857748658028108
GROUP_complete,combined_kd,CY-Bench_wheat_AU|AU-521|2001,0.056560289408062236,0.5796068172769999
GROUP_complete,combined_kd,CY-Bench_wheat_AU|AU-521|2002,-0.04232300386866494,-0.4672779176932478
GROUP_complete,combined_kd,CY-Bench_wheat_AU|AU-521|2003,0.019584271086093064,0.1730095012973245
GROUP_complete,combined_kd,CY-Bench_wheat_AU|AU-521|2004,0.06071514249549326,0.6494251826982076
GROUP_complete,combined_kd,CY-Bench_wheat_AU|AU-521|2005,0.01921562783421915,0.19023210664806012
GROUP_complete,combined_kd,CY-Bench_wheat_AU|AU-521|2006,0.008458999150124491,0.09835740971000018
GROUP_complete,combined_kd,CY-Bench_wheat_AU|AU-521|2007,0.06982160940016824,0.7429027994609365
GROUP_complete,combined_kd,CY-Bench_wheat_AU|AU-521|2008,0.030208740174962556,0.3249489875351603
GROUP_complete,combined_kd,CY-Bench_wheat_AU|AU-521|2009,0.07817236775984537,0.6838907487028076
GROUP_complete,combined_kd,CY-Bench_wheat_AU|AU-521|2010,0.022392400049842998,0.33712209723372677
GROUP_complete,combined_kd,CY-Bench_wheat_AU|AU-521|2011,0.09577172892365926,0.898516540380101
GROUP_complete,combined_kd,CY-Bench_wheat_AU|AU-521|2012,0.044197640006364836,0.4969856093110163
GROUP_complete,combined_kd,CY-Bench_wheat_AU|AU-521|2013,0.17779129885168315,1.4753449709153545
GROUP_complete,combined_kd,CY-Bench_wheat_AU|AU-521|2014,0.229551924437718,1.8957489037809099
GROUP_complete,combined_kd,CY-Bench_wheat_AU|AU-521|2015,0.09824085309674169,1.0440956705691535
GROUP_complete,combined_kd,CY-Bench_wheat_AU|AU-521|2016,-0.018242871750652534,-0.19884152862845017
GROUP_complete,combined_kd,CY-Bench_wheat_AU|AU-521|2017,0.14155892416197352,1.12686284681967
GROUP_complete,combined_kd,CY-Bench_wheat_AU|AU-521|2018,0.09761082315900416,0.8545791525462731
GROUP_complete,combined_kd,CY-Bench_wheat_AU|AU-521|2019,-0.28721959674741326,-3.6827266419155618
GROUP_complete,combined_kd,CY-Bench_wheat_AU|AU-521|2020,0.0588326953771251,0.5159540418178015
GROUP_complete,combined_kd,CY-Bench_wheat_AU|AU-521|2021,0.09200865913769563,0.8440393234105219
GROUP_complete,combined_kd,CY-Bench_wheat_AU|AU-521|2022,0.04784863486595359,0.4875489600616154
GROUP_complete,combined_kd,CY-Bench_wheat_AU|AU-521|2023,0.0437323453824231,0.6553669885935154
GROUP_complete,combined_kd,CY-Bench_wheat_AU|AU-522|2001,0.013933735416995718,0.17231222910537713
GROUP_complete,combined_kd,CY-Bench_wheat_AU|AU-522|2002,0.07266075226764868,0.8196610356820404
GROUP_complete,combined_kd,CY-Bench_wheat_AU|AU-522|2003,0.07925494343543593,1.1251281732563791
GROUP_complete,combined_kd,CY-Bench_wheat_AU|AU-522|2004,0.0975453586798799,1.2879571139513892
GROUP_complete,combined_kd,CY-Bench_wheat_AU|AU-522|2005,0.155767956290347,1.8489933175763609
GROUP_complete,combined_kd,CY-Bench_wheat_AU|AU-522|2006,0.0949315545024697,1.0406574485471483
GROUP_complete,combined_kd,CY-Bench_wheat_AU|AU-522|2007,0.09772549639784422,1.25873628261854
GROUP_complete,combined_kd,CY-Bench_wheat_AU|AU-522|2008,0.13547536773657487,1.780003529556062
GROUP_complete,combined_kd,CY-Bench_wheat_AU|AU-522|2009,0.10517366439215325,1.3597962195743936
GROUP_complete,combined_kd,CY-Bench_wheat_AU|AU-522|2010,-0.010950816827676402,-0.13217473213011566
GROUP_complete,combined_kd,CY-Bench_wheat_AU|AU-522|2011,0.11389980888140738,1.3296314908578166
GROUP_complete,combined_kd,CY-Bench_wheat_AU|AU-522|2012,0.005070393771712811,0.0629137711803498
GROUP_complete,combined_kd,CY-Bench_wheat_AU|AU-522|2013,0.04957938612757229,0.6600904379665069
GROUP_complete,combined_kd,CY-Bench_wheat_AU|AU-522|2014,-0.01015627480583603,-0.1333051771469833
GROUP_complete,combined_kd,CY-Bench_wheat_AU|AU-522|2015,0.007693900793779185,0.09756452652064951
GROUP_complete,combined_kd,CY-Bench_wheat_AU|AU-522|2016,0.10804728530943675,1.3217131442231267
GROUP_complete,combined_kd,CY-Bench_wheat_AU|AU-522|2017,0.08838869235122426,1.1483073464162992
GROUP_complete,combined_kd,CY-Bench_wheat_AU|AU-522|2018,0.11231801283254816,1.5119674232212121
GROUP_complete,combined_kd,CY-Bench_wheat_AU|AU-522|2019,-0.06303724035559255,-0.861583448635832
GROUP_complete,combined_kd,CY-Bench_wheat_AU|AU-522|2020,0.08994467281942409,1.176580797291753
GROUP_complete,combined_kd,CY-Bench_wheat_AU|AU-522|2021,0.24290818062827024,2.8832368869487417
GROUP_complete,combined_kd,CY-Bench_wheat_AU|AU-522|2022,0.3175826849200579,3.5139352108402218
GROUP_complete,combined_kd,CY-Bench_wheat_AU|AU-522|2023,0.04450323143128532,0.5878599509618248
GROUP_complete,missing_aware,CY-Bench_wheat_AU|AU-111|2001,0.05004585757993529,0.7955058912073278
GROUP_complete,missing_aware,CY-Bench_wheat_AU|AU-111|2002,-0.08716643703422966,-0.9677218964977641
GROUP_complete,missing_aware,CY-Bench_wheat_AU|AU-111|2003,0.02794020028551869,0.42791772631553027
GROUP_complete,missing_aware,CY-Bench_wheat_AU|AU-111|2004,0.0863926793833596,1.26033571377486
GROUP_complete,missing_aware,CY-Bench_wheat_AU|AU-111|2005,0.03483309748435459,0.542147385049697
GROUP_complete,missing_aware,CY-Bench_wheat_AU|AU-111|2006,0.0010384507198837323,0.014481252587773774
GROUP_complete,missing_aware,CY-Bench_wheat_AU|AU-111|2007,0.015985370779329267,0.20711619093824307
GROUP_complete,missing_aware,CY-Bench_wheat_AU|AU-111|2008,0.024524751618796414,0.37299829385165584
GROUP_complete,missing_aware,CY-Bench_wheat_AU|AU-111|2009,-0.0837137835181917,-1.0237231540782803
GROUP_complete,missing_aware,CY-Bench_wheat_AU|AU-111|2010,0.003897999635966487,0.04985423540752887
GROUP_complete,missing_aware,CY-Bench_wheat_AU|AU-111|2011,0.15097025889059557,2.077312344029072
GROUP_complete,missing_aware,CY-Bench_wheat_AU|AU-111|2012,-0.07290707002708263,-0.9766373506404893
GROUP_complete,missing_aware,CY-Bench_wheat_AU|AU-111|2013,-0.06266259743647473,-0.8489993028621186
GROUP_complete,missing_aware,CY-Bench_wheat_AU|AU-111|2014,-0.027982446454783316,-0.376011758609037
GROUP_complete,missing_aware,CY-Bench_wheat_AU|AU-111|2015,0.07509542697882032,1.0702201450912021
GROUP_complete,missing_aware,CY-Bench_wheat_AU|AU-111|2016,0.08332675623999264,1.266304277701713
GROUP_complete,missing_aware,CY-Bench_wheat_AU|AU-111|2017,0.17981027621872525,2.3531464856788835
GROUP_complete,missing_aware,CY-Bench_wheat_AU|AU-111|2018,-0.0023937346712367136,-0.033607244296816496
GROUP_complete,missing_aware,CY-Bench_wheat_AU|AU-111|2019,-0.005335614012819345,-0.06879591875562863
GROUP_complete,missing_aware,CY-Bench_wheat_AU|AU-111|2020,0.23533250059290445,2.8338651044901244
GROUP_complete,missing_aware,CY-Bench_wheat_AU|AU-111|2021,-0.0196596312920303,-0.29993013718284356
GROUP_complete,missing_aware,CY-Bench_wheat_AU|AU-111|2022,-0.0259437049195943,-0.3449109950781324
GROUP_complete,missing_aware,CY-Bench_wheat_AU|AU-111|2023,-0.02841753904951394,-0.4028135921804443
GROUP_complete,missing_aware,CY-Bench_wheat_AU|AU-123|2001,0.12717346464777035,1.7162076273556588
GROUP_complete,missing_aware,CY-Bench_wheat_AU|AU-123|2002,-0.08278867583970151,-1.1947211539564293
GROUP_complete,missing_aware,CY-Bench_wheat_AU|AU-123|2003,0.08386265050050723,1.1815635778763989
GROUP_complete,missing_aware,CY-Bench_wheat_AU|AU-123|2004,0.020982594755346362,0.28193037381931507
GROUP_complete,missing_aware,CY-Bench_wheat_AU|AU-123|2005,0.06154491659733252,0.8648328338321116
GROUP_complete,missing_aware,CY-Bench_wheat_AU|AU-123|2006,0.015888947171784573,0.27269734482710106
GROUP_complete,missing_aware,CY-Bench_wheat_AU|AU-123|2007,0.060885433146175116,0.8717528045512379
GROUP_complete,missing_aware,CY-Bench_wheat_AU|AU-123|2008,0.11464256687435093,1.6522189086317365
GROUP_complete,missing_aware,CY-Bench_wheat_AU|AU-123|2009,0.07690174205431533,1.0924413694973882
GROUP_complete,missing_aware,CY-Bench_wheat_AU|AU-123|2010,-0.014699302534244785,-0.19771796711593748
GROUP_complete,missing_aware,CY-Bench_wheat_AU|AU-123|2011,0.1075289500944897,1.5300752865748617
GROUP_complete,missing_aware,CY-Bench_wheat_AU|AU-123|2012,0.04148284319783746,0.6508232808100312
GROUP_complete,missing_aware,CY-Bench_wheat_AU|AU-123|2013,0.12134932566775869,1.8061998274727866
GROUP_complete,missing_aware,CY-Bench_wheat_AU|AU-123|2014,0.17603278396297073,2.386150832885539
GROUP_complete,missing_aware,CY-Bench_wheat_AU|AU-123|2015,0.0922022257442604,1.2872493834429894
GROUP_complete,missing_aware,CY-Bench_wheat_AU|AU-123|2016,-0.0336215031381355,-0.4478469391477695
GROUP_complete,missing_aware,CY-Bench_wheat_AU|AU-123|2017,0.06613846696321235,1.0176646406205565
GROUP_complete,missing_aware,CY-Bench_wheat_AU|AU-123|2018,0.05855921590387514,0.8709737021959771
GROUP_complete,missing_aware,CY-Bench_wheat_AU|AU-123|2019,0.05119308145900736,0.7698245353564106
GROUP_complete,missing_aware,CY-Bench_wheat_AU|AU-123|2020,0.003649963900483666,0.04839767994563715
GROUP_complete,missing_aware,CY-Bench_wheat_AU|AU-123|2021,0.036209857364623455,0.5260907469239964
GROUP_complete,missing_aware,CY-Bench_wheat_AU|AU-123|2022,0.018661262046575477,0.2674220685782611
GROUP_complete,missing_aware,CY-Bench_wheat_AU|AU-123|2023,0.12856899094367547,1.72335601876269
GROUP_complete,missing_aware,CY-Bench_wheat_AU|AU-222|2001,0.17850136303684117,2.340366505732608
GROUP_complete,missing_aware,CY-Bench_wheat_AU|AU-222|2002,-0.03637904501008549,-0.502407703642139
GROUP_complete,missing_aware,CY-Bench_wheat_AU|AU-222|2003,0.04436464382154359,0.6105157824576759
GROUP_complete,missing_aware,CY-Bench_wheat_AU|AU-222|2004,0.133893963392256,1.8353730062788962
GROUP_complete,missing_aware,CY-Bench_wheat_AU|AU-222|2005,0.13242739789493074,1.738505807202542
GROUP_complete,missing_aware,CY-Bench_wheat_AU|AU-222|2006,0.0076434296797078805,0.12224108787136956
GROUP_complete,missing_aware,CY-Bench_wheat_AU|AU-222|2007,-0.055819663439997,-0.679028324089872
GROUP_complete,missing_aware,CY-Bench_wheat_AU|AU-222|2008,0.05776889745873259,0.7969492995252674
GROUP_complete,missing_aware,CY-Bench_wheat_AU|AU-222|2009,-0.04012287949477633,-0.5412111819106098
GROUP_complete,missing_aware,CY-Bench_wheat_AU|AU-222|2010,0.11919922301672536,1.6450059683064602
GROUP_complete,missing_aware,CY-Bench_wheat_AU|AU-222|2011,0.06007972525254035,0.8403129591863205
GROUP_complete,missing_aware,CY-Bench_wheat_AU|AU-222|2012,0.03177755923334902,0.42127168680713467
GROUP_complete,missing_aware,CY-Bench_wheat_AU|AU-222|2013,0.11660204342491853,1.5980949732415093
GROUP_complete,missing_aware,CY-Bench_wheat_AU|AU-222|2014,0.028622793041235606,0.401691950400747
GROUP_complete,missing_aware,CY-Bench_wheat_AU|AU-222|2015,0.006422351345729216,0.0838761013200564
GROUP_complete,missing_aware,CY-Bench_wheat_AU|AU-222|2016,0.20225916310460812,2.714995015860077
GROUP_complete,missing_aware,CY-Bench_wheat_AU|AU-222|2017,0.014226846185949271,0.19527521151069394
GROUP_complete,missing_aware,CY-Bench_wheat_AU|AU-222|2018,0.01777724306067041,0.24031661636910862
GROUP_complete,missing_aware,CY-Bench_wheat_AU|AU-222|2019,-0.03709822474016511,-0.5204776449539041
GROUP_complete,missing_aware,CY-Bench_wheat_AU|AU-222|2020,0.08784650789569293,1.226905712774247
GROUP_complete,missing_aware,CY-Bench_wheat_AU|AU-222|2021,0.11572569940367938,1.5284631995223146
GROUP_complete,missing_aware,CY-Bench_wheat_AU|AU-222|2022,0.005731865338444275,0.08306619950751237
GROUP_complete,missing_aware,CY-Bench_wheat_AU|AU-222|2023,0.031313371106954535,0.3894950657591494
GROUP_complete,missing_aware,CY-Bench_wheat_AU|AU-231|2001,0.04405231262319298,0.5843690881090806
GROUP_complete,missing_aware,CY-Bench_wheat_AU|AU-231|2002,0.20095944373523267,2.420577339208733
GROUP_complete,missing_aware,CY-Bench_wheat_AU|AU-231|2003,0.02528232642156425,0.3249935682266827
GROUP_complete,missing_aware,CY-Bench_wheat_AU|AU-231|2004,0.040789894113885006,0.556092622136485
GROUP_complete,missing_aware,CY-Bench_wheat_AU|AU-231|2005,0.030156487570314527,0.3770151328518505
GROUP_complete,missing_aware,CY-Bench_wheat_AU|AU-231|2006,0.10401472689568614,1.3662387136049832
GROUP_complete,missing_aware,CY-Bench_wheat_AU|AU-231|2007,0.08996557637664093,1.1661241641582638
GROUP_complete,missing_aware,CY-Bench_wheat_AU|AU-231|2008,0.16757749483221207,2.0300913877466567
GROUP_complete,missing_aware,CY-Bench_wheat_AU|AU-231|2009,-0.07005069537755249,-1.006957116121601
GROUP_complete,missing_aware,CY-Bench_wheat_AU|AU-231|2010,0.12011703682791708,1.518399761146335
GROUP_complete,missing_aware,CY-Bench_wheat_AU|AU-231|2011,0.05889936997780998,0.8327269361460852
GROUP_complete,missing_aware,CY-Bench_wheat_AU|AU-231|2012,0.18171386190304017,2.0393068453426353
GROUP_complete,missing_aware,CY-Bench_wheat_AU|AU-231|2013,0.07587130830865874,1.0272630161914824
GROUP_complete,missing_aware,CY-Bench_wheat_AU|AU-231|2014,0.07695001213657382,1.0752077648298357
GROUP_complete,missing_aware,CY-Bench_wheat_AU|AU-231|2015,0.18549338208466393,2.4069792016140337
GROUP_complete,missing_aware,CY-Bench_wheat_AU|AU-231|2016,0.11913833207910907,1.6050142328124428
GROUP_complete,missing_aware,CY-Bench_wheat_AU|AU-231|2017,-0.03357173409251346,-0.46783707469693514
GROUP_complete,missing_aware,CY-Bench_wheat_AU|AU-231|2018,0.23102677509780267,2.7508184214289124
GROUP_complete,missing_aware,CY-Bench_wheat_AU|AU-231|2019,0.23358014128505034,2.5707469261510156
GROUP_complete,missing_aware,CY-Bench_wheat_AU|AU-231|2020,0.08790491768707898,1.1663869249948542
GROUP_complete,missing_aware,CY-Bench_wheat_AU|AU-231|2021,0.016865538238132527,0.23341857629212015
GROUP_complete,missing_aware,CY-Bench_wheat_AU|AU-231|2022,0.028426367180812373,0.36734511513364065
GROUP_complete,missing_aware,CY-Bench_wheat_AU|AU-231|2023,0.07957243149312931,1.0318198703817458
GROUP_complete,missing_aware,CY-Bench_wheat_AU|AU-312|2003,-0.08728291302913715,-1.4026016707459235
GROUP_complete,missing_aware,CY-Bench_wheat_AU|AU-312|2009,-0.0958986692245487,-1.5268964472349253
GROUP_complete,missing_aware,CY-Bench_wheat_AU|AU-322|2001,0.1099370755391269,1.8016751858075484
GROUP_complete,missing_aware,CY-Bench_wheat_AU|AU-322|2002,0.13870223180103136,2.193064953851569
GROUP_complete,missing_aware,CY-Bench_wheat_AU|AU-322|2003,0.10923419293669223,1.6076265492738289
GROUP_complete,missing_aware,CY-Bench_wheat_AU|AU-322|2004,0.10974798912420625,1.670490271932417
GROUP_complete,missing_aware,CY-Bench_wheat_AU|AU-322|2005,0.15148474142497625,2.2318914261944798
GROUP_complete,missing_aware,CY-Bench_wheat_AU|AU-322|2006,0.11198699602738171,1.6631751651740787
GROUP_complete,missing_aware,CY-Bench_wheat_AU|AU-322|2007,0.17347629067782055,2.543375877555401
GROUP_complete,missing_aware,CY-Bench_wheat_AU|AU-322|2008,0.13050997017541843,2.0237320280923665
GROUP_complete,missing_aware,CY-Bench_wheat_AU|AU-322|2009,0.0214164049402521,0.3389677083813485
GROUP_complete,missing_aware,CY-Bench_wheat_AU|AU-322|2010,0.000538064419285833,0.0067565882435483005
GROUP_complete,missing_aware,CY-Bench_wheat_AU|AU-322|2011,0.08088136111917854,1.397531275246755
GROUP_complete,missing_aware,CY-Bench_wheat_AU|AU-322|2012,0.11059302850315411,1.7064723129658068
GROUP_complete,missing_aware,CY-Bench_wheat_AU|AU-322|2013,0.11715268420222846,1.9382742055527107
GROUP_complete,missing_aware,CY-Bench_wheat_AU|AU-322|2014,0.12328277214399808,1.9368032549593268
GROUP_complete,missing_aware,CY-Bench_wheat_AU|AU-322|2015,0.12772720808962834,1.7566791944096822
GROUP_complete,missing_aware,CY-Bench_wheat_AU|AU-322|2016,0.1298844560989424,2.004159707180597
GROUP_complete,missing_aware,CY-Bench_wheat_AU|AU-322|2017,0.11026812793817775,1.6207984224612124
GROUP_complete,missing_aware,CY-Bench_wheat_AU|AU-322|2018,0.10079977667140838,1.3976298151417756
GROUP_complete,missing_aware,CY-Bench_wheat_AU|AU-322|2019,-0.013902259219218838,-0.2070562117775161
GROUP_complete,missing_aware,CY-Bench_wheat_AU|AU-322|2020,0.08898355143956038,1.3226163731049203
GROUP_complete,missing_aware,CY-Bench_wheat_AU|AU-322|2021,0.09742360887851254,1.6471095227683863
GROUP_complete,missing_aware,CY-Bench_wheat_AU|AU-322|2022,0.004854321585367138,0.07792342229416516
GROUP_complete,missing_aware,CY-Bench_wheat_AU|AU-322|2023,0.06753628235105924,0.9960799511474026
GROUP_complete,missing_aware,CY-Bench_wheat_AU|AU-331|2001,0.174076246397448,2.5208435138353504
GROUP_complete,missing_aware,CY-Bench_wheat_AU|AU-331|2002,0.1474852356291051,2.41408032874663
GROUP_complete,missing_aware,CY-Bench_wheat_AU|AU-331|2003,0.15930227484849924,2.1755585888126614
GROUP_complete,missing_aware,CY-Bench_wheat_AU|AU-331|2004,0.16969749907506082,2.420121690825791
GROUP_complete,missing_aware,CY-Bench_wheat_AU|AU-331|2005,0.10215825317046012,1.5216724048505377
GROUP_complete,missing_aware,CY-Bench_wheat_AU|AU-331|2006,0.11262965356198396,1.6438990232526773
GROUP_complete,missing_aware,CY-Bench_wheat_AU|AU-331|2007,0.19588230193613032,2.60169106058639
GROUP_complete,missing_aware,CY-Bench_wheat_AU|AU-331|2008,0.1901875367218212,2.6736002197798117
GROUP_complete,missing_aware,CY-Bench_wheat_AU|AU-331|2009,0.099181849756243,1.6026725872064507
GROUP_complete,missing_aware,CY-Bench_wheat_AU|AU-331|2010,0.04035535250647304,0.6504411541523565
GROUP_complete,missing_aware,CY-Bench_wheat_AU|AU-331|2011,0.18253335408247806,2.1640204893050354
GROUP_complete,missing_aware,CY-Bench_wheat_AU|AU-331|2012,0.1501373074013279,1.8788022132051188
GROUP_complete,missing_aware,CY-Bench_wheat_AU|AU-331|2013,0.11552853864319124,1.7966211445095555
GROUP_complete,missing_aware,CY-Bench_wheat_AU|AU-331|2014,0.18405471633223192,2.604751876101779
GROUP_complete,missing_aware,CY-Bench_wheat_AU|AU-331|2015,0.15132874608560387,2.0162961994187922
GROUP_complete,missing_aware,CY-Bench_wheat_AU|AU-331|2016,0.16061602272546127,2.2785270254250607
GROUP_complete,missing_aware,CY-Bench_wheat_AU|AU-331|2017,0.12262596800712278,1.844481442150105
GROUP_complete,missing_aware,CY-Bench_wheat_AU|AU-331|2018,0.07073487649880406,1.008142341253241
GROUP_complete,missing_aware,CY-Bench_wheat_AU|AU-331|2019,0.06119060784829389,1.0000349201966081
GROUP_complete,missing_aware,CY-Bench_wheat_AU|AU-331|2020,0.11182318798866353,1.7528554853395004
GROUP_complete,missing_aware,CY-Bench_wheat_AU|AU-331|2021,0.1350945742897659,1.9457471778817004
GROUP_complete,missing_aware,CY-Bench_wheat_AU|AU-331|2022,0.1405229689561157,1.8295125351724515
GROUP_complete,missing_aware,CY-Bench_wheat_AU|AU-331|2023,0.13125294739763338,1.999075377592293
GROUP_complete,missing_aware,CY-Bench_wheat_AU|AU-332|2015,-0.06994350435964791,-0.8758273666285739
GROUP_complete,missing_aware,CY-Bench_wheat_AU|AU-411|2001,0.1488001231270305,2.3872262781537383
GROUP_complete,missing_aware,CY-Bench_wheat_AU|AU-411|2002,-0.0006277160590513198,-0.01023711046139475
GROUP_complete,missing_aware,CY-Bench_wheat_AU|AU-411|2003,0.04516483342017319,0.60296927478164
GROUP_complete,missing_aware,CY-Bench_wheat_AU|AU-411|2004,0.03302845490109396,0.47369848268110193
GROUP_complete,missing_aware,CY-Bench_wheat_AU|AU-411|2005,0.11723777808000435,1.925003560598645
GROUP_complete,missing_aware,CY-Bench_wheat_AU|AU-411|2006,-0.032164101432088255,-0.5168525235396189
GROUP_complete,missing_aware,CY-Bench_wheat_AU|AU-411|2007,0.028431756613212955,0.44983643609561774
GROUP_complete,missing_aware,CY-Bench_wheat_AU|AU-411|2008,0.0812256772745501,1.24107695281901
GROUP_complete,missing_aware,CY-Bench_wheat_AU|AU-411|2009,-0.03503364601907777,-0.5996149626982819
GROUP_complete,missing_aware,CY-Bench_wheat_AU|AU-411|2010,0.10296921748880838,1.5583725976825447
GROUP_complete,missing_aware,CY-Bench_wheat_AU|AU-411|2011,0.01877925167734229,0.3148041492271334
GROUP_complete,missing_aware,CY-Bench_wheat_AU|AU-411|2012,0.005247016561258588,0.0854368010014408
GROUP_complete,missing_aware,CY-Bench_wheat_AU|AU-411|2013,-0.06329228365639095,-1.0337917980062246
GROUP_complete,missing_aware,CY-Bench_wheat_AU|AU-411|2014,0.06141669502632152,0.937282101317817
GROUP_complete,missing_aware,CY-Bench_wheat_AU|AU-411|2015,0.02380393139544934,0.3974599881138019
GROUP_complete,missing_aware,CY-Bench_wheat_AU|AU-411|2016,0.13434247829855506,1.9701305327742507
GROUP_complete,missing_aware,CY-Bench_wheat_AU|AU-411|2017,0.04898113873781196,0.781610801161631
GROUP_complete,missing_aware,CY-Bench_wheat_AU|AU-411|2018,0.002730397333939205,0.0432790604631732
GROUP_complete,missing_aware,CY-Bench_wheat_AU|AU-411|2019,0.05169729395266842,0.8237309772241117
GROUP_complete,missing_aware,CY-Bench_wheat_AU|AU-411|2020,0.00819031284743732,0.13523996880731914
GROUP_complete,missing_aware,CY-Bench_wheat_AU|AU-411|2021,0.11297756023937411,1.794622988963516
GROUP_complete,missing_aware,CY-Bench_wheat_AU|AU-411|2022,0.14960994426131746,2.352864027473524
GROUP_complete,missing_aware,CY-Bench_wheat_AU|AU-411|2023,-0.010903040356675109,-0.1630663643919945
GROUP_complete,missing_aware,CY-Bench_wheat_AU|AU-421|2001,0.09281435414698769,1.0065081794115907
GROUP_complete,missing_aware,CY-Bench_wheat_AU|AU-421|2002,0.056126286778676704,0.8240942985196531
GROUP_complete,missing_aware,CY-Bench_wheat_AU|AU-421|2003,0.2046397334457679,2.0760790921007897
GROUP_complete,missing_aware,CY-Bench_wheat_AU|AU-421|2004,0.1290425420960174,1.583795071592097
GROUP_complete,missing_aware,CY-Bench_wheat_AU|AU-421|2005,0.1921321096475983,1.701953588151345
GROUP_complete,missing_aware,CY-Bench_wheat_AU|AU-421|2006,0.12716676341839983,1.6455597594214888
GROUP_complete,missing_aware,CY-Bench_wheat_AU|AU-421|2007,-0.024486886636708838,-0.3759047165672973
GROUP_complete,missing_aware,CY-Bench_wheat_AU|AU-421|2008,0.15934057726192874,2.1957312502868156
GROUP_complete,missing_aware,CY-Bench_wheat_AU|AU-421|2009,0.08135697583558865,1.1697135607725508
GROUP_complete,missing_aware,CY-Bench_wheat_AU|AU-421|2010,0.09744394781052457,1.1071288785812872
GROUP_complete,missing_aware,CY-Bench_wheat_AU|AU-421|2011,0.21468977711357573,2.129283016889037
GROUP_complete,missing_aware,CY-Bench_wheat_AU|AU-421|2012,-0.007223092067435322,-0.11806353325771646
GROUP_complete,missing_aware,CY-Bench_wheat_AU|AU-421|2013,0.05849555581201682,0.6972142886721038
GROUP_complete,missing_aware,CY-Bench_wheat_AU|AU-421|2014,0.052629378415467,0.8795382250945583
GROUP_complete,missing_aware,CY-Bench_wheat_AU|AU-421|2015,-0.013566254164898317,-0.18994393045614277
GROUP_complete,missing_aware,CY-Bench_wheat_AU|AU-421|2016,0.14626517508933679,1.7925804747794665
GROUP_complete,missing_aware,CY-Bench_wheat_AU|AU-421|2017,0.07524114486822275,0.8830238479025665
GROUP_complete,missing_aware,CY-Bench_wheat_AU|AU-421|2018,0.17787080893160356,2.2824122505917934
GROUP_complete,missing_aware,CY-Bench_wheat_AU|AU-421|2019,0.03424264051998127,0.5867966043317772
GROUP_complete,missing_aware,CY-Bench_wheat_AU|AU-421|2020,0.053334673460151194,0.7282520415672291
GROUP_complete,missing_aware,CY-Bench_wheat_AU|AU-421|2021,0.14975484411494366,1.4439940415425538
GROUP_complete,missing_aware,CY-Bench_wheat_AU|AU-421|2022,0.10758238119891395,1.1424989205416995
GROUP_complete,missing_aware,CY-Bench_wheat_AU|AU-421|2023,0.020233238688131983,0.2524502589171469
GROUP_complete,missing_aware,CY-Bench_wheat_AU|AU-422|2001,-0.02028218798380832,-0.30327036224345694
GROUP_complete,missing_aware,CY-Bench_wheat_AU|AU-422|2002,-0.022538004934775424,-0.2894742683213982
GROUP_complete,missing_aware,CY-Bench_wheat_AU|AU-422|2003,0.012260243572082441,0.16298353343314265
GROUP_complete,missing_aware,CY-Bench_wheat_AU|AU-422|2004,0.026587912459975938,0.3457836759351869
GROUP_complete,missing_aware,CY-Bench_wheat_AU|AU-422|2005,-0.005292870186704768,-0.07474043840282985
GROUP_complete,missing_aware,CY-Bench_wheat_AU|AU-422|2006,-0.14448584773223738,-1.9237439538708463
GROUP_complete,missing_aware,CY-Bench_wheat_AU|AU-422|2007,0.007015018296040454,0.10090941737750292
GROUP_complete,missing_aware,CY-Bench_wheat_AU|AU-422|2008,-0.02563331193501084,-0.3378254724911267
GROUP_complete,missing_aware,CY-Bench_wheat_AU|AU-422|2009,0.044729183798398076,0.6045880023490255
GROUP_complete,missing_aware,CY-Bench_wheat_AU|AU-422|2010,0.02311025910259301,0.35516537424173755
GROUP_complete,missing_aware,CY-Bench_wheat_AU|AU-422|2011,0.04950248202810881,0.6734890565642093
GROUP_complete,missing_aware,CY-Bench_wheat_AU|AU-422|2012,0.009957682393707534,0.12882991321379755
GROUP_complete,missing_aware,CY-Bench_wheat_AU|AU-422|2013,0.059972589403387344,0.8200080701242252
GROUP_complete,missing_aware,CY-Bench_wheat_AU|AU-422|2014,0.022540369861017484,0.31083617984992884
GROUP_complete,missing_aware,CY-Bench_wheat_AU|AU-422|2015,0.01921603914843295,0.25232843335076893
GROUP_complete,missing_aware,CY-Bench_wheat_AU|AU-422|2016,0.02051647905536169,0.31346710779308307
GROUP_complete,missing_aware,CY-Bench_wheat_AU|AU-422|2017,0.030112497078587763,0.3965997894460722
GROUP_complete,missing_aware,CY-Bench_wheat_AU|AU-422|2018,0.032597406134677875,0.4240261789174644
GROUP_complete,missing_aware,CY-Bench_wheat_AU|AU-422|2019,0.01865082994023981,0.2495169126213943
GROUP_complete,missing_aware,CY-Bench_wheat_AU|AU-422|2020,0.035491431819318464,0.4651271414476543
GROUP_complete,missing_aware,CY-Bench_wheat_AU|AU-422|2021,0.010291581834112273,0.14247907468613175
GROUP_complete,missing_aware,CY-Bench_wheat_AU|AU-422|2022,0.01386092054294319,0.22559656630550773
GROUP_complete,missing_aware,CY-Bench_wheat_AU|AU-422|2023,-0.017023618114275774,-0.24262615603038462
GROUP_complete,missing_aware,CY-Bench_wheat_AU|AU-431|2001,0.14361715166123484,1.7648897129128396
GROUP_complete,missing_aware,CY-Bench_wheat_AU|AU-431|2002,-0.03724689173701201,-0.5430906995136926
GROUP_complete,missing_aware,CY-Bench_wheat_AU|AU-431|2003,0.08475009880393164,1.0588872147125974
GROUP_complete,missing_aware,CY-Bench_wheat_AU|AU-431|2004,-0.05845981075023593,-0.7971453965851301
GROUP_complete,missing_aware,CY-Bench_wheat_AU|AU-431|2005,0.10068045511755008,1.26909119355761
GROUP_complete,missing_aware,CY-Bench_wheat_AU|AU-431|2006,0.0867447984349049,1.2706097964063563
GROUP_complete,missing_aware,CY-Bench_wheat_AU|AU-431|2007,-0.014101422907064232,-0.20593621222390013
GROUP_complete,missing_aware,CY-Bench_wheat_AU|AU-431|2008,-0.08141028196356892,-1.0651702477583944
GROUP_complete,missing_aware,CY-Bench_wheat_AU|AU-431|2009,-0.03693281073851806,-0.48011922186420986
GROUP_complete,missing_aware,CY-Bench_wheat_AU|AU-431|2010,0.10373771900148415,1.2347368452840892
GROUP_complete,missing_aware,CY-Bench_wheat_AU|AU-431|2011,-0.011780639590470099,-0.13763020479918975
GROUP_complete,missing_aware,CY-Bench_wheat_AU|AU-431|2012,-0.07313784502521342,-0.9948654435060753
GROUP_complete,missing_aware,CY-Bench_wheat_AU|AU-431|2013,-0.015716405472813888,-0.22160939617896114
GROUP_complete,missing_aware,CY-Bench_wheat_AU|AU-431|2014,0.03911964976248794,0.6023524189527092
GROUP_complete,missing_aware,CY-Bench_wheat_AU|AU-431|2015,0.020741968109805442,0.2950561105936327
GROUP_complete,missing_aware,CY-Bench_wheat_AU|AU-431|2016,0.17625243919874123,2.336837149621691
GROUP_complete,missing_aware,CY-Bench_wheat_AU|AU-431|2017,-0.1160744873309299,-1.4130337249531637
GROUP_complete,missing_aware,CY-Bench_wheat_AU|AU-431|2018,-0.049092843333064184,-0.6906596251971324
GROUP_complete,missing_aware,CY-Bench_wheat_AU|AU-431|2019,-0.06364330298407478,-0.8721023270374291
GROUP_complete,missing_aware,CY-Bench_wheat_AU|AU-431|2020,-0.025409450227184882,-0.3110754964342508
GROUP_complete,missing_aware,CY-Bench_wheat_AU|AU-431|2021,0.04600620306278558,0.5438719787597819
GROUP_complete,missing_aware,CY-Bench_wheat_AU|AU-431|2022,0.09882545588350816,1.1865243414376327
GROUP_complete,missing_aware,CY-Bench_wheat_AU|AU-431|2023,-0.051591371715906165,-0.6172870375602004
GROUP_complete,missing_aware,CY-Bench_wheat_AU|AU-521|2001,0.1242302249708751,1.3799294621718108
GROUP_complete,missing_aware,CY-Bench_wheat_AU|AU-521|2002,0.14495832074707693,1.993998735545647
GROUP_complete,missing_aware,CY-Bench_wheat_AU|AU-521|2003,0.13651892126903398,1.3853915723798456
GROUP_complete,missing_aware,CY-Bench_wheat_AU|AU-521|2004,0.0578569178374464,0.6167736104606645
GROUP_complete,missing_aware,CY-Bench_wheat_AU|AU-521|2005,0.058340131285887,0.6045746884341536
GROUP_complete,missing_aware,CY-Bench_wheat_AU|AU-521|2006,0.13250566788576879,1.7841124778631743
GROUP_complete,missing_aware,CY-Bench_wheat_AU|AU-521|2007,0.1681257256992038,2.0135817584536593
GROUP_complete,missing_aware,CY-Bench_wheat_AU|AU-521|2008,0.08145996887635132,0.9306820360436276
GROUP_complete,missing_aware,CY-Bench_wheat_AU|AU-521|2009,0.1639721288441215,1.590720010309178
GROUP_complete,missing_aware,CY-Bench_wheat_AU|AU-521|2010,0.037110142111737576,0.5683581302327738
GROUP_complete,missing_aware,CY-Bench_wheat_AU|AU-521|2011,0.20016678755522177,2.132239203095343
GROUP_complete,missing_aware,CY-Bench_wheat_AU|AU-521|2012,0.167278814846887,2.179817806556695
GROUP_complete,missing_aware,CY-Bench_wheat_AU|AU-521|2013,0.25058294796336983,2.2767201725319812
GROUP_complete,missing_aware,CY-Bench_wheat_AU|AU-521|2014,0.27513612022371237,2.4067687473451844
GROUP_complete,missing_aware,CY-Bench_wheat_AU|AU-521|2015,0.11776016312766902,1.2811804691967605
GROUP_complete,missing_aware,CY-Bench_wheat_AU|AU-521|2016,-0.0016318491993003725,-0.018128745355901366
GROUP_complete,missing_aware,CY-Bench_wheat_AU|AU-521|2017,0.26833021696717735,2.5000816755003634
GROUP_complete,missing_aware,CY-Bench_wheat_AU|AU-521|2018,0.18414741910093102,1.7907008924254488
GROUP_complete,missing_aware,CY-Bench_wheat_AU|AU-521|2019,0.0349542271361446,0.6379302976779933
GROUP_complete,missing_aware,CY-Bench_wheat_AU|AU-521|2020,0.1379049803380079,1.3292277308340799
GROUP_complete,missing_aware,CY-Bench_wheat_AU|AU-521|2021,0.15284157335633752,1.5087558535257086
GROUP_complete,missing_aware,CY-Bench_wheat_AU|AU-521|2022,0.09486290420395083,1.0218699480887974
GROUP_complete,missing_aware,CY-Bench_wheat_AU|AU-521|2023,0.013418100368256969,0.19411071360543986
GROUP_complete,missing_aware,CY-Bench_wheat_AU|AU-522|2001,0.07523167201746117,0.9995913024043404
GROUP_complete,missing_aware,CY-Bench_wheat_AU|AU-522|2002,-0.08787293062175672,-0.824435776549667
GROUP_complete,missing_aware,CY-Bench_wheat_AU|AU-522|2003,0.03514189795854783,0.47365304574459177
GROUP_complete,missing_aware,CY-Bench_wheat_AU|AU-522|2004,0.07374141912128074,0.9464842498068329
GROUP_complete,missing_aware,CY-Bench_wheat_AU|AU-522|2005,0.1397649906425632,1.6270513828164894
GROUP_complete,missing_aware,CY-Bench_wheat_AU|AU-522|2006,-0.014213145754731538,-0.1371419021030924
GROUP_complete,missing_aware,CY-Bench_wheat_AU|AU-522|2007,-0.10914152201303684,-1.1084337019398247
GROUP_complete,missing_aware,CY-Bench_wheat_AU|AU-522|2008,0.1343659372347461,1.763056863247325
GROUP_complete,missing_aware,CY-Bench_wheat_AU|AU-522|2009,0.1031406908189707,1.3302699510321414
GROUP_complete,missing_aware,CY-Bench_wheat_AU|AU-522|2010,-0.12648905926811183,-1.341245209617159
GROUP_complete,missing_aware,CY-Bench_wheat_AU|AU-522|2011,0.14166808198420833,1.7101898263627016
GROUP_complete,missing_aware,CY-Bench_wheat_AU|AU-522|2012,-0.13983115662471624,-1.4747860871885212
GROUP_complete,missing_aware,CY-Bench_wheat_AU|AU-522|2013,-0.0774007683068374,-0.891038155302275
GROUP_complete,missing_aware,CY-Bench_wheat_AU|AU-522|2014,-0.16458903592226515,-1.8192110852630994
GROUP_complete,missing_aware,CY-Bench_wheat_AU|AU-522|2015,-0.13879732544048862,-1.4932133663312839
GROUP_complete,missing_aware,CY-Bench_wheat_AU|AU-522|2016,0.11135317181322502,1.3675663246192773
GROUP_complete,missing_aware,CY-Bench_wheat_AU|AU-522|2017,-0.08773708467243502,-0.9306164870622196
GROUP_complete,missing_aware,CY-Bench_wheat_AU|AU-522|2018,0.0906172403409975,1.1885880148243144
GROUP_complete,missing_aware,CY-Bench_wheat_AU|AU-522|2019,-0.10395724746365764,-1.3575320783824782
GROUP_complete,missing_aware,CY-Bench_wheat_AU|AU-522|2020,-0.04298929422214526,-0.4818823765083131
GROUP_complete,missing_aware,CY-Bench_wheat_AU|AU-522|2021,0.1938184188312445,2.163915064759841
GROUP_complete,missing_aware,CY-Bench_wheat_AU|AU-522|2022,0.2583866535937803,2.6507077322807726
GROUP_complete,missing_aware,CY-Bench_wheat_AU|AU-522|2023,-0.13049119881854088,-1.4138677462246507
GROUP_complete,prediction_kd,CY-Bench_wheat_AU|AU-111|2001,0.014564938440311037,0.22213835152339811
GROUP_complete,prediction_kd,CY-Bench_wheat_AU|AU-111|2002,0.018185216088504763,0.22756139067071413
GROUP_complete,prediction_kd,CY-Bench_wheat_AU|AU-111|2003,0.028248172342746347,0.4327895468034839
GROUP_complete,prediction_kd,CY-Bench_wheat_AU|AU-111|2004,0.04350973870465247,0.60342052191635
GROUP_complete,prediction_kd,CY-Bench_wheat_AU|AU-111|2005,0.038703267000965935,0.6051113295257249
GROUP_complete,prediction_kd,CY-Bench_wheat_AU|AU-111|2006,-0.10863578430248788,-1.3387133706565502
GROUP_complete,prediction_kd,CY-Bench_wheat_AU|AU-111|2007,-0.006147237938233463,-0.07763975658294253
GROUP_complete,prediction_kd,CY-Bench_wheat_AU|AU-111|2008,-0.005868778578813849,-0.08617847169766168
GROUP_complete,prediction_kd,CY-Bench_wheat_AU|AU-111|2009,-0.03324002727560793,-0.4302468094498906
GROUP_complete,prediction_kd,CY-Bench_wheat_AU|AU-111|2010,0.03660042127151886,0.48621081765540364
GROUP_complete,prediction_kd,CY-Bench_wheat_AU|AU-111|2011,0.10508455142563367,1.367983529303439
GROUP_complete,prediction_kd,CY-Bench_wheat_AU|AU-111|2012,-0.12190755188459701,-1.5467107077949134
GROUP_complete,prediction_kd,CY-Bench_wheat_AU|AU-111|2013,-0.14420182871942466,-1.7853222628842769
GROUP_complete,prediction_kd,CY-Bench_wheat_AU|AU-111|2014,-0.10760262257803643,-1.3224024990280236
GROUP_complete,prediction_kd,CY-Bench_wheat_AU|AU-111|2015,0.020613961855899365,0.2756006428956468
GROUP_complete,prediction_kd,CY-Bench_wheat_AU|AU-111|2016,0.014828728216443099,0.20795225687219698
GROUP_complete,prediction_kd,CY-Bench_wheat_AU|AU-111|2017,0.1020180537600015,1.214831156870063
GROUP_complete,prediction_kd,CY-Bench_wheat_AU|AU-111|2018,-0.12285081431069067,-1.5064435129548475
GROUP_complete,prediction_kd,CY-Bench_wheat_AU|AU-111|2019,-0.0046444742174103215,-0.05993213304701772
GROUP_complete,prediction_kd,CY-Bench_wheat_AU|AU-111|2020,0.1770727300688073,1.9834566174004564
GROUP_complete,prediction_kd,CY-Bench_wheat_AU|AU-111|2021,-0.06205821920125998,-0.9023543151125324
GROUP_complete,prediction_kd,CY-Bench_wheat_AU|AU-111|2022,0.020517290886261974,0.28774074879794753
GROUP_complete,prediction_kd,CY-Bench_wheat_AU|AU-111|2023,-0.07131143059309619,-0.9630307635296971
GROUP_complete,prediction_kd,CY-Bench_wheat_AU|AU-123|2001,-0.008493405128062737,-0.09769629519136291
GROUP_complete,prediction_kd,CY-Bench_wheat_AU|AU-123|2002,-0.10072147648089369,-1.4248422715861926
GROUP_complete,prediction_kd,CY-Bench_wheat_AU|AU-123|2003,0.006316515322199345,0.08126850801457586
GROUP_complete,prediction_kd,CY-Bench_wheat_AU|AU-123|2004,0.02994382220335523,0.4065503176061629
GROUP_complete,prediction_kd,CY-Bench_wheat_AU|AU-123|2005,0.022053283083057984,0.29590393100114465
GROUP_complete,prediction_kd,CY-Bench_wheat_AU|AU-123|2006,-0.16272684251345126,-2.286917120943879
GROUP_complete,prediction_kd,CY-Bench_wheat_AU|AU-123|2007,0.00061596024778654,0.008221334895554655
GROUP_complete,prediction_kd,CY-Bench_wheat_AU|AU-123|2008,-0.0290102428284148,-0.35340051036278997
GROUP_complete,prediction_kd,CY-Bench_wheat_AU|AU-123|2009,0.042601683144432356,0.5812267085745155
GROUP_complete,prediction_kd,CY-Bench_wheat_AU|AU-123|2010,0.019777957553730352,0.2768128694466805
GROUP_complete,prediction_kd,CY-Bench_wheat_AU|AU-123|2011,0.056833137085357754,0.7614514424872283
GROUP_complete,prediction_kd,CY-Bench_wheat_AU|AU-123|2012,-0.08175281044600702,-1.1141800530939996
GROUP_complete,prediction_kd,CY-Bench_wheat_AU|AU-123|2013,0.009041917106863417,0.11787758040934282
GROUP_complete,prediction_kd,CY-Bench_wheat_AU|AU-123|2014,0.11828100129679575,1.4945689086658476
GROUP_complete,prediction_kd,CY-Bench_wheat_AU|AU-123|2015,0.06581798053249854,0.8905820607862927
GROUP_complete,prediction_kd,CY-Bench_wheat_AU|AU-123|2016,0.006436867986682193,0.08976598498040644
GROUP_complete,prediction_kd,CY-Bench_wheat_AU|AU-123|2017,-0.029184622886763045,-0.4020732887636793
GROUP_complete,prediction_kd,CY-Bench_wheat_AU|AU-123|2018,-0.013811962909852649,-0.18887259897863817
GROUP_complete,prediction_kd,CY-Bench_wheat_AU|AU-123|2019,-0.057504048185854306,-0.763125785082063
GROUP_complete,prediction_kd,CY-Bench_wheat_AU|AU-123|2020,0.05146559249109228,0.721462192314104
GROUP_complete,prediction_kd,CY-Bench_wheat_AU|AU-123|2021,-0.024804986670529994,-0.33589123313223457
GROUP_complete,prediction_kd,CY-Bench_wheat_AU|AU-123|2022,-0.017221366541987804,-0.23679775012088733
GROUP_complete,prediction_kd,CY-Bench_wheat_AU|AU-123|2023,0.034706728877708426,0.41615214247107435
GROUP_complete,prediction_kd,CY-Bench_wheat_AU|AU-222|2001,0.04709608558392009,0.527332622084212
GROUP_complete,prediction_kd,CY-Bench_wheat_AU|AU-222|2002,-0.016990678601343734,-0.23988916663510906
GROUP_complete,prediction_kd,CY-Bench_wheat_AU|AU-222|2003,-0.013651688727881695,-0.17565769142108945
GROUP_complete,prediction_kd,CY-Bench_wheat_AU|AU-222|2004,0.06965457472682557,0.8841786926141397
GROUP_complete,prediction_kd,CY-Bench_wheat_AU|AU-222|2005,0.062446728570337506,0.7540679908714418
GROUP_complete,prediction_kd,CY-Bench_wheat_AU|AU-222|2006,-0.009301432881470673,-0.14588446684377487
GROUP_complete,prediction_kd,CY-Bench_wheat_AU|AU-222|2007,0.040514091728359736,0.5504681950458741
GROUP_complete,prediction_kd,CY-Bench_wheat_AU|AU-222|2008,0.03910807949934214,0.5278363431051085
GROUP_complete,prediction_kd,CY-Bench_wheat_AU|AU-222|2009,0.05695809998025736,0.8594634676589692
GROUP_complete,prediction_kd,CY-Bench_wheat_AU|AU-222|2010,0.052959807753960586,0.6755033123431664
GROUP_complete,prediction_kd,CY-Bench_wheat_AU|AU-222|2011,0.07558473815899625,1.0767167508608573
GROUP_complete,prediction_kd,CY-Bench_wheat_AU|AU-222|2012,0.04124369508581982,0.552839008542457
GROUP_complete,prediction_kd,CY-Bench_wheat_AU|AU-222|2013,0.05595463917975185,0.7135189774960589
GROUP_complete,prediction_kd,CY-Bench_wheat_AU|AU-222|2014,0.014220074111450098,0.19625576399724842
GROUP_complete,prediction_kd,CY-Bench_wheat_AU|AU-222|2015,0.05442607192532156,0.7516804037505382
GROUP_complete,prediction_kd,CY-Bench_wheat_AU|AU-222|2016,0.08164774083865689,0.9467186230775999
GROUP_complete,prediction_kd,CY-Bench_wheat_AU|AU-222|2017,0.03492219445651157,0.49100426221744
GROUP_complete,prediction_kd,CY-Bench_wheat_AU|AU-222|2018,0.02396544004571266,0.32630496213960214
GROUP_complete,prediction_kd,CY-Bench_wheat_AU|AU-222|2019,-0.011419391018549052,-0.16497258949726135
GROUP_complete,prediction_kd,CY-Bench_wheat_AU|AU-222|2020,0.0628156826894295,0.8516825158484673
GROUP_complete,prediction_kd,CY-Bench_wheat_AU|AU-222|2021,0.06134881023444072,0.7594860104720818
GROUP_complete,prediction_kd,CY-Bench_wheat_AU|AU-222|2022,-0.03190762869341646,-0.4428918264037822
GROUP_complete,prediction_kd,CY-Bench_wheat_AU|AU-222|2023,0.08902785385760892,1.1852811310903393
GROUP_complete,prediction_kd,CY-Bench_wheat_AU|AU-231|2001,0.07300368750807606,1.0019915065045089
GROUP_complete,prediction_kd,CY-Bench_wheat_AU|AU-231|2002,0.14510966152045068,1.6320469855610842
GROUP_complete,prediction_kd,CY-Bench_wheat_AU|AU-231|2003,0.01147352817914793,0.1451448483036133
GROUP_complete,prediction_kd,CY-Bench_wheat_AU|AU-231|2004,0.05959595693217812,0.8306067690527197
GROUP_complete,prediction_kd,CY-Bench_wheat_AU|AU-231|2005,0.0252312498505205,0.3136375124997688
GROUP_complete,prediction_kd,CY-Bench_wheat_AU|AU-231|2006,0.03972373345877345,0.48355981428892836
GROUP_complete,prediction_kd,CY-Bench_wheat_AU|AU-231|2007,0.10019696322062821,1.3146955614210256
GROUP_complete,prediction_kd,CY-Bench_wheat_AU|AU-231|2008,0.11454951873677044,1.3012071586479923
GROUP_complete,prediction_kd,CY-Bench_wheat_AU|AU-231|2009,-0.06832847688303778,-0.9840983844766811
GROUP_complete,prediction_kd,CY-Bench_wheat_AU|AU-231|2010,0.12178363750617038,1.5425611441789382
GROUP_complete,prediction_kd,CY-Bench_wheat_AU|AU-231|2011,0.010979675835424252,0.14679133464510663
GROUP_complete,prediction_kd,CY-Bench_wheat_AU|AU-231|2012,0.16345260931821315,1.7937115615354915
GROUP_complete,prediction_kd,CY-Bench_wheat_AU|AU-231|2013,0.06385907693709669,0.85243178715419
GROUP_complete,prediction_kd,CY-Bench_wheat_AU|AU-231|2014,0.029278746931183153,0.3868252785835704
GROUP_complete,prediction_kd,CY-Bench_wheat_AU|AU-231|2015,0.11787088863329076,1.4085596946380754
GROUP_complete,prediction_kd,CY-Bench_wheat_AU|AU-231|2016,0.11586210678370956,1.5547368935906425
GROUP_complete,prediction_kd,CY-Bench_wheat_AU|AU-231|2017,-0.06546243868872559,-0.8799755872702706
GROUP_complete,prediction_kd,CY-Bench_wheat_AU|AU-231|2018,0.15815974728507576,1.7208802571582136
GROUP_complete,prediction_kd,CY-Bench_wheat_AU|AU-231|2019,0.19185841420395833,2.004690229063072
GROUP_complete,prediction_kd,CY-Bench_wheat_AU|AU-231|2020,0.055121126416993516,0.7035678919031891
GROUP_complete,prediction_kd,CY-Bench_wheat_AU|AU-231|2021,0.028216951831511294,0.3957036983223876
GROUP_complete,prediction_kd,CY-Bench_wheat_AU|AU-231|2022,0.058743565086426086,0.7865481370088627
GROUP_complete,prediction_kd,CY-Bench_wheat_AU|AU-231|2023,0.0696257911834618,0.8922689349582171
GROUP_complete,prediction_kd,CY-Bench_wheat_AU|AU-312|2003,-0.09079753380561029,-1.4533889967469724
GROUP_complete,prediction_kd,CY-Bench_wheat_AU|AU-312|2009,-0.10144862935934418,-1.605362813168294
GROUP_complete,prediction_kd,CY-Bench_wheat_AU|AU-322|2001,-0.0416106693599525,-0.5714395703294395
GROUP_complete,prediction_kd,CY-Bench_wheat_AU|AU-322|2002,0.10447069197981207,1.5850726703171283
GROUP_complete,prediction_kd,CY-Bench_wheat_AU|AU-322|2003,0.05711057312528034,0.7900416291321424
GROUP_complete,prediction_kd,CY-Bench_wheat_AU|AU-322|2004,0.03272823933394997,0.454786902447883
GROUP_complete,prediction_kd,CY-Bench_wheat_AU|AU-322|2005,0.05804965383730609,0.7647335141148917
GROUP_complete,prediction_kd,CY-Bench_wheat_AU|AU-322|2006,0.07250850743076409,1.0273581479481315
GROUP_complete,prediction_kd,CY-Bench_wheat_AU|AU-322|2007,0.06645835950984869,0.8565472210217662
GROUP_complete,prediction_kd,CY-Bench_wheat_AU|AU-322|2008,0.005562566217062637,0.07441848996600609
GROUP_complete,prediction_kd,CY-Bench_wheat_AU|AU-322|2009,0.04469854712539323,0.7269321912228541
GROUP_complete,prediction_kd,CY-Bench_wheat_AU|AU-322|2010,0.1340911558699861,1.9714852171275332
GROUP_complete,prediction_kd,CY-Bench_wheat_AU|AU-322|2011,-0.02556783514875105,-0.39031722257733215
GROUP_complete,prediction_kd,CY-Bench_wheat_AU|AU-322|2012,0.07646808815916872,1.1328627871686132
GROUP_complete,prediction_kd,CY-Bench_wheat_AU|AU-322|2013,0.04654118147375408,0.7080867242285143
GROUP_complete,prediction_kd,CY-Bench_wheat_AU|AU-322|2014,0.07591008175473324,1.1269164993401652
GROUP_complete,prediction_kd,CY-Bench_wheat_AU|AU-322|2015,0.07523601191972817,0.9717802373453646
GROUP_complete,prediction_kd,CY-Bench_wheat_AU|AU-322|2016,0.004245829026168879,0.05648104796688003
GROUP_complete,prediction_kd,CY-Bench_wheat_AU|AU-322|2017,0.0685477684057395,0.958731356770647
GROUP_complete,prediction_kd,CY-Bench_wheat_AU|AU-322|2018,0.09776616488359768,1.3506618035515006
GROUP_complete,prediction_kd,CY-Bench_wheat_AU|AU-322|2019,0.05189832504385916,0.8342502656101445
GROUP_complete,prediction_kd,CY-Bench_wheat_AU|AU-322|2020,0.05903657106747706,0.8469284569530791
GROUP_complete,prediction_kd,CY-Bench_wheat_AU|AU-322|2021,-0.005150726798318406,-0.07722037883269639
GROUP_complete,prediction_kd,CY-Bench_wheat_AU|AU-322|2022,0.029710200479519333,0.49085748590755607
GROUP_complete,prediction_kd,CY-Bench_wheat_AU|AU-322|2023,0.025525561576773215,0.358386786602944
GROUP_complete,prediction_kd,CY-Bench_wheat_AU|AU-331|2001,0.022537324420352944,0.27232318902976527
GROUP_complete,prediction_kd,CY-Bench_wheat_AU|AU-331|2002,-0.005535526794332224,-0.07560835497582374
GROUP_complete,prediction_kd,CY-Bench_wheat_AU|AU-331|2003,0.012694683177528532,0.14562983099944393
GROUP_complete,prediction_kd,CY-Bench_wheat_AU|AU-331|2004,0.05552165498186534,0.6903552394972969
GROUP_complete,prediction_kd,CY-Bench_wheat_AU|AU-331|2005,0.034993831813996734,0.4814749171433741
GROUP_complete,prediction_kd,CY-Bench_wheat_AU|AU-331|2006,-0.03538182859418881,-0.4344108350755018
GROUP_complete,prediction_kd,CY-Bench_wheat_AU|AU-331|2007,0.09889722182662863,1.1673874325861817
GROUP_complete,prediction_kd,CY-Bench_wheat_AU|AU-331|2008,0.08251232790074459,1.0180845919108403
GROUP_complete,prediction_kd,CY-Bench_wheat_AU|AU-331|2009,-0.0332906380418071,-0.46095808525040205
GROUP_complete,prediction_kd,CY-Bench_wheat_AU|AU-331|2010,0.04429176913260213,0.7171831302636074
GROUP_complete,prediction_kd,CY-Bench_wheat_AU|AU-331|2011,0.1529151227827691,1.7482745040241765
GROUP_complete,prediction_kd,CY-Bench_wheat_AU|AU-331|2012,0.06342369210580523,0.7153400416320492
GROUP_complete,prediction_kd,CY-Bench_wheat_AU|AU-331|2013,-0.010696683761150294,-0.1434283471129003
GROUP_complete,prediction_kd,CY-Bench_wheat_AU|AU-331|2014,0.042130295938847206,0.5027785318344433
GROUP_complete,prediction_kd,CY-Bench_wheat_AU|AU-331|2015,0.07028936577728351,0.8497317901401908
GROUP_complete,prediction_kd,CY-Bench_wheat_AU|AU-331|2016,0.08071522167168244,1.0399752555520667
GROUP_complete,prediction_kd,CY-Bench_wheat_AU|AU-331|2017,0.03701744362443016,0.5030182494066402
GROUP_complete,prediction_kd,CY-Bench_wheat_AU|AU-331|2018,0.005194543416238262,0.06857852354533467
GROUP_complete,prediction_kd,CY-Bench_wheat_AU|AU-331|2019,-0.050422609945908525,-0.7244924031556303
GROUP_complete,prediction_kd,CY-Bench_wheat_AU|AU-331|2020,-0.01280837360588949,-0.17346392244770126
GROUP_complete,prediction_kd,CY-Bench_wheat_AU|AU-331|2021,0.07326411009911615,0.9799182279297662
GROUP_complete,prediction_kd,CY-Bench_wheat_AU|AU-331|2022,0.1559852108757307,2.069386553220798
GROUP_complete,prediction_kd,CY-Bench_wheat_AU|AU-331|2023,0.03193243213981001,0.4322531014207227
GROUP_complete,prediction_kd,CY-Bench_wheat_AU|AU-332|2015,-0.06491163104990705,-0.8174185800486571
GROUP_complete,prediction_kd,CY-Bench_wheat_AU|AU-411|2001,0.008958620226108938,0.12175762509659105
GROUP_complete,prediction_kd,CY-Bench_wheat_AU|AU-411|2002,0.026003091078582452,0.4373401630613083
GROUP_complete,prediction_kd,CY-Bench_wheat_AU|AU-411|2003,0.023395472050594446,0.30450801236367564
GROUP_complete,prediction_kd,CY-Bench_wheat_AU|AU-411|2004,-0.01978986757242518,-0.26704249777658884
GROUP_complete,prediction_kd,CY-Bench_wheat_AU|AU-411|2005,-0.02639108620067432,-0.3662315292348026
GROUP_complete,prediction_kd,CY-Bench_wheat_AU|AU-411|2006,-0.05837900677104535,-0.9106933099086723
GROUP_complete,prediction_kd,CY-Bench_wheat_AU|AU-411|2007,-0.04905042256509051,-0.7100776646210818
GROUP_complete,prediction_kd,CY-Bench_wheat_AU|AU-411|2008,0.010241700576862689,0.14400007625569433
GROUP_complete,prediction_kd,CY-Bench_wheat_AU|AU-411|2009,-0.12724705199370223,-1.9650008961979317
GROUP_complete,prediction_kd,CY-Bench_wheat_AU|AU-411|2010,0.04226277621950025,0.5952827377876142
GROUP_complete,prediction_kd,CY-Bench_wheat_AU|AU-411|2011,-0.15528000415227083,-2.1415346074726838
GROUP_complete,prediction_kd,CY-Bench_wheat_AU|AU-411|2012,0.02349327822208369,0.39070557388294525
GROUP_complete,prediction_kd,CY-Bench_wheat_AU|AU-411|2013,-0.10833544663287997,-1.6829549273796776
GROUP_complete,prediction_kd,CY-Bench_wheat_AU|AU-411|2014,-0.004835720179160674,-0.06832179204857614
GROUP_complete,prediction_kd,CY-Bench_wheat_AU|AU-411|2015,-0.10169089470753034,-1.472708170625248
GROUP_complete,prediction_kd,CY-Bench_wheat_AU|AU-411|2016,0.06251914813955961,0.8414490248839943
GROUP_complete,prediction_kd,CY-Bench_wheat_AU|AU-411|2017,-0.010484806244129619,-0.15615989401945907
GROUP_complete,prediction_kd,CY-Bench_wheat_AU|AU-411|2018,-0.051872331130318194,-0.77258056814855
GROUP_complete,prediction_kd,CY-Bench_wheat_AU|AU-411|2019,-0.010160124776119162,-0.15067508343229097
GROUP_complete,prediction_kd,CY-Bench_wheat_AU|AU-411|2020,-0.12270861107655862,-1.7485070058918915
GROUP_complete,prediction_kd,CY-Bench_wheat_AU|AU-411|2021,-0.00793043408510119,-0.10929647023703559
GROUP_complete,prediction_kd,CY-Bench_wheat_AU|AU-411|2022,0.027722877192662976,0.37710260147559005
GROUP_complete,prediction_kd,CY-Bench_wheat_AU|AU-411|2023,-0.0296938350867767,-0.43467118289965434
GROUP_complete,prediction_kd,CY-Bench_wheat_AU|AU-421|2001,0.17909396107873843,2.156103789113069
GROUP_complete,prediction_kd,CY-Bench_wheat_AU|AU-421|2002,0.09596980578073178,1.477229812059048
GROUP_complete,prediction_kd,CY-Bench_wheat_AU|AU-421|2003,0.2878372402120606,3.242717831572597
GROUP_complete,prediction_kd,CY-Bench_wheat_AU|AU-421|2004,0.11086235969377256,1.3311965706930167
GROUP_complete,prediction_kd,CY-Bench_wheat_AU|AU-421|2005,0.3326100095887802,3.5200484849444234
GROUP_complete,prediction_kd,CY-Bench_wheat_AU|AU-421|2006,0.07697565787323979,0.938028061296027
GROUP_complete,prediction_kd,CY-Bench_wheat_AU|AU-421|2007,-0.0514176666466023,-0.7655741664783537
GROUP_complete,prediction_kd,CY-Bench_wheat_AU|AU-421|2008,0.18451375851567486,2.622384849002839
GROUP_complete,prediction_kd,CY-Bench_wheat_AU|AU-421|2009,0.1463606513189244,2.27525097341801
GROUP_complete,prediction_kd,CY-Bench_wheat_AU|AU-421|2010,0.1422790381801612,1.7062065182336985
GROUP_complete,prediction_kd,CY-Bench_wheat_AU|AU-421|2011,0.3037353074535052,3.3716478475189913
GROUP_complete,prediction_kd,CY-Bench_wheat_AU|AU-421|2012,-0.10439613382929736,-1.5294336112575584
GROUP_complete,prediction_kd,CY-Bench_wheat_AU|AU-421|2013,0.11531810801154152,1.4706152242051163
GROUP_complete,prediction_kd,CY-Bench_wheat_AU|AU-421|2014,-0.0763403455571876,-1.100497381565149
GROUP_complete,prediction_kd,CY-Bench_wheat_AU|AU-421|2015,0.11387468864287087,1.851564673248908
GROUP_complete,prediction_kd,CY-Bench_wheat_AU|AU-421|2016,0.19492722810590124,2.5358876990697876
GROUP_complete,prediction_kd,CY-Bench_wheat_AU|AU-421|2017,0.1165103832454315,1.436398248380348
GROUP_complete,prediction_kd,CY-Bench_wheat_AU|AU-421|2018,0.1825975275971803,2.3567345122971597
GROUP_complete,prediction_kd,CY-Bench_wheat_AU|AU-421|2019,-0.05100124364194214,-0.7925309021206557
GROUP_complete,prediction_kd,CY-Bench_wheat_AU|AU-421|2020,0.024448033065661123,0.3227432284845273
GROUP_complete,prediction_kd,CY-Bench_wheat_AU|AU-421|2021,0.25973607233660867,2.870854487505835
GROUP_complete,prediction_kd,CY-Bench_wheat_AU|AU-421|2022,0.17840000526129351,2.064703341614532
GROUP_complete,prediction_kd,CY-Bench_wheat_AU|AU-421|2023,0.1369736302788901,1.9628035563285486
GROUP_complete,prediction_kd,CY-Bench_wheat_AU|AU-422|2001,-0.020346446345338665,-0.3042088575931059
GROUP_complete,prediction_kd,CY-Bench_wheat_AU|AU-422|2002,0.0018477724419346808,0.024405486193614934
GROUP_complete,prediction_kd,CY-Bench_wheat_AU|AU-422|2003,0.02157525392528048,0.28992675132794243
GROUP_complete,prediction_kd,CY-Bench_wheat_AU|AU-422|2004,0.05019591841765758,0.6710680205900426
GROUP_complete,prediction_kd,CY-Bench_wheat_AU|AU-422|2005,0.025015083841876118,0.36582862468320787
GROUP_complete,prediction_kd,CY-Bench_wheat_AU|AU-422|2006,-0.05897390091200727,-0.8631183985396627
GROUP_complete,prediction_kd,CY-Bench_wheat_AU|AU-422|2007,-0.10946606457005259,-1.3806581759837329
GROUP_complete,prediction_kd,CY-Bench_wheat_AU|AU-422|2008,0.02473337452229829,0.3454220353607962
GROUP_complete,prediction_kd,CY-Bench_wheat_AU|AU-422|2009,-0.047207116059135856,-0.574023567429113
GROUP_complete,prediction_kd,CY-Bench_wheat_AU|AU-422|2010,-0.021463800904766628,-0.31335625254995314
GROUP_complete,prediction_kd,CY-Bench_wheat_AU|AU-422|2011,0.004731193324297278,0.06110203694717953
GROUP_complete,prediction_kd,CY-Bench_wheat_AU|AU-422|2012,0.0372173601306337,0.49700094871249245
GROUP_complete,prediction_kd,CY-Bench_wheat_AU|AU-422|2013,0.00276954665797291,0.03542649683811572
GROUP_complete,prediction_kd,CY-Bench_wheat_AU|AU-422|2014,-0.04749098671560992,-0.6044128086765879
GROUP_complete,prediction_kd,CY-Bench_wheat_AU|AU-422|2015,-0.013519468454785244,-0.17095282768557318
GROUP_complete,prediction_kd,CY-Bench_wheat_AU|AU-422|2016,0.00929459741359484,0.14017697808895324
GROUP_complete,prediction_kd,CY-Bench_wheat_AU|AU-422|2017,0.01569791264271736,0.2033185359887435
GROUP_complete,prediction_kd,CY-Bench_wheat_AU|AU-422|2018,-0.0018180769431536126,-0.022725451495230864
GROUP_complete,prediction_kd,CY-Bench_wheat_AU|AU-422|2019,-0.004233353731120881,-0.05515852439259117
GROUP_complete,prediction_kd,CY-Bench_wheat_AU|AU-422|2020,0.049605321915706546,0.6609195375631662
GROUP_complete,prediction_kd,CY-Bench_wheat_AU|AU-422|2021,0.04166161413415359,0.5982000046612841
GROUP_complete,prediction_kd,CY-Bench_wheat_AU|AU-422|2022,-0.04903834984492572,-0.7427435375195905
GROUP_complete,prediction_kd,CY-Bench_wheat_AU|AU-422|2023,-0.01648515353326374,-0.2350965450582656
GROUP_complete,prediction_kd,CY-Bench_wheat_AU|AU-431|2001,0.08430237815392827,0.9406701181145918
GROUP_complete,prediction_kd,CY-Bench_wheat_AU|AU-431|2002,-0.018922144396960827,-0.3173244444826908
GROUP_complete,prediction_kd,CY-Bench_wheat_AU|AU-431|2003,0.05895787541569647,0.6816971004751369
GROUP_complete,prediction_kd,CY-Bench_wheat_AU|AU-431|2004,0.0008560229624524074,-0.025528329342756173
GROUP_complete,prediction_kd,CY-Bench_wheat_AU|AU-431|2005,0.08416775879561378,1.0179877150016052
GROUP_complete,prediction_kd,CY-Bench_wheat_AU|AU-431|2006,0.054460262007812565,0.7963113097572889
GROUP_complete,prediction_kd,CY-Bench_wheat_AU|AU-431|2007,-0.02793484504285315,-0.3704265071334434
GROUP_complete,prediction_kd,CY-Bench_wheat_AU|AU-431|2008,-0.0063330856970631455,-0.1337815371839599
GROUP_complete,prediction_kd,CY-Bench_wheat_AU|AU-431|2009,-0.015970462941505614,-0.12734972975667613
GROUP_complete,prediction_kd,CY-Bench_wheat_AU|AU-431|2010,0.061179073442690635,0.7432380823925344
GROUP_complete,prediction_kd,CY-Bench_wheat_AU|AU-431|2011,0.038813436884077956,0.49988912382199757
GROUP_complete,prediction_kd,CY-Bench_wheat_AU|AU-431|2012,-0.011341006075336557,-0.24689834199340677
GROUP_complete,prediction_kd,CY-Bench_wheat_AU|AU-431|2013,0.009440674951128769,0.10442825745403939
GROUP_complete,prediction_kd,CY-Bench_wheat_AU|AU-431|2014,-0.01537784014252963,-0.1824184426237494
GROUP_complete,prediction_kd,CY-Bench_wheat_AU|AU-431|2015,-0.025382805571264433,-0.32940236324642314
GROUP_complete,prediction_kd,CY-Bench_wheat_AU|AU-431|2016,0.038787478930333075,0.2886236314554005
GROUP_complete,prediction_kd,CY-Bench_wheat_AU|AU-431|2017,-0.004047471604476605,-0.062490075446535176
GROUP_complete,prediction_kd,CY-Bench_wheat_AU|AU-431|2018,-0.011646144382328638,-0.19789134204026881
GROUP_complete,prediction_kd,CY-Bench_wheat_AU|AU-431|2019,-0.0158733521779999,-0.3040337444525889
GROUP_complete,prediction_kd,CY-Bench_wheat_AU|AU-431|2020,0.001357241694044331,0.03312819003819589
GROUP_complete,prediction_kd,CY-Bench_wheat_AU|AU-431|2021,0.048984892495692545,0.5744684839039427
GROUP_complete,prediction_kd,CY-Bench_wheat_AU|AU-431|2022,0.07920546167478842,0.9478761505797415
GROUP_complete,prediction_kd,CY-Bench_wheat_AU|AU-431|2023,0.006992915298376312,0.0628375217794237
GROUP_complete,prediction_kd,CY-Bench_wheat_AU|AU-521|2001,0.16113801219765933,1.871932344751122
GROUP_complete,prediction_kd,CY-Bench_wheat_AU|AU-521|2002,0.14439325751061527,1.9848626257833155
GROUP_complete,prediction_kd,CY-Bench_wheat_AU|AU-521|2003,0.21096091892111957,2.345727300576152
GROUP_complete,prediction_kd,CY-Bench_wheat_AU|AU-521|2004,0.08098376604661517,0.8872373369841258
GROUP_complete,prediction_kd,CY-Bench_wheat_AU|AU-521|2005,0.06425589869960802,0.670537394405252
GROUP_complete,prediction_kd,CY-Bench_wheat_AU|AU-521|2006,0.18853546176907265,2.7184256597577265
GROUP_complete,prediction_kd,CY-Bench_wheat_AU|AU-521|2007,0.1342027310446572,1.5422436762773053
GROUP_complete,prediction_kd,CY-Bench_wheat_AU|AU-521|2008,0.10628328828849465,1.2507787797561196
GROUP_complete,prediction_kd,CY-Bench_wheat_AU|AU-521|2009,0.23304783867219747,2.4627956812493825
GROUP_complete,prediction_kd,CY-Bench_wheat_AU|AU-521|2010,0.09171765946136556,1.4981690876531824
GROUP_complete,prediction_kd,CY-Bench_wheat_AU|AU-521|2011,0.18915179185844044,1.9876358013339552
GROUP_complete,prediction_kd,CY-Bench_wheat_AU|AU-521|2012,0.18859822356202627,2.5229139180223035
GROUP_complete,prediction_kd,CY-Bench_wheat_AU|AU-521|2013,0.3266279596541723,3.2704992196610374
GROUP_complete,prediction_kd,CY-Bench_wheat_AU|AU-521|2014,0.42314159550597163,4.48932318828937
GROUP_complete,prediction_kd,CY-Bench_wheat_AU|AU-521|2015,0.2432917140342522,3.089152977796508
GROUP_complete,prediction_kd,CY-Bench_wheat_AU|AU-521|2016,0.1555135443281177,2.081355165526972
GROUP_complete,prediction_kd,CY-Bench_wheat_AU|AU-521|2017,0.30530997569139756,2.9821946836636912
GROUP_complete,prediction_kd,CY-Bench_wheat_AU|AU-521|2018,0.2586797969738568,2.7608234248393706
GROUP_complete,prediction_kd,CY-Bench_wheat_AU|AU-521|2019,-0.022761863504695667,-0.38864741744704023
GROUP_complete,prediction_kd,CY-Bench_wheat_AU|AU-521|2020,0.19482226598213814,2.013395269553265
GROUP_complete,prediction_kd,CY-Bench_wheat_AU|AU-521|2021,0.2210993759384149,2.374296449825308
GROUP_complete,prediction_kd,CY-Bench_wheat_AU|AU-521|2022,0.14786094266492555,1.6977908796496637
GROUP_complete,prediction_kd,CY-Bench_wheat_AU|AU-521|2023,-0.0035643665109885703,-0.050563081843817415
GROUP_complete,prediction_kd,CY-Bench_wheat_AU|AU-522|2001,0.0715667698291148,0.946780113500111
GROUP_complete,prediction_kd,CY-Bench_wheat_AU|AU-522|2002,0.10540868736037656,1.2363568512714078
GROUP_complete,prediction_kd,CY-Bench_wheat_AU|AU-522|2003,0.011860966760097402,0.15560006178312502
GROUP_complete,prediction_kd,CY-Bench_wheat_AU|AU-522|2004,0.06644178459786143,0.8454642325041695
GROUP_complete,prediction_kd,CY-Bench_wheat_AU|AU-522|2005,0.19638163670087871,2.45037920919365
GROUP_complete,prediction_kd,CY-Bench_wheat_AU|AU-522|2006,0.07462576777885621,0.7985516504623691
GROUP_complete,prediction_kd,CY-Bench_wheat_AU|AU-522|2007,0.05275652725730562,0.6442726558485461
GROUP_complete,prediction_kd,CY-Bench_wheat_AU|AU-522|2008,0.0885431834880297,1.0996184986089457
GROUP_complete,prediction_kd,CY-Bench_wheat_AU|AU-522|2009,0.060829575964679305,0.7461115819824657
GROUP_complete,prediction_kd,CY-Bench_wheat_AU|AU-522|2010,0.048784912696331895,0.6310621438658872
GROUP_complete,prediction_kd,CY-Bench_wheat_AU|AU-522|2011,0.14313811045656644,1.7310224273650991
GROUP_complete,prediction_kd,CY-Bench_wheat_AU|AU-522|2012,0.05262684476889867,0.6901648010739656
GROUP_complete,prediction_kd,CY-Bench_wheat_AU|AU-522|2013,0.06476612166807183,0.8778293789413327
GROUP_complete,prediction_kd,CY-Bench_wheat_AU|AU-522|2014,-0.06792355975015296,-0.8349914279279291
GROUP_complete,prediction_kd,CY-Bench_wheat_AU|AU-522|2015,0.02851122218345037,0.37037542401749945
GROUP_complete,prediction_kd,CY-Bench_wheat_AU|AU-522|2016,0.14217922397279548,1.812356839993539
GROUP_complete,prediction_kd,CY-Bench_wheat_AU|AU-522|2017,0.060878809701038206,0.7655593768344842
GROUP_complete,prediction_kd,CY-Bench_wheat_AU|AU-522|2018,0.044674806821652924,0.5550293053899056
GROUP_complete,prediction_kd,CY-Bench_wheat_AU|AU-522|2019,-0.07584149059043,-1.0218224090313397
GROUP_complete,prediction_kd,CY-Bench_wheat_AU|AU-522|2020,0.019904025640433698,0.23978887319967424
GROUP_complete,prediction_kd,CY-Bench_wheat_AU|AU-522|2021,0.2049952278487731,2.3206170415434397
GROUP_complete,prediction_kd,CY-Bench_wheat_AU|AU-522|2022,0.302983895597843,3.289994819452165
GROUP_complete,prediction_kd,CY-Bench_wheat_AU|AU-522|2023,-0.10480052712416754,-1.1680384544713478
GROUP_complete,representation_kd,CY-Bench_wheat_AU|AU-111|2001,-0.3092650687556976,-3.3177847502029985
GROUP_complete,representation_kd,CY-Bench_wheat_AU|AU-111|2002,-0.10583717585959096,-1.1509317887577462
GROUP_complete,representation_kd,CY-Bench_wheat_AU|AU-111|2003,-0.25492990974781504,-2.8592948138788303
GROUP_complete,representation_kd,CY-Bench_wheat_AU|AU-111|2004,-0.16394439206504985,-1.8005165434235844
GROUP_complete,representation_kd,CY-Bench_wheat_AU|AU-111|2005,-0.2142941434869131,-2.5284388143778753
GROUP_complete,representation_kd,CY-Bench_wheat_AU|AU-111|2006,-0.23287642211077242,-2.5106075285381766
GROUP_complete,representation_kd,CY-Bench_wheat_AU|AU-111|2007,-0.1510295515965311,-1.622585158228996
GROUP_complete,representation_kd,CY-Bench_wheat_AU|AU-111|2008,-0.20292664150674677,-2.3966328605002456
GROUP_complete,representation_kd,CY-Bench_wheat_AU|AU-111|2009,-0.2179085532724443,-2.3037558946117747
GROUP_complete,representation_kd,CY-Bench_wheat_AU|AU-111|2010,0.027959341087196,0.36769811879393455
GROUP_complete,representation_kd,CY-Bench_wheat_AU|AU-111|2011,-0.08075913776667187,-0.8479659935082156
GROUP_complete,representation_kd,CY-Bench_wheat_AU|AU-111|2012,-0.2828378037798217,-3.024642119978663
GROUP_complete,representation_kd,CY-Bench_wheat_AU|AU-111|2013,-0.25336602619147597,-2.792932549342766
GROUP_complete,representation_kd,CY-Bench_wheat_AU|AU-111|2014,-0.1683101029934143,-1.9359825290321275
GROUP_complete,representation_kd,CY-Bench_wheat_AU|AU-111|2015,-0.1897687930433648,-2.0070628625402684
GROUP_complete,representation_kd,CY-Bench_wheat_AU|AU-111|2016,-0.0806656124632873,-1.014855021237409
GROUP_complete,representation_kd,CY-Bench_wheat_AU|AU-111|2017,-0.03787388301005712,-0.38315306101465296
GROUP_complete,representation_kd,CY-Bench_wheat_AU|AU-111|2018,-0.22536403473749123,-2.4752419638562295
GROUP_complete,representation_kd,CY-Bench_wheat_AU|AU-111|2019,-0.18059259598551336,-1.9167765336084974
GROUP_complete,representation_kd,CY-Bench_wheat_AU|AU-111|2020,0.016755627908752735,0.15498728232265346
GROUP_complete,representation_kd,CY-Bench_wheat_AU|AU-111|2021,-0.22112970498995255,-2.7039644104073437
GROUP_complete,representation_kd,CY-Bench_wheat_AU|AU-111|2022,0.0011318371195820909,0.015521450210029819
GROUP_complete,representation_kd,CY-Bench_wheat_AU|AU-111|2023,-0.22476989793652147,-2.5694398622966723
GROUP_complete,representation_kd,CY-Bench_wheat_AU|AU-123|2001,0.14890577763557122,2.0631256960698945
GROUP_complete,representation_kd,CY-Bench_wheat_AU|AU-123|2002,-0.0839084577730198,-1.209370478051885
GROUP_complete,representation_kd,CY-Bench_wheat_AU|AU-123|2003,0.15254965779292695,2.3345280959133854
GROUP_complete,representation_kd,CY-Bench_wheat_AU|AU-123|2004,0.1114674510790713,1.6665653443018016
GROUP_complete,representation_kd,CY-Bench_wheat_AU|AU-123|2005,0.12167604453548042,1.8368207278420439
GROUP_complete,representation_kd,CY-Bench_wheat_AU|AU-123|2006,-0.11855451177898435,-1.7482581272257525
GROUP_complete,representation_kd,CY-Bench_wheat_AU|AU-123|2007,0.09331415421629075,1.3884214918286188
GROUP_complete,representation_kd,CY-Bench_wheat_AU|AU-123|2008,0.1430403538491457,2.133438737211872
GROUP_complete,representation_kd,CY-Bench_wheat_AU|AU-123|2009,0.048418599074849134,0.665105087429402
GROUP_complete,representation_kd,CY-Bench_wheat_AU|AU-123|2010,0.10153669724133751,1.5647983670107832
GROUP_complete,representation_kd,CY-Bench_wheat_AU|AU-123|2011,0.11256914886956415,1.611510703003387
GROUP_complete,representation_kd,CY-Bench_wheat_AU|AU-123|2012,-0.0005795211190413596,-0.008658997154319614
GROUP_complete,representation_kd,CY-Bench_wheat_AU|AU-123|2013,0.0941064596549489,1.3557008817804803
GROUP_complete,representation_kd,CY-Bench_wheat_AU|AU-123|2014,0.1290996634425512,1.6526915812194858
GROUP_complete,representation_kd,CY-Bench_wheat_AU|AU-123|2015,0.09937365373440765,1.3992971947844195
GROUP_complete,representation_kd,CY-Bench_wheat_AU|AU-123|2016,0.05806160858232379,0.85991998187259
GROUP_complete,representation_kd,CY-Bench_wheat_AU|AU-123|2017,0.09393789670256258,1.4938871776291203
GROUP_complete,representation_kd,CY-Bench_wheat_AU|AU-123|2018,0.033131525635885284,0.4783147114522963
GROUP_complete,representation_kd,CY-Bench_wheat_AU|AU-123|2019,0.022926064445276784,0.3335611760526298
GROUP_complete,representation_kd,CY-Bench_wheat_AU|AU-123|2020,0.06849604741873605,0.9796552788301627
GROUP_complete,representation_kd,CY-Bench_wheat_AU|AU-123|2021,0.0924163560248491,1.4347599834190188
GROUP_complete,representation_kd,CY-Bench_wheat_AU|AU-123|2022,0.074002523701313,1.131527897041602
GROUP_complete,representation_kd,CY-Bench_wheat_AU|AU-123|2023,0.15034293875123028,2.0691426148698824
GROUP_complete,representation_kd,CY-Bench_wheat_AU|AU-222|2001,0.006278186985782197,0.06703723989587207
GROUP_complete,representation_kd,CY-Bench_wheat_AU|AU-222|2002,-0.09579402340297105,-1.2376247974321082
GROUP_complete,representation_kd,CY-Bench_wheat_AU|AU-222|2003,-0.017176965543671652,-0.22012786734225376
GROUP_complete,representation_kd,CY-Bench_wheat_AU|AU-222|2004,-0.036881240026557016,-0.4138025070086693
GROUP_complete,representation_kd,CY-Bench_wheat_AU|AU-222|2005,0.034586155695694454,0.40421601125347983
GROUP_complete,representation_kd,CY-Bench_wheat_AU|AU-222|2006,-0.04404638086960977,-0.6640102279982409
GROUP_complete,representation_kd,CY-Bench_wheat_AU|AU-222|2007,0.018600497152124196,0.24635966609480686
GROUP_complete,representation_kd,CY-Bench_wheat_AU|AU-222|2008,-0.07096674610409526,-0.8444746791387008
GROUP_complete,representation_kd,CY-Bench_wheat_AU|AU-222|2009,-0.053989489310051986,-0.7169283626073018
GROUP_complete,representation_kd,CY-Bench_wheat_AU|AU-222|2010,-0.00367794606908578,-0.04392378976553868
GROUP_complete,representation_kd,CY-Bench_wheat_AU|AU-222|2011,-0.08145297193081091,-0.9685985200620424
GROUP_complete,representation_kd,CY-Bench_wheat_AU|AU-222|2012,-0.07992840292542902,-0.9328369964714858
GROUP_complete,representation_kd,CY-Bench_wheat_AU|AU-222|2013,-0.05424720670459815,-0.6092953151071177
GROUP_complete,representation_kd,CY-Bench_wheat_AU|AU-222|2014,-0.021490877462092106,-0.2846716005292951
GROUP_complete,representation_kd,CY-Bench_wheat_AU|AU-222|2015,-0.023293498208309615,-0.2940147129026567
GROUP_complete,representation_kd,CY-Bench_wheat_AU|AU-222|2016,0.08670466957647971,1.011414854111215
GROUP_complete,representation_kd,CY-Bench_wheat_AU|AU-222|2017,-0.11413722111686142,-1.3552314072608294
GROUP_complete,representation_kd,CY-Bench_wheat_AU|AU-222|2018,-0.05736779581420359,-0.7117056553518468
GROUP_complete,representation_kd,CY-Bench_wheat_AU|AU-222|2019,-0.055387409997732506,-0.7611629995420639
GROUP_complete,representation_kd,CY-Bench_wheat_AU|AU-222|2020,-0.09232448934901138,-1.048082458292786
GROUP_complete,representation_kd,CY-Bench_wheat_AU|AU-222|2021,-0.011743723234079906,-0.13354430599554146
GROUP_complete,representation_kd,CY-Bench_wheat_AU|AU-222|2022,-0.06595907067025619,-0.8809912415278713
GROUP_complete,representation_kd,CY-Bench_wheat_AU|AU-222|2023,-0.018107716213095593,-0.21274661559973218
GROUP_complete,representation_kd,CY-Bench_wheat_AU|AU-231|2001,0.11217935829905867,1.613301360115825
GROUP_complete,representation_kd,CY-Bench_wheat_AU|AU-231|2002,0.21100982705681604,2.5735592614771727
GROUP_complete,representation_kd,CY-Bench_wheat_AU|AU-231|2003,0.0997670868687075,1.4001694799650943
GROUP_complete,representation_kd,CY-Bench_wheat_AU|AU-231|2004,0.1409559510757672,2.1652394205943857
GROUP_complete,representation_kd,CY-Bench_wheat_AU|AU-231|2005,0.1805628399900614,2.702998466651648
GROUP_complete,representation_kd,CY-Bench_wheat_AU|AU-231|2006,0.07075311082755942,0.8932831952442006
GROUP_complete,representation_kd,CY-Bench_wheat_AU|AU-231|2007,0.13564174554365793,1.857322792432516
GROUP_complete,representation_kd,CY-Bench_wheat_AU|AU-231|2008,0.20788143977702012,2.6467617918667354
GROUP_complete,representation_kd,CY-Bench_wheat_AU|AU-231|2009,0.06403677140281627,1.0739754409744648
GROUP_complete,representation_kd,CY-Bench_wheat_AU|AU-231|2010,0.14575178545506584,1.900490183489886
GROUP_complete,representation_kd,CY-Bench_wheat_AU|AU-231|2011,0.13079467172967219,2.0148231561092427
GROUP_complete,representation_kd,CY-Bench_wheat_AU|AU-231|2012,0.2673532333168095,3.3394305071153814
GROUP_complete,representation_kd,CY-Bench_wheat_AU|AU-231|2013,0.14644019607822734,2.1580036230915347
GROUP_complete,representation_kd,CY-Bench_wheat_AU|AU-231|2014,0.10590160533308302,1.5316853287151693
GROUP_complete,representation_kd,CY-Bench_wheat_AU|AU-231|2015,0.1830961552235183,2.3688633553740326
GROUP_complete,representation_kd,CY-Bench_wheat_AU|AU-231|2016,0.12397608119100689,1.6799518830983704
GROUP_complete,representation_kd,CY-Bench_wheat_AU|AU-231|2017,0.10069423147501444,1.6410531664825152
GROUP_complete,representation_kd,CY-Bench_wheat_AU|AU-231|2018,0.24757347100237437,3.0097680076465765
GROUP_complete,representation_kd,CY-Bench_wheat_AU|AU-231|2019,0.2772527107670145,3.2245087072745116
GROUP_complete,representation_kd,CY-Bench_wheat_AU|AU-231|2020,0.1841250449922578,2.7451054314551895
GROUP_complete,representation_kd,CY-Bench_wheat_AU|AU-231|2021,0.12280047407813843,1.926288162817161
GROUP_complete,representation_kd,CY-Bench_wheat_AU|AU-231|2022,0.07459868582728402,1.0177157549042235
GROUP_complete,representation_kd,CY-Bench_wheat_AU|AU-231|2023,0.15322205874356165,2.1708515912936255
GROUP_complete,representation_kd,CY-Bench_wheat_AU|AU-312|2003,-0.09453284610157542,-1.5069167456792103
GROUP_complete,representation_kd,CY-Bench_wheat_AU|AU-312|2009,-0.11409477504563037,-1.780454768024864
GROUP_complete,representation_kd,CY-Bench_wheat_AU|AU-322|2001,0.021142989820138847,0.31202229144022553
GROUP_complete,representation_kd,CY-Bench_wheat_AU|AU-322|2002,0.06883252754393687,1.0010071949521473
GROUP_complete,representation_kd,CY-Bench_wheat_AU|AU-322|2003,0.07712896370029998,1.0924909865218373
GROUP_complete,representation_kd,CY-Bench_wheat_AU|AU-322|2004,0.060706811866624855,0.8716914229916544
GROUP_complete,representation_kd,CY-Bench_wheat_AU|AU-322|2005,0.09269761814506627,1.2723420779367647
GROUP_complete,representation_kd,CY-Bench_wheat_AU|AU-322|2006,0.08173945471946908,1.170891486464659
GROUP_complete,representation_kd,CY-Bench_wheat_AU|AU-322|2007,0.10091636510612567,1.3550186398883106
GROUP_complete,representation_kd,CY-Bench_wheat_AU|AU-322|2008,0.06926565380984129,0.9982340380730301
GROUP_complete,representation_kd,CY-Bench_wheat_AU|AU-322|2009,0.03266831490036415,0.5238691537347799
GROUP_complete,representation_kd,CY-Bench_wheat_AU|AU-322|2010,0.11061117845634005,1.5808909607449309
GROUP_complete,representation_kd,CY-Bench_wheat_AU|AU-322|2011,0.005269269673439547,0.0833360061080004
GROUP_complete,representation_kd,CY-Bench_wheat_AU|AU-322|2012,0.07161459714257801,1.0548797743450855
GROUP_complete,representation_kd,CY-Bench_wheat_AU|AU-322|2013,0.05667172368991913,0.872531337013343
GROUP_complete,representation_kd,CY-Bench_wheat_AU|AU-322|2014,0.06572871067646602,0.9640918539557459
GROUP_complete,representation_kd,CY-Bench_wheat_AU|AU-322|2015,0.13161445741540045,1.8186655402740461
GROUP_complete,representation_kd,CY-Bench_wheat_AU|AU-322|2016,0.04193006861340842,0.5827400562542762
GROUP_complete,representation_kd,CY-Bench_wheat_AU|AU-322|2017,0.08215921580019037,1.1677834830496545
GROUP_complete,representation_kd,CY-Bench_wheat_AU|AU-322|2018,0.11413689350435974,1.60805885521623
GROUP_complete,representation_kd,CY-Bench_wheat_AU|AU-322|2019,0.027626894861333295,0.4316723339356878
GROUP_complete,representation_kd,CY-Bench_wheat_AU|AU-322|2020,0.09400955548862999,1.4057151808013923
GROUP_complete,representation_kd,CY-Bench_wheat_AU|AU-322|2021,0.01277648480972371,0.19554716209766188
GROUP_complete,representation_kd,CY-Bench_wheat_AU|AU-322|2022,-0.014006989177078877,-0.220024059945497
GROUP_complete,representation_kd,CY-Bench_wheat_AU|AU-322|2023,0.07248338862695414,1.0753145416141239
GROUP_complete,representation_kd,CY-Bench_wheat_AU|AU-331|2001,0.037681442229843154,0.4634141926760025
GROUP_complete,representation_kd,CY-Bench_wheat_AU|AU-331|2002,0.0028067966854061766,0.03870711159757079
GROUP_complete,representation_kd,CY-Bench_wheat_AU|AU-331|2003,0.08340425005366714,1.0394968304654508
GROUP_complete,representation_kd,CY-Bench_wheat_AU|AU-331|2004,0.08223810153548061,1.0553450427284128
GROUP_complete,representation_kd,CY-Bench_wheat_AU|AU-331|2005,0.03918530343166249,0.5417899479312531
GROUP_complete,representation_kd,CY-Bench_wheat_AU|AU-331|2006,0.07998172728618813,1.1227586274318577
GROUP_complete,representation_kd,CY-Bench_wheat_AU|AU-331|2007,0.08143755284256915,0.9415078436913937
GROUP_complete,representation_kd,CY-Bench_wheat_AU|AU-331|2008,0.11503505975745087,1.4756129849097244
GROUP_complete,representation_kd,CY-Bench_wheat_AU|AU-331|2009,0.03558664687431301,0.5334333943782044
GROUP_complete,representation_kd,CY-Bench_wheat_AU|AU-331|2010,0.08412500088834707,1.4277077028618326
GROUP_complete,representation_kd,CY-Bench_wheat_AU|AU-331|2011,0.12073331698224632,1.3275531713262616
GROUP_complete,representation_kd,CY-Bench_wheat_AU|AU-331|2012,0.11515539999379976,1.3813280289850773
GROUP_complete,representation_kd,CY-Bench_wheat_AU|AU-331|2013,-0.018359419548065525,-0.24402525566099786
GROUP_complete,representation_kd,CY-Bench_wheat_AU|AU-331|2014,0.08660574919311159,1.0892203827280769
GROUP_complete,representation_kd,CY-Bench_wheat_AU|AU-331|2015,0.09821810401719755,1.2274374909128731
GROUP_complete,representation_kd,CY-Bench_wheat_AU|AU-331|2016,0.06810081371876264,0.8644356021318096
GROUP_complete,representation_kd,CY-Bench_wheat_AU|AU-331|2017,0.07200094152187653,1.0194666908657544
GROUP_complete,representation_kd,CY-Bench_wheat_AU|AU-331|2018,0.05359929667987973,0.7486437818021985
GROUP_complete,representation_kd,CY-Bench_wheat_AU|AU-331|2019,0.017021072467357068,0.2641807536016145
GROUP_complete,representation_kd,CY-Bench_wheat_AU|AU-331|2020,0.04269768792263684,0.6166400397077672
GROUP_complete,representation_kd,CY-Bench_wheat_AU|AU-331|2021,0.05620779701292222,0.7368094322322118
GROUP_complete,representation_kd,CY-Bench_wheat_AU|AU-331|2022,0.20137661364108184,2.8249760150213055
GROUP_complete,representation_kd,CY-Bench_wheat_AU|AU-331|2023,0.03612229625019758,0.49136447693390206
GROUP_complete,representation_kd,CY-Bench_wheat_AU|AU-332|2015,-0.1861964624045268,-2.052900641434792
GROUP_complete,representation_kd,CY-Bench_wheat_AU|AU-411|2001,-0.0418895689876464,-0.5371523469617765
GROUP_complete,representation_kd,CY-Bench_wheat_AU|AU-411|2002,-0.0687768431271748,-1.0380912181724344
GROUP_complete,representation_kd,CY-Bench_wheat_AU|AU-411|2003,-0.0063964390434951834,-0.08043788363896898
GROUP_complete,representation_kd,CY-Bench_wheat_AU|AU-411|2004,-0.0337386255129305,-0.44808677934219077
GROUP_complete,representation_kd,CY-Bench_wheat_AU|AU-411|2005,-0.07062121225028029,-0.93224515983795
GROUP_complete,representation_kd,CY-Bench_wheat_AU|AU-411|2006,-0.07661311224789802,-1.170947853869012
GROUP_complete,representation_kd,CY-Bench_wheat_AU|AU-411|2007,-0.07330014442256472,-1.0325893099121215
GROUP_complete,representation_kd,CY-Bench_wheat_AU|AU-411|2008,0.032080455607587544,0.46263578514204173
GROUP_complete,representation_kd,CY-Bench_wheat_AU|AU-411|2009,-0.020469973639375638,-0.3562121237393212
GROUP_complete,representation_kd,CY-Bench_wheat_AU|AU-411|2010,-0.011580905658843621,-0.15325952173224344
GROUP_complete,representation_kd,CY-Bench_wheat_AU|AU-411|2011,-0.1299655179321798,-1.842482724343255
GROUP_complete,representation_kd,CY-Bench_wheat_AU|AU-411|2012,-0.04711246583431106,-0.7226016103938697
GROUP_complete,representation_kd,CY-Bench_wheat_AU|AU-411|2013,-0.055092009197944325,-0.9081925937172901
GROUP_complete,representation_kd,CY-Bench_wheat_AU|AU-411|2014,0.008481887875004479,0.12168977179838425
GROUP_complete,representation_kd,CY-Bench_wheat_AU|AU-411|2015,-0.05484933687160487,-0.8369966244103866
GROUP_complete,representation_kd,CY-Bench_wheat_AU|AU-411|2016,0.00921668319065494,0.11656586798917257
GROUP_complete,representation_kd,CY-Bench_wheat_AU|AU-411|2017,-0.0010707584911595625,-0.016121194228547076
GROUP_complete,representation_kd,CY-Bench_wheat_AU|AU-411|2018,0.006005409384083227,0.09555091321485154
GROUP_complete,representation_kd,CY-Bench_wheat_AU|AU-411|2019,-0.07229422112181072,-0.9992412316635839
GROUP_complete,representation_kd,CY-Bench_wheat_AU|AU-411|2020,-0.0921050443796656,-1.3575238498527487
GROUP_complete,representation_kd,CY-Bench_wheat_AU|AU-411|2021,-0.06885144973806634,-0.8855446011235175
GROUP_complete,representation_kd,CY-Bench_wheat_AU|AU-411|2022,-0.023073085118917258,-0.2960099130235738
GROUP_complete,representation_kd,CY-Bench_wheat_AU|AU-411|2023,-0.01485610096242651,-0.22118458182642886
GROUP_complete,representation_kd,CY-Bench_wheat_AU|AU-421|2001,0.12207359031378129,1.3710588514651834
GROUP_complete,representation_kd,CY-Bench_wheat_AU|AU-421|2002,-0.09308229606286622,-1.1523970884125712
GROUP_complete,representation_kd,CY-Bench_wheat_AU|AU-421|2003,0.16222268689290675,1.5619550056440974
GROUP_complete,representation_kd,CY-Bench_wheat_AU|AU-421|2004,0.12020833142508602,1.459730137870297
GROUP_complete,representation_kd,CY-Bench_wheat_AU|AU-421|2005,0.19427187290804115,1.7254669096796542
GROUP_complete,representation_kd,CY-Bench_wheat_AU|AU-421|2006,0.03206866716856438,0.37069793886541635
GROUP_complete,representation_kd,CY-Bench_wheat_AU|AU-421|2007,0.007191624228696902,0.11448745021383466
GROUP_complete,representation_kd,CY-Bench_wheat_AU|AU-421|2008,0.07580979440666535,0.9447802555134963
GROUP_complete,representation_kd,CY-Bench_wheat_AU|AU-421|2009,0.037629383610652156,0.5138649941350879
GROUP_complete,representation_kd,CY-Bench_wheat_AU|AU-421|2010,0.14182048498643984,1.6997611129654322
GROUP_complete,representation_kd,CY-Bench_wheat_AU|AU-421|2011,0.27103098858751895,2.8855150875358238
GROUP_complete,representation_kd,CY-Bench_wheat_AU|AU-421|2012,-0.018284701508664236,-0.2951051345507585
GROUP_complete,representation_kd,CY-Bench_wheat_AU|AU-421|2013,0.05872100110396328,0.7000871644518005
GROUP_complete,representation_kd,CY-Bench_wheat_AU|AU-421|2014,-0.012276094623151712,-0.19027543230897503
GROUP_complete,representation_kd,CY-Bench_wheat_AU|AU-421|2015,-0.007191743894681357,-0.10143182618639734
GROUP_complete,representation_kd,CY-Bench_wheat_AU|AU-421|2016,0.13981316551044687,1.700133494857611
GROUP_complete,representation_kd,CY-Bench_wheat_AU|AU-421|2017,0.1290235223509234,1.614842147463171
GROUP_complete,representation_kd,CY-Bench_wheat_AU|AU-421|2018,0.06740292369964851,0.7570748794263187
GROUP_complete,representation_kd,CY-Bench_wheat_AU|AU-421|2019,-0.04829905666152223,-0.7528343779117375
GROUP_complete,representation_kd,CY-Bench_wheat_AU|AU-421|2020,-0.014732146437831717,-0.18588854647727082
GROUP_complete,representation_kd,CY-Bench_wheat_AU|AU-421|2021,0.1400191057979221,1.3342394834885893
GROUP_complete,representation_kd,CY-Bench_wheat_AU|AU-421|2022,0.1153232511881559,1.2361390363797318
GROUP_complete,representation_kd,CY-Bench_wheat_AU|AU-421|2023,0.115362200338333,1.610553762494173
GROUP_complete,representation_kd,CY-Bench_wheat_AU|AU-422|2001,-0.024157944194628356,-0.35962823871951866
GROUP_complete,representation_kd,CY-Bench_wheat_AU|AU-422|2002,0.05459125414622401,0.7666892068605522
GROUP_complete,representation_kd,CY-Bench_wheat_AU|AU-422|2003,0.08881550346518374,1.2916747185960764
GROUP_complete,representation_kd,CY-Bench_wheat_AU|AU-422|2004,0.11211466066181675,1.6131824482507007
GROUP_complete,representation_kd,CY-Bench_wheat_AU|AU-422|2005,0.011272208774549375,0.16224281179747102
GROUP_complete,representation_kd,CY-Bench_wheat_AU|AU-422|2006,0.011370222055357537,0.1803143562128957
GROUP_complete,representation_kd,CY-Bench_wheat_AU|AU-422|2007,0.030936082831392486,0.4575260634477898
GROUP_complete,representation_kd,CY-Bench_wheat_AU|AU-422|2008,0.06360624364893552,0.9296773351333192
GROUP_complete,representation_kd,CY-Bench_wheat_AU|AU-422|2009,-0.01541143499366604,-0.1942997202265273
GROUP_complete,representation_kd,CY-Bench_wheat_AU|AU-422|2010,-0.07766502268658804,-1.0641208333774905
GROUP_complete,representation_kd,CY-Bench_wheat_AU|AU-422|2011,0.07108010296950096,0.9919504349216268
GROUP_complete,representation_kd,CY-Bench_wheat_AU|AU-422|2012,0.07075949697812667,0.9829124519339691
GROUP_complete,representation_kd,CY-Bench_wheat_AU|AU-422|2013,0.006673180105448817,0.085744786368533
GROUP_complete,representation_kd,CY-Bench_wheat_AU|AU-422|2014,0.04406103084673463,0.6230501529803245
GROUP_complete,representation_kd,CY-Bench_wheat_AU|AU-422|2015,0.05869409186604946,0.8071063613200264
GROUP_complete,representation_kd,CY-Bench_wheat_AU|AU-422|2016,0.021964362324506825,0.3361534612601149
GROUP_complete,representation_kd,CY-Bench_wheat_AU|AU-422|2017,0.0705978644763845,0.9750593128307585
GROUP_complete,representation_kd,CY-Bench_wheat_AU|AU-422|2018,0.026016371931916082,0.33583722834439644
GROUP_complete,representation_kd,CY-Bench_wheat_AU|AU-422|2019,0.029393459764748053,0.3981744265570555
GROUP_complete,representation_kd,CY-Bench_wheat_AU|AU-422|2020,0.10599594031196302,1.5098930296805184
GROUP_complete,representation_kd,CY-Bench_wheat_AU|AU-422|2021,0.05660784711295064,0.8271817767170138
GROUP_complete,representation_kd,CY-Bench_wheat_AU|AU-422|2022,-0.0859201125487592,-1.2486316261305879
GROUP_complete,representation_kd,CY-Bench_wheat_AU|AU-422|2023,0.01568999927538306,0.23219950843004167
GROUP_complete,representation_kd,CY-Bench_wheat_AU|AU-431|2001,0.10492558295653914,1.2464288007559023
GROUP_complete,representation_kd,CY-Bench_wheat_AU|AU-431|2002,-0.15243511977882074,-1.9253129893787602
GROUP_complete,representation_kd,CY-Bench_wheat_AU|AU-431|2003,-0.007008857976336491,-0.17245735818722574
GROUP_complete,representation_kd,CY-Bench_wheat_AU|AU-431|2004,-0.045698815449977837,-0.5783922051543211
GROUP_complete,representation_kd,CY-Bench_wheat_AU|AU-431|2005,0.013634558383189499,0.1114830451619313
GROUP_complete,representation_kd,CY-Bench_wheat_AU|AU-431|2006,0.025263706460356528,0.3468588951820424
GROUP_complete,representation_kd,CY-Bench_wheat_AU|AU-431|2007,-0.20383512173200485,-2.3132455528195255
GROUP_complete,representation_kd,CY-Bench_wheat_AU|AU-431|2008,-0.12130601308688127,-1.505086722545193
GROUP_complete,representation_kd,CY-Bench_wheat_AU|AU-431|2009,-0.053613269284039866,-0.6495063713162161
GROUP_complete,representation_kd,CY-Bench_wheat_AU|AU-431|2010,0.1015608685326681,1.2682872776139291
GROUP_complete,representation_kd,CY-Bench_wheat_AU|AU-431|2011,-0.08725872941440904,-0.9153271066660167
GROUP_complete,representation_kd,CY-Bench_wheat_AU|AU-431|2012,-0.12370162189822642,-1.6208714725153968
GROUP_complete,representation_kd,CY-Bench_wheat_AU|AU-431|2013,-0.007387557781690257,-0.08502748546631178
GROUP_complete,representation_kd,CY-Bench_wheat_AU|AU-431|2014,-0.17482846022694143,-2.0916884796398496
GROUP_complete,representation_kd,CY-Bench_wheat_AU|AU-431|2015,-0.14558234305136541,-1.7048617670254054
GROUP_complete,representation_kd,CY-Bench_wheat_AU|AU-431|2016,0.08928500271473194,0.9752023839007962
GROUP_complete,representation_kd,CY-Bench_wheat_AU|AU-431|2017,-0.018797165310988295,-0.23401430700515036
GROUP_complete,representation_kd,CY-Bench_wheat_AU|AU-431|2018,-0.10199204674782619,-1.3337407593493031
GROUP_complete,representation_kd,CY-Bench_wheat_AU|AU-431|2019,-0.14799888957911816,-1.868369240372917
GROUP_complete,representation_kd,CY-Bench_wheat_AU|AU-431|2020,-0.03270415463714865,-0.36448820240706237
GROUP_complete,representation_kd,CY-Bench_wheat_AU|AU-431|2021,-0.04000170543220005,-0.5523238447357093
GROUP_complete,representation_kd,CY-Bench_wheat_AU|AU-431|2022,0.10848514896867073,1.3256056354298438
GROUP_complete,representation_kd,CY-Bench_wheat_AU|AU-431|2023,-0.18300137249739656,-1.9415189534660966
GROUP_complete,representation_kd,CY-Bench_wheat_AU|AU-521|2001,0.06897433167650002,0.7172422188746745
GROUP_complete,representation_kd,CY-Bench_wheat_AU|AU-521|2002,-0.0246881331951333,-0.2780936653692425
GROUP_complete,representation_kd,CY-Bench_wheat_AU|AU-521|2003,0.08606193473276103,0.8220269427319704
GROUP_complete,representation_kd,CY-Bench_wheat_AU|AU-521|2004,0.046427000614596925,0.4883282265698048
GROUP_complete,representation_kd,CY-Bench_wheat_AU|AU-521|2005,0.12982021626193385,1.4650557664576764
GROUP_complete,representation_kd,CY-Bench_wheat_AU|AU-521|2006,0.03390262373165953,0.40601925159779917
GROUP_complete,representation_kd,CY-Bench_wheat_AU|AU-521|2007,0.06937542814179254,0.7377662251016277
GROUP_complete,representation_kd,CY-Bench_wheat_AU|AU-521|2008,0.07492095537367716,0.8493620203813954
GROUP_complete,representation_kd,CY-Bench_wheat_AU|AU-521|2009,0.10057011234880497,0.9036184464589341
GROUP_complete,representation_kd,CY-Bench_wheat_AU|AU-521|2010,-0.1273047561922076,-1.6187816702621856
GROUP_complete,representation_kd,CY-Bench_wheat_AU|AU-521|2011,0.10038416551420615,0.9469933069949321
GROUP_complete,representation_kd,CY-Bench_wheat_AU|AU-521|2012,0.1093090185590373,1.3277452694952006
GROUP_complete,representation_kd,CY-Bench_wheat_AU|AU-521|2013,0.14797556380891147,1.1839559269875743
GROUP_complete,representation_kd,CY-Bench_wheat_AU|AU-521|2014,0.2919884503462621,2.609690963184751
GROUP_complete,representation_kd,CY-Bench_wheat_AU|AU-521|2015,0.16469787079641296,1.896873772434776
GROUP_complete,representation_kd,CY-Bench_wheat_AU|AU-521|2016,0.04612764686752446,0.5416673259172065
GROUP_complete,representation_kd,CY-Bench_wheat_AU|AU-521|2017,0.1535177475824459,1.2399658139339391
GROUP_complete,representation_kd,CY-Bench_wheat_AU|AU-521|2018,0.10346619088463505,0.9122068342286984
GROUP_complete,representation_kd,CY-Bench_wheat_AU|AU-521|2019,-0.02971868932436217,-0.5034243711313628
GROUP_complete,representation_kd,CY-Bench_wheat_AU|AU-521|2020,0.06256495552800379,0.5511032840477128
GROUP_complete,representation_kd,CY-Bench_wheat_AU|AU-521|2021,0.07875665396957021,0.7111779134813165
GROUP_complete,representation_kd,CY-Bench_wheat_AU|AU-521|2022,0.06552950701052362,0.6817392355417269
GROUP_complete,representation_kd,CY-Bench_wheat_AU|AU-521|2023,-0.07391915186314169,-0.9681745110820916
GROUP_complete,representation_kd,CY-Bench_wheat_AU|AU-522|2001,0.08750427811999517,1.179719733955114
GROUP_complete,representation_kd,CY-Bench_wheat_AU|AU-522|2002,0.10314349366215869,1.2065113043880276
GROUP_complete,representation_kd,CY-Bench_wheat_AU|AU-522|2003,0.01098241377402509,0.14392832676503264
GROUP_complete,representation_kd,CY-Bench_wheat_AU|AU-522|2004,0.04981469793778759,0.6216021532776255
GROUP_complete,representation_kd,CY-Bench_wheat_AU|AU-522|2005,0.12005545435358533,1.3647070120549287
GROUP_complete,representation_kd,CY-Bench_wheat_AU|AU-522|2006,0.11918371507385317,1.3450483370430186
GROUP_complete,representation_kd,CY-Bench_wheat_AU|AU-522|2007,-0.03461755648814724,-0.3821649374009368
GROUP_complete,representation_kd,CY-Bench_wheat_AU|AU-522|2008,0.04700562687165133,0.5558121442220347
GROUP_complete,representation_kd,CY-Bench_wheat_AU|AU-522|2009,0.07620301123963114,0.9518091466906125
GROUP_complete,representation_kd,CY-Bench_wheat_AU|AU-522|2010,0.10270431103915467,1.416179124670676
GROUP_complete,representation_kd,CY-Bench_wheat_AU|AU-522|2011,0.09086511998291169,1.0318963018789074
GROUP_complete,representation_kd,CY-Bench_wheat_AU|AU-522|2012,0.06616663745442852,0.8816753542924856
GROUP_complete,representation_kd,CY-Bench_wheat_AU|AU-522|2013,0.01844556504373085,0.23682316626852362
GROUP_complete,representation_kd,CY-Bench_wheat_AU|AU-522|2014,-0.030817671207779118,-0.3950598641337626
GROUP_complete,representation_kd,CY-Bench_wheat_AU|AU-522|2015,-0.0034519699773780665,-0.04321503783285152
GROUP_complete,representation_kd,CY-Bench_wheat_AU|AU-522|2016,0.01784548130333552,0.19627356312877176
GROUP_complete,representation_kd,CY-Bench_wheat_AU|AU-522|2017,-0.012498976948936424,-0.14433038443703428
GROUP_complete,representation_kd,CY-Bench_wheat_AU|AU-522|2018,0.0407475732879109,0.5039172013698492
GROUP_complete,representation_kd,CY-Bench_wheat_AU|AU-522|2019,0.008023155341375654,0.11890512018503596
GROUP_complete,representation_kd,CY-Bench_wheat_AU|AU-522|2020,-0.013202525302903112,-0.15309836480202854
GROUP_complete,representation_kd,CY-Bench_wheat_AU|AU-522|2021,0.12478178992696887,1.280479901048626
GROUP_complete,representation_kd,CY-Bench_wheat_AU|AU-522|2022,0.1893003351838175,1.7813365887988581
GROUP_complete,representation_kd,CY-Bench_wheat_AU|AU-522|2023,-0.00032245049857138053,-0.004043361308039728
SPATIAL_complete,combined_kd,CY-Bench_wheat_AU|AU-222|2001,0.028763716588288062,0.39004776778767347
SPATIAL_complete,combined_kd,CY-Bench_wheat_AU|AU-222|2002,0.12726460621170796,1.5451597267285486
SPATIAL_complete,combined_kd,CY-Bench_wheat_AU|AU-222|2003,0.1440412691277565,2.1944208936079947
SPATIAL_complete,combined_kd,CY-Bench_wheat_AU|AU-222|2004,0.07037369507627271,0.8534634292470923
SPATIAL_complete,combined_kd,CY-Bench_wheat_AU|AU-222|2005,0.10780622358737717,1.495575474522207
SPATIAL_complete,combined_kd,CY-Bench_wheat_AU|AU-222|2006,-0.044411733400346466,-0.5702203232607704
SPATIAL_complete,combined_kd,CY-Bench_wheat_AU|AU-222|2007,0.10673137351179651,1.2826567438317207
SPATIAL_complete,combined_kd,CY-Bench_wheat_AU|AU-222|2008,0.16127653155317456,1.8811419348935328
SPATIAL_complete,combined_kd,CY-Bench_wheat_AU|AU-222|2009,0.07176706805830117,0.8599176309326685
SPATIAL_complete,combined_kd,CY-Bench_wheat_AU|AU-222|2010,0.026527646768803998,0.39945465242703665
SPATIAL_complete,combined_kd,CY-Bench_wheat_AU|AU-222|2011,0.012808758678182727,0.09714755927051251
SPATIAL_complete,combined_kd,CY-Bench_wheat_AU|AU-222|2012,0.16778646658067645,1.958105268293907
SPATIAL_complete,combined_kd,CY-Bench_wheat_AU|AU-222|2013,0.08003152164020633,1.0617312954451983
SPATIAL_complete,combined_kd,CY-Bench_wheat_AU|AU-222|2014,0.07488029268732606,0.9602894971482471
SPATIAL_complete,combined_kd,CY-Bench_wheat_AU|AU-222|2015,0.0875528990111174,1.0225922079295613
SPATIAL_complete,combined_kd,CY-Bench_wheat_AU|AU-222|2016,-0.0036879494576749217,-0.039379279906108934
SPATIAL_complete,combined_kd,CY-Bench_wheat_AU|AU-222|2017,0.09970322988301188,1.3261865924620464
SPATIAL_complete,combined_kd,CY-Bench_wheat_AU|AU-222|2018,0.17311144171061713,2.090788806948297
SPATIAL_complete,combined_kd,CY-Bench_wheat_AU|AU-222|2019,0.19725274986807448,2.5629941559594065
SPATIAL_complete,combined_kd,CY-Bench_wheat_AU|AU-222|2020,0.06988280770565732,0.901920286997191
SPATIAL_complete,combined_kd,CY-Bench_wheat_AU|AU-222|2021,0.15288545143286977,2.155412807951088
SPATIAL_complete,combined_kd,CY-Bench_wheat_AU|AU-222|2022,-0.038357643074832914,-0.629127050048354
SPATIAL_complete,combined_kd,CY-Bench_wheat_AU|AU-222|2023,0.04956001328695551,0.6177020608389631
SPATIAL_complete,combined_kd,CY-Bench_wheat_AU|AU-512|2001,-0.03296986423694507,-0.4644792927205641
SPATIAL_complete,combined_kd,CY-Bench_wheat_AU|AU-512|2002,0.028185768199410804,0.4182050355475167
SPATIAL_complete,combined_kd,CY-Bench_wheat_AU|AU-512|2004,-0.04463483953660704,-0.6442503360811592
SPATIAL_complete,combined_kd,CY-Bench_wheat_AU|AU-512|2013,-0.0488949982617373,-0.7384145303651714
SPATIAL_complete,combined_kd,CY-Bench_wheat_AU|AU-512|2014,-0.007396618198576103,-0.10404075254911789
SPATIAL_complete,combined_kd,CY-Bench_wheat_AU|AU-512|2015,-0.07292897440321695,-1.080506779857372
SPATIAL_complete,combined_kd,CY-Bench_wheat_AU|AU-512|2022,-0.05312024986257565,-0.7222833436557933
SPATIAL_complete,combined_kd,CY-Bench_wheat_AU|AU-512|2023,0.04895050888915642,0.7665577127469904
SPATIAL_complete,missing_aware,CY-Bench_wheat_AU|AU-222|2001,-0.0023627429289854174,-0.0055852676734919155
SPATIAL_complete,missing_aware,CY-Bench_wheat_AU|AU-222|2002,-0.028290977569641534,-0.3497481096610057
SPATIAL_complete,missing_aware,CY-Bench_wheat_AU|AU-222|2003,0.04483245927241072,0.7352141353243011
SPATIAL_complete,missing_aware,CY-Bench_wheat_AU|AU-222|2004,0.08918282612781543,1.1219807431651863
SPATIAL_complete,missing_aware,CY-Bench_wheat_AU|AU-222|2005,0.046215104453997014,0.6385442621966156
SPATIAL_complete,missing_aware,CY-Bench_wheat_AU|AU-222|2006,0.0013458010459989067,0.0667868654093026
SPATIAL_complete,missing_aware,CY-Bench_wheat_AU|AU-222|2007,0.06681247669883224,0.8731620315085045
SPATIAL_complete,missing_aware,CY-Bench_wheat_AU|AU-222|2008,0.10485061059759974,1.1826939315501697
SPATIAL_complete,missing_aware,CY-Bench_wheat_AU|AU-222|2009,0.03981595077947527,0.4549192318513426
SPATIAL_complete,missing_aware,CY-Bench_wheat_AU|AU-222|2010,-0.04583141640900257,-0.6466012938136618
SPATIAL_complete,missing_aware,CY-Bench_wheat_AU|AU-222|2011,0.058822435483790514,0.7448198182363989
SPATIAL_complete,missing_aware,CY-Bench_wheat_AU|AU-222|2012,0.10322082588114885,1.1746581587163596
SPATIAL_complete,missing_aware,CY-Bench_wheat_AU|AU-222|2013,0.05983105523335993,0.7861614137174078
SPATIAL_complete,missing_aware,CY-Bench_wheat_AU|AU-222|2014,-0.013191646511625002,-0.09031881222113929
SPATIAL_complete,missing_aware,CY-Bench_wheat_AU|AU-222|2015,0.0005669007100309967,-0.01655994051077399
SPATIAL_complete,missing_aware,CY-Bench_wheat_AU|AU-222|2016,-0.05491080916489673,-0.7658199906580346
SPATIAL_complete,missing_aware,CY-Bench_wheat_AU|AU-222|2017,0.06417412678570604,0.8191239421370741
SPATIAL_complete,missing_aware,CY-Bench_wheat_AU|AU-222|2018,0.053722617388440974,0.5680083797429495
SPATIAL_complete,missing_aware,CY-Bench_wheat_AU|AU-222|2019,0.03929635378434752,0.4412625096333394
SPATIAL_complete,missing_aware,CY-Bench_wheat_AU|AU-222|2020,0.08441745556573481,1.0656703624569133
SPATIAL_complete,missing_aware,CY-Bench_wheat_AU|AU-222|2021,0.05892930509515274,0.7944261895485454
SPATIAL_complete,missing_aware,CY-Bench_wheat_AU|AU-222|2022,-0.1032599624305904,-1.4834895744318481
SPATIAL_complete,missing_aware,CY-Bench_wheat_AU|AU-222|2023,0.02226984272115166,0.3087669727212112
SPATIAL_complete,missing_aware,CY-Bench_wheat_AU|AU-512|2001,-0.03813914656838158,-0.5415137537951962
SPATIAL_complete,missing_aware,CY-Bench_wheat_AU|AU-512|2002,-0.0003375420488971696,0.019066738330543547
SPATIAL_complete,missing_aware,CY-Bench_wheat_AU|AU-512|2004,-0.03990396319345272,-0.5730257554835024
SPATIAL_complete,missing_aware,CY-Bench_wheat_AU|AU-512|2013,-0.032394694500878174,-0.4963189439688322
SPATIAL_complete,missing_aware,CY-Bench_wheat_AU|AU-512|2014,-0.014068230961339504,-0.20643731750001018
SPATIAL_complete,missing_aware,CY-Bench_wheat_AU|AU-512|2015,-0.06967632180622903,-1.0200514820227624
SPATIAL_complete,missing_aware,CY-Bench_wheat_AU|AU-512|2022,-0.06600384655122209,-0.8521798751682071
SPATIAL_complete,missing_aware,CY-Bench_wheat_AU|AU-512|2023,0.04450932448381528,0.6890509969189841
SPATIAL_complete,prediction_kd,CY-Bench_wheat_AU|AU-222|2001,-0.013116411301007788,-0.21456615830654732
SPATIAL_complete,prediction_kd,CY-Bench_wheat_AU|AU-222|2002,0.10069762784926646,1.1664101391097583
SPATIAL_complete,prediction_kd,CY-Bench_wheat_AU|AU-222|2003,0.06206236612651095,0.8471759603234267
SPATIAL_complete,prediction_kd,CY-Bench_wheat_AU|AU-222|2004,0.058974510772457335,0.7030219000259871
SPATIAL_complete,prediction_kd,CY-Bench_wheat_AU|AU-222|2005,0.07022569943717642,0.9518019297965395
SPATIAL_complete,prediction_kd,CY-Bench_wheat_AU|AU-222|2006,-0.04777645059146981,-0.663000331915471
SPATIAL_complete,prediction_kd,CY-Bench_wheat_AU|AU-222|2007,0.11975966355102126,1.4354659739849425
SPATIAL_complete,prediction_kd,CY-Bench_wheat_AU|AU-222|2008,0.08095487018636238,0.7960153687944871
SPATIAL_complete,prediction_kd,CY-Bench_wheat_AU|AU-222|2009,0.05324692273635375,0.5900394319140201
SPATIAL_complete,prediction_kd,CY-Bench_wheat_AU|AU-222|2010,-0.01846158363336703,-0.24726532703214144
SPATIAL_complete,prediction_kd,CY-Bench_wheat_AU|AU-222|2011,0.03807826439852088,0.41188698334539087
SPATIAL_complete,prediction_kd,CY-Bench_wheat_AU|AU-222|2012,0.11105726926052291,1.1434210883243492
SPATIAL_complete,prediction_kd,CY-Bench_wheat_AU|AU-222|2013,0.04823526375238063,0.6248806459623205
SPATIAL_complete,prediction_kd,CY-Bench_wheat_AU|AU-222|2014,0.054697852623740016,0.725958101748653
SPATIAL_complete,prediction_kd,CY-Bench_wheat_AU|AU-222|2015,0.057731938426402785,0.6335367057437038
SPATIAL_complete,prediction_kd,CY-Bench_wheat_AU|AU-222|2016,-0.08332797619926428,-1.2059078518986472
SPATIAL_complete,prediction_kd,CY-Bench_wheat_AU|AU-222|2017,0.05301010659861238,0.6701878849048502
SPATIAL_complete,prediction_kd,CY-Bench_wheat_AU|AU-222|2018,0.11176862735621636,1.2202275608567799
SPATIAL_complete,prediction_kd,CY-Bench_wheat_AU|AU-222|2019,0.11263184047465387,1.3190465917705667
SPATIAL_complete,prediction_kd,CY-Bench_wheat_AU|AU-222|2020,0.0627106724063828,0.7888046619404386
SPATIAL_complete,prediction_kd,CY-Bench_wheat_AU|AU-222|2021,0.08854423885308234,1.1713861875414742
SPATIAL_complete,prediction_kd,CY-Bench_wheat_AU|AU-222|2022,-0.06317524774102128,-0.8526962214452342
SPATIAL_complete,prediction_kd,CY-Bench_wheat_AU|AU-222|2023,0.04477372563617684,0.6134345092703821
SPATIAL_complete,prediction_kd,CY-Bench_wheat_AU|AU-512|2001,-0.014825792497658844,-0.2384778663194617
SPATIAL_complete,prediction_kd,CY-Bench_wheat_AU|AU-512|2002,0.007816807766284647,0.19197928590785787
SPATIAL_complete,prediction_kd,CY-Bench_wheat_AU|AU-512|2004,-0.0270293872498442,-0.41627561067638624
SPATIAL_complete,prediction_kd,CY-Bench_wheat_AU|AU-512|2013,-0.02213599734268712,-0.3114989283567799
SPATIAL_complete,prediction_kd,CY-Bench_wheat_AU|AU-512|2014,0.007845632403652695,0.15985778133465298
SPATIAL_complete,prediction_kd,CY-Bench_wheat_AU|AU-512|2015,-0.056881400670259596,-0.7644548205152611
SPATIAL_complete,prediction_kd,CY-Bench_wheat_AU|AU-512|2022,-0.09228151505691495,-1.2422975758067316
SPATIAL_complete,prediction_kd,CY-Bench_wheat_AU|AU-512|2023,0.018009287454760825,0.3300068649757136
SPATIAL_complete,representation_kd,CY-Bench_wheat_AU|AU-222|2001,-0.026253686659685416,-0.3719238123283753
SPATIAL_complete,representation_kd,CY-Bench_wheat_AU|AU-222|2002,0.07424431935826743,1.0520272327996218
SPATIAL_complete,representation_kd,CY-Bench_wheat_AU|AU-222|2003,0.07838322735204047,1.0969103022973634
SPATIAL_complete,representation_kd,CY-Bench_wheat_AU|AU-222|2004,0.1348287745907629,1.7894885549442072
SPATIAL_complete,representation_kd,CY-Bench_wheat_AU|AU-222|2005,0.08277363755527074,1.1091172826695335
SPATIAL_complete,representation_kd,CY-Bench_wheat_AU|AU-222|2006,-0.06339698127826739,-0.8155916269796911
SPATIAL_complete,representation_kd,CY-Bench_wheat_AU|AU-222|2007,0.08549505747415409,1.1219166980447313
SPATIAL_complete,representation_kd,CY-Bench_wheat_AU|AU-222|2008,0.14005987872385547,1.6717701580795665
SPATIAL_complete,representation_kd,CY-Bench_wheat_AU|AU-222|2009,0.0935197888475386,1.2617977694621179
SPATIAL_complete,representation_kd,CY-Bench_wheat_AU|AU-222|2010,-0.03117920772468789,-0.3788975207837681
SPATIAL_complete,representation_kd,CY-Bench_wheat_AU|AU-222|2011,0.14397995941805355,1.9475798627833383
SPATIAL_complete,representation_kd,CY-Bench_wheat_AU|AU-222|2012,0.13616984960694312,1.5852831955855435
SPATIAL_complete,representation_kd,CY-Bench_wheat_AU|AU-222|2013,0.10284795075924365,1.433734328318442
SPATIAL_complete,representation_kd,CY-Bench_wheat_AU|AU-222|2014,0.03671074477047639,0.7584424577021367
SPATIAL_complete,representation_kd,CY-Bench_wheat_AU|AU-222|2015,0.07498778609225558,0.9909530143799884
SPATIAL_complete,representation_kd,CY-Bench_wheat_AU|AU-222|2016,-0.052282299910191954,-0.7950533983877547
SPATIAL_complete,representation_kd,CY-Bench_wheat_AU|AU-222|2017,0.14208377263518704,1.9931471544862915
SPATIAL_complete,representation_kd,CY-Bench_wheat_AU|AU-222|2018,0.13533231823500888,1.7092333568570834
SPATIAL_complete,representation_kd,CY-Bench_wheat_AU|AU-222|2019,0.1321671682158483,1.6526203851529433
SPATIAL_complete,representation_kd,CY-Bench_wheat_AU|AU-222|2020,0.14578531702864736,1.9904875978287524
SPATIAL_complete,representation_kd,CY-Bench_wheat_AU|AU-222|2021,0.10381497228728202,1.4056240083573746
SPATIAL_complete,representation_kd,CY-Bench_wheat_AU|AU-222|2022,-0.013465301950617311,-0.21829793084146912
SPATIAL_complete,representation_kd,CY-Bench_wheat_AU|AU-222|2023,0.07783036342031657,1.0536929847208185
SPATIAL_complete,representation_kd,CY-Bench_wheat_AU|AU-512|2001,-0.08541828487787335,-1.1765231844346429
SPATIAL_complete,representation_kd,CY-Bench_wheat_AU|AU-512|2002,-0.036727236849959044,-0.4908073737055683
SPATIAL_complete,representation_kd,CY-Bench_wheat_AU|AU-512|2004,-0.09755376406042153,-1.324713524548315
SPATIAL_complete,representation_kd,CY-Bench_wheat_AU|AU-512|2013,-0.07515443642814608,-1.0888423202795616
SPATIAL_complete,representation_kd,CY-Bench_wheat_AU|AU-512|2014,-0.05192291427011975,-0.7424534531376423
SPATIAL_complete,representation_kd,CY-Bench_wheat_AU|AU-512|2015,-0.09906901450763983,-1.4348421442898298
SPATIAL_complete,representation_kd,CY-Bench_wheat_AU|AU-512|2022,-0.11916891092755144,-1.6024386135585862
SPATIAL_complete,representation_kd,CY-Bench_wheat_AU|AU-512|2023,-0.04915339026339164,-0.6327684509256241
