contract,method,sample_id,rank_rho,sign_agreement,top3_overlap
GROUP_complete,combined_kd,CY-Bench_wheat_AU|AU-111|2001,0.28484848484848485,0.5,0.3333333333333333
GROUP_complete,combined_kd,CY-Bench_wheat_AU|AU-111|2002,0.11515151515151514,0.6,0.0
GROUP_complete,combined_kd,CY-Bench_wheat_AU|AU-111|2003,0.11515151515151514,0.4,0.3333333333333333
GROUP_complete,combined_kd,CY-Bench_wheat_AU|AU-111|2004,-0.1515151515151515,0.3,0.0
GROUP_complete,combined_kd,CY-Bench_wheat_AU|AU-111|2005,0.5272727272727272,0.4,0.3333333333333333
GROUP_complete,combined_kd,CY-Bench_wheat_AU|AU-111|2006,0.29696969696969694,0.5,0.3333333333333333
GROUP_complete,combined_kd,CY-Bench_wheat_AU|AU-111|2007,0.2727272727272727,0.4,0.3333333333333333
GROUP_complete,combined_kd,CY-Bench_wheat_AU|AU-111|2008,-0.13939393939393938,0.3,0.0
GROUP_complete,combined_kd,CY-Bench_wheat_AU|AU-111|2009,0.4424242424242424,0.5,0.3333333333333333
GROUP_complete,combined_kd,CY-Bench_wheat_AU|AU-111|2010,0.6606060606060605,1.0,0.6666666666666666
GROUP_complete,combined_kd,CY-Bench_wheat_AU|AU-111|2011,-0.0303030303030303,0.4,0.3333333333333333
GROUP_complete,combined_kd,CY-Bench_wheat_AU|AU-111|2012,-0.23636363636363633,0.8,0.3333333333333333
GROUP_complete,combined_kd,CY-Bench_wheat_AU|AU-111|2013,-0.006060606060606061,0.4,0.3333333333333333
GROUP_complete,combined_kd,CY-Bench_wheat_AU|AU-111|2014,0.2606060606060606,0.4,0.3333333333333333
GROUP_complete,combined_kd,CY-Bench_wheat_AU|AU-111|2015,0.12727272727272726,0.4,0.0
GROUP_complete,combined_kd,CY-Bench_wheat_AU|AU-111|2016,0.406060606060606,0.6,0.3333333333333333
GROUP_complete,combined_kd,CY-Bench_wheat_AU|AU-111|2017,0.006060606060606061,0.5,0.3333333333333333
GROUP_complete,combined_kd,CY-Bench_wheat_AU|AU-111|2018,0.29696969696969694,0.4,0.3333333333333333
GROUP_complete,combined_kd,CY-Bench_wheat_AU|AU-111|2019,-0.0303030303030303,0.7,0.3333333333333333
GROUP_complete,combined_kd,CY-Bench_wheat_AU|AU-111|2020,0.09090909090909088,0.5,0.3333333333333333
GROUP_complete,combined_kd,CY-Bench_wheat_AU|AU-111|2021,-0.07878787878787878,0.3,0.0
GROUP_complete,combined_kd,CY-Bench_wheat_AU|AU-111|2022,0.7454545454545454,0.8,0.6666666666666666
GROUP_complete,combined_kd,CY-Bench_wheat_AU|AU-111|2023,-0.22424242424242422,0.6,0.0
GROUP_complete,combined_kd,CY-Bench_wheat_AU|AU-123|2001,0.5272727272727272,0.5,0.3333333333333333
GROUP_complete,combined_kd,CY-Bench_wheat_AU|AU-123|2002,0.2121212121212121,0.6,0.0
GROUP_complete,combined_kd,CY-Bench_wheat_AU|AU-123|2003,0.2727272727272727,0.8,0.3333333333333333
GROUP_complete,combined_kd,CY-Bench_wheat_AU|AU-123|2004,0.0303030303030303,0.6,0.3333333333333333
GROUP_complete,combined_kd,CY-Bench_wheat_AU|AU-123|2005,0.5878787878787878,0.6,0.3333333333333333
GROUP_complete,combined_kd,CY-Bench_wheat_AU|AU-123|2006,0.32121212121212117,0.6,0.3333333333333333
GROUP_complete,combined_kd,CY-Bench_wheat_AU|AU-123|2007,0.34545454545454546,0.5,0.0
GROUP_complete,combined_kd,CY-Bench_wheat_AU|AU-123|2008,0.2727272727272727,0.6,0.3333333333333333
GROUP_complete,combined_kd,CY-Bench_wheat_AU|AU-123|2009,-0.04242424242424241,0.4,0.0
GROUP_complete,combined_kd,CY-Bench_wheat_AU|AU-123|2010,0.28484848484848485,0.8,0.3333333333333333
GROUP_complete,combined_kd,CY-Bench_wheat_AU|AU-123|2011,0.32121212121212117,0.2,0.3333333333333333
GROUP_complete,combined_kd,CY-Bench_wheat_AU|AU-123|2012,0.2121212121212121,0.5,0.0
GROUP_complete,combined_kd,CY-Bench_wheat_AU|AU-123|2013,0.2121212121212121,0.5,0.3333333333333333
GROUP_complete,combined_kd,CY-Bench_wheat_AU|AU-123|2014,0.38181818181818183,0.6,0.3333333333333333
GROUP_complete,combined_kd,CY-Bench_wheat_AU|AU-123|2015,0.33333333333333326,0.4,0.0
GROUP_complete,combined_kd,CY-Bench_wheat_AU|AU-123|2016,0.41818181818181815,0.7,0.3333333333333333
GROUP_complete,combined_kd,CY-Bench_wheat_AU|AU-123|2017,0.32121212121212117,0.5,0.6666666666666666
GROUP_complete,combined_kd,CY-Bench_wheat_AU|AU-123|2018,0.32121212121212117,0.5,0.3333333333333333
GROUP_complete,combined_kd,CY-Bench_wheat_AU|AU-123|2019,0.309090909090909,0.3,0.3333333333333333
GROUP_complete,combined_kd,CY-Bench_wheat_AU|AU-123|2020,0.12727272727272726,0.3,0.3333333333333333
GROUP_complete,combined_kd,CY-Bench_wheat_AU|AU-123|2021,0.6121212121212121,0.7,0.6666666666666666
GROUP_complete,combined_kd,CY-Bench_wheat_AU|AU-123|2022,0.3939393939393939,0.8,0.3333333333333333
GROUP_complete,combined_kd,CY-Bench_wheat_AU|AU-123|2023,0.49090909090909085,0.5,0.3333333333333333
GROUP_complete,combined_kd,CY-Bench_wheat_AU|AU-222|2001,0.9151515151515152,0.7,1.0
GROUP_complete,combined_kd,CY-Bench_wheat_AU|AU-222|2002,0.8424242424242423,0.8,0.6666666666666666
GROUP_complete,combined_kd,CY-Bench_wheat_AU|AU-222|2003,0.7575757575757575,0.7,0.6666666666666666
GROUP_complete,combined_kd,CY-Bench_wheat_AU|AU-222|2004,0.8303030303030302,0.9,0.6666666666666666
GROUP_complete,combined_kd,CY-Bench_wheat_AU|AU-222|2005,0.8303030303030302,0.8,0.6666666666666666
GROUP_complete,combined_kd,CY-Bench_wheat_AU|AU-222|2006,0.24848484848484845,0.6,0.0
GROUP_complete,combined_kd,CY-Bench_wheat_AU|AU-222|2007,0.406060606060606,0.7,0.3333333333333333
GROUP_complete,combined_kd,CY-Bench_wheat_AU|AU-222|2008,0.7939393939393938,0.8,0.6666666666666666
GROUP_complete,combined_kd,CY-Bench_wheat_AU|AU-222|2009,0.7333333333333332,0.9,0.6666666666666666
GROUP_complete,combined_kd,CY-Bench_wheat_AU|AU-222|2010,0.6848484848484848,0.8,1.0
GROUP_complete,combined_kd,CY-Bench_wheat_AU|AU-222|2011,0.8303030303030302,0.9,0.6666666666666666
GROUP_complete,combined_kd,CY-Bench_wheat_AU|AU-222|2012,0.6969696969696969,0.8,0.3333333333333333
GROUP_complete,combined_kd,CY-Bench_wheat_AU|AU-222|2013,0.9636363636363635,0.9,0.6666666666666666
GROUP_complete,combined_kd,CY-Bench_wheat_AU|AU-222|2014,0.2727272727272727,0.8,0.3333333333333333
GROUP_complete,combined_kd,CY-Bench_wheat_AU|AU-222|2015,0.7696969696969697,0.7,0.6666666666666666
GROUP_complete,combined_kd,CY-Bench_wheat_AU|AU-222|2016,0.6969696969696969,0.8,1.0
GROUP_complete,combined_kd,CY-Bench_wheat_AU|AU-222|2017,0.9151515151515152,0.9,0.6666666666666666
GROUP_complete,combined_kd,CY-Bench_wheat_AU|AU-222|2018,0.8303030303030302,0.8,0.6666666666666666
GROUP_complete,combined_kd,CY-Bench_wheat_AU|AU-222|2019,0.6121212121212121,0.8,0.3333333333333333
GROUP_complete,combined_kd,CY-Bench_wheat_AU|AU-222|2020,0.8424242424242423,0.9,0.6666666666666666
GROUP_complete,combined_kd,CY-Bench_wheat_AU|AU-222|2021,0.9272727272727272,0.9,0.6666666666666666
GROUP_complete,combined_kd,CY-Bench_wheat_AU|AU-222|2022,0.35757575757575755,0.6,0.3333333333333333
GROUP_complete,combined_kd,CY-Bench_wheat_AU|AU-222|2023,0.8424242424242423,0.9,0.6666666666666666
GROUP_complete,combined_kd,CY-Bench_wheat_AU|AU-231|2001,0.22424242424242422,0.6,0.0
GROUP_complete,combined_kd,CY-Bench_wheat_AU|AU-231|2002,-0.01818181818181818,0.4,0.0
GROUP_complete,combined_kd,CY-Bench_wheat_AU|AU-231|2003,0.4666666666666666,0.6,0.6666666666666666
GROUP_complete,combined_kd,CY-Bench_wheat_AU|AU-231|2004,0.4666666666666666,0.5,0.6666666666666666
GROUP_complete,combined_kd,CY-Bench_wheat_AU|AU-231|2005,0.22424242424242422,0.4,0.3333333333333333
GROUP_complete,combined_kd,CY-Bench_wheat_AU|AU-231|2006,0.4424242424242424,0.4,0.3333333333333333
GROUP_complete,combined_kd,CY-Bench_wheat_AU|AU-231|2007,0.01818181818181818,0.5,0.3333333333333333
GROUP_complete,combined_kd,CY-Bench_wheat_AU|AU-231|2008,0.01818181818181818,0.3,0.3333333333333333
GROUP_complete,combined_kd,CY-Bench_wheat_AU|AU-231|2009,0.28484848484848485,0.4,0.6666666666666666
GROUP_complete,combined_kd,CY-Bench_wheat_AU|AU-231|2010,0.4787878787878787,0.7,0.6666666666666666
GROUP_complete,combined_kd,CY-Bench_wheat_AU|AU-231|2011,0.22424242424242422,0.5,0.3333333333333333
GROUP_complete,combined_kd,CY-Bench_wheat_AU|AU-231|2012,0.38181818181818183,0.4,0.3333333333333333
GROUP_complete,combined_kd,CY-Bench_wheat_AU|AU-231|2013,0.5757575757575757,0.4,0.6666666666666666
GROUP_complete,combined_kd,CY-Bench_wheat_AU|AU-231|2014,0.5515151515151515,0.4,0.6666666666666666
GROUP_complete,combined_kd,CY-Bench_wheat_AU|AU-231|2015,0.5878787878787878,0.4,0.6666666666666666
GROUP_complete,combined_kd,CY-Bench_wheat_AU|AU-231|2016,0.5272727272727272,0.5,0.6666666666666666
GROUP_complete,combined_kd,CY-Bench_wheat_AU|AU-231|2017,0.2727272727272727,0.5,0.6666666666666666
GROUP_complete,combined_kd,CY-Bench_wheat_AU|AU-231|2018,-0.1515151515151515,0.5,0.0
GROUP_complete,combined_kd,CY-Bench_wheat_AU|AU-231|2019,0.1515151515151515,0.4,0.0
GROUP_complete,combined_kd,CY-Bench_wheat_AU|AU-231|2020,0.4545454545454545,0.4,0.3333333333333333
GROUP_complete,combined_kd,CY-Bench_wheat_AU|AU-231|2021,0.33333333333333326,0.5,0.3333333333333333
GROUP_complete,combined_kd,CY-Bench_wheat_AU|AU-231|2022,0.6121212121212121,0.7,1.0
GROUP_complete,combined_kd,CY-Bench_wheat_AU|AU-231|2023,0.24848484848484845,0.2,0.3333333333333333
GROUP_complete,combined_kd,CY-Bench_wheat_AU|AU-312|2003,0.5636363636363636,0.6,0.3333333333333333
GROUP_complete,combined_kd,CY-Bench_wheat_AU|AU-312|2009,0.3939393939393939,0.6,0.3333333333333333
GROUP_complete,combined_kd,CY-Bench_wheat_AU|AU-322|2001,0.309090909090909,0.3,0.3333333333333333
GROUP_complete,combined_kd,CY-Bench_wheat_AU|AU-322|2002,0.6848484848484848,0.3,0.6666666666666666
GROUP_complete,combined_kd,CY-Bench_wheat_AU|AU-322|2003,0.8545454545454544,0.1,0.6666666666666666
GROUP_complete,combined_kd,CY-Bench_wheat_AU|AU-322|2004,0.5515151515151515,0.3,0.6666666666666666
GROUP_complete,combined_kd,CY-Bench_wheat_AU|AU-322|2005,0.49090909090909085,0.9,0.6666666666666666
GROUP_complete,combined_kd,CY-Bench_wheat_AU|AU-322|2006,0.6969696969696969,0.4,0.6666666666666666
GROUP_complete,combined_kd,CY-Bench_wheat_AU|AU-322|2007,0.38181818181818183,0.9,0.6666666666666666
GROUP_complete,combined_kd,CY-Bench_wheat_AU|AU-322|2008,0.5878787878787878,0.8,0.6666666666666666
GROUP_complete,combined_kd,CY-Bench_wheat_AU|AU-322|2009,0.406060606060606,0.3,0.6666666666666666
GROUP_complete,combined_kd,CY-Bench_wheat_AU|AU-322|2010,0.16363636363636364,0.7,0.0
GROUP_complete,combined_kd,CY-Bench_wheat_AU|AU-322|2011,0.13939393939393938,0.7,0.3333333333333333
GROUP_complete,combined_kd,CY-Bench_wheat_AU|AU-322|2012,0.29696969696969694,0.6,0.3333333333333333
GROUP_complete,combined_kd,CY-Bench_wheat_AU|AU-322|2013,0.6848484848484848,0.4,0.3333333333333333
GROUP_complete,combined_kd,CY-Bench_wheat_AU|AU-322|2014,0.6606060606060605,0.3,0.6666666666666666
GROUP_complete,combined_kd,CY-Bench_wheat_AU|AU-322|2015,0.28484848484848485,0.5,0.6666666666666666
GROUP_complete,combined_kd,CY-Bench_wheat_AU|AU-322|2016,0.4666666666666666,0.9,0.6666666666666666
GROUP_complete,combined_kd,CY-Bench_wheat_AU|AU-322|2017,0.6969696969696969,0.2,0.6666666666666666
GROUP_complete,combined_kd,CY-Bench_wheat_AU|AU-322|2018,0.6242424242424242,0.3,0.6666666666666666
GROUP_complete,combined_kd,CY-Bench_wheat_AU|AU-322|2019,0.6727272727272726,0.4,0.6666666666666666
GROUP_complete,combined_kd,CY-Bench_wheat_AU|AU-322|2020,0.6121212121212121,0.5,0.6666666666666666
GROUP_complete,combined_kd,CY-Bench_wheat_AU|AU-322|2021,0.34545454545454546,1.0,0.3333333333333333
GROUP_complete,combined_kd,CY-Bench_wheat_AU|AU-322|2022,0.5878787878787878,0.6,0.3333333333333333
GROUP_complete,combined_kd,CY-Bench_wheat_AU|AU-322|2023,0.7696969696969697,0.4,0.3333333333333333
GROUP_complete,combined_kd,CY-Bench_wheat_AU|AU-331|2001,0.0303030303030303,0.5,0.3333333333333333
GROUP_complete,combined_kd,CY-Bench_wheat_AU|AU-331|2002,0.49090909090909085,0.7,0.6666666666666666
GROUP_complete,combined_kd,CY-Bench_wheat_AU|AU-331|2003,0.16363636363636364,0.9,0.3333333333333333
GROUP_complete,combined_kd,CY-Bench_wheat_AU|AU-331|2004,0.309090909090909,0.5,0.3333333333333333
GROUP_complete,combined_kd,CY-Bench_wheat_AU|AU-331|2005,0.5272727272727272,0.8,0.3333333333333333
GROUP_complete,combined_kd,CY-Bench_wheat_AU|AU-331|2006,0.406060606060606,0.8,0.3333333333333333
GROUP_complete,combined_kd,CY-Bench_wheat_AU|AU-331|2007,0.1515151515151515,0.7,0.3333333333333333
GROUP_complete,combined_kd,CY-Bench_wheat_AU|AU-331|2008,0.07878787878787878,0.6,0.3333333333333333
GROUP_complete,combined_kd,CY-Bench_wheat_AU|AU-331|2009,0.32121212121212117,0.3,0.6666666666666666
GROUP_complete,combined_kd,CY-Bench_wheat_AU|AU-331|2010,0.32121212121212117,0.7,0.3333333333333333
GROUP_complete,combined_kd,CY-Bench_wheat_AU|AU-331|2011,-0.006060606060606061,0.5,0.0
GROUP_complete,combined_kd,CY-Bench_wheat_AU|AU-331|2012,-0.16363636363636364,0.7,0.0
GROUP_complete,combined_kd,CY-Bench_wheat_AU|AU-331|2013,0.3696969696969697,0.8,0.3333333333333333
GROUP_complete,combined_kd,CY-Bench_wheat_AU|AU-331|2014,0.10303030303030303,0.5,0.3333333333333333
GROUP_complete,combined_kd,CY-Bench_wheat_AU|AU-331|2015,0.29696969696969694,0.8,0.3333333333333333
GROUP_complete,combined_kd,CY-Bench_wheat_AU|AU-331|2016,0.3696969696969697,0.8,0.3333333333333333
GROUP_complete,combined_kd,CY-Bench_wheat_AU|AU-331|2017,0.4787878787878787,0.6,0.6666666666666666
GROUP_complete,combined_kd,CY-Bench_wheat_AU|AU-331|2018,0.17575757575757575,0.8,0.3333333333333333
GROUP_complete,combined_kd,CY-Bench_wheat_AU|AU-331|2019,0.6,0.6,0.6666666666666666
GROUP_complete,combined_kd,CY-Bench_wheat_AU|AU-331|2020,0.43030303030303024,0.8,0.3333333333333333
GROUP_complete,combined_kd,CY-Bench_wheat_AU|AU-331|2021,0.29696969696969694,1.0,0.3333333333333333
GROUP_complete,combined_kd,CY-Bench_wheat_AU|AU-331|2022,0.29696969696969694,0.9,0.3333333333333333
GROUP_complete,combined_kd,CY-Bench_wheat_AU|AU-331|2023,0.6363636363636362,0.6,0.6666666666666666
GROUP_complete,combined_kd,CY-Bench_wheat_AU|AU-332|2015,0.6484848484848483,0.5,0.6666666666666666
GROUP_complete,combined_kd,CY-Bench_wheat_AU|AU-411|2001,0.6727272727272726,0.7,0.6666666666666666
GROUP_complete,combined_kd,CY-Bench_wheat_AU|AU-411|2002,-0.04242424242424241,0.6,0.0
GROUP_complete,combined_kd,CY-Bench_wheat_AU|AU-411|2003,0.28484848484848485,0.8,0.3333333333333333
GROUP_complete,combined_kd,CY-Bench_wheat_AU|AU-411|2004,0.5393939393939393,0.9,0.3333333333333333
GROUP_complete,combined_kd,CY-Bench_wheat_AU|AU-411|2005,0.7818181818181817,0.7,0.6666666666666666
GROUP_complete,combined_kd,CY-Bench_wheat_AU|AU-411|2006,0.2121212121212121,0.9,0.3333333333333333
GROUP_complete,combined_kd,CY-Bench_wheat_AU|AU-411|2007,0.6363636363636362,0.8,0.6666666666666666
GROUP_complete,combined_kd,CY-Bench_wheat_AU|AU-411|2008,0.19999999999999998,0.4,0.6666666666666666
GROUP_complete,combined_kd,CY-Bench_wheat_AU|AU-411|2009,0.6848484848484848,0.6,0.6666666666666666
GROUP_complete,combined_kd,CY-Bench_wheat_AU|AU-411|2010,0.5757575757575757,0.8,0.3333333333333333
GROUP_complete,combined_kd,CY-Bench_wheat_AU|AU-411|2011,0.6121212121212121,0.4,0.6666666666666666
GROUP_complete,combined_kd,CY-Bench_wheat_AU|AU-411|2012,0.33333333333333326,0.6,0.3333333333333333
GROUP_complete,combined_kd,CY-Bench_wheat_AU|AU-411|2014,0.2727272727272727,0.8,0.3333333333333333
GROUP_complete,combined_kd,CY-Bench_wheat_AU|AU-411|2016,0.6363636363636362,0.6,0.6666666666666666
GROUP_complete,combined_kd,CY-Bench_wheat_AU|AU-411|2017,0.41818181818181815,0.6,0.6666666666666666
GROUP_complete,combined_kd,CY-Bench_wheat_AU|AU-411|2018,0.5030303030303029,0.7,0.6666666666666666
GROUP_complete,combined_kd,CY-Bench_wheat_AU|AU-411|2019,0.49090909090909085,0.9,0.6666666666666666
GROUP_complete,combined_kd,CY-Bench_wheat_AU|AU-411|2020,0.7454545454545454,0.5,1.0
GROUP_complete,combined_kd,CY-Bench_wheat_AU|AU-411|2021,0.5515151515151515,0.7,0.3333333333333333
GROUP_complete,combined_kd,CY-Bench_wheat_AU|AU-411|2022,0.7696969696969697,0.7,0.6666666666666666
GROUP_complete,combined_kd,CY-Bench_wheat_AU|AU-411|2023,0.35757575757575755,0.8,0.3333333333333333
GROUP_complete,combined_kd,CY-Bench_wheat_AU|AU-421|2001,0.6363636363636362,0.8,0.6666666666666666
GROUP_complete,combined_kd,CY-Bench_wheat_AU|AU-421|2002,0.11515151515151514,0.5,0.3333333333333333
GROUP_complete,combined_kd,CY-Bench_wheat_AU|AU-421|2003,0.19999999999999998,0.4,0.0
GROUP_complete,combined_kd,CY-Bench_wheat_AU|AU-421|2004,0.1515151515151515,0.6,0.3333333333333333
GROUP_complete,combined_kd,CY-Bench_wheat_AU|AU-421|2005,-0.01818181818181818,0.5,0.0
GROUP_complete,combined_kd,CY-Bench_wheat_AU|AU-421|2006,0.6969696969696969,0.8,1.0
GROUP_complete,combined_kd,CY-Bench_wheat_AU|AU-421|2007,0.8909090909090909,0.9,1.0
GROUP_complete,combined_kd,CY-Bench_wheat_AU|AU-421|2008,0.1515151515151515,0.5,0.3333333333333333
GROUP_complete,combined_kd,CY-Bench_wheat_AU|AU-421|2009,0.309090909090909,0.6,0.6666666666666666
GROUP_complete,combined_kd,CY-Bench_wheat_AU|AU-421|2010,0.6969696969696969,0.9,1.0
GROUP_complete,combined_kd,CY-Bench_wheat_AU|AU-421|2011,0.33333333333333326,0.6,0.3333333333333333
GROUP_complete,combined_kd,CY-Bench_wheat_AU|AU-421|2012,0.2727272727272727,0.7,0.3333333333333333
GROUP_complete,combined_kd,CY-Bench_wheat_AU|AU-421|2013,0.2727272727272727,0.5,0.3333333333333333
GROUP_complete,combined_kd,CY-Bench_wheat_AU|AU-421|2014,0.8060606060606059,0.8,0.6666666666666666
GROUP_complete,combined_kd,CY-Bench_wheat_AU|AU-421|2015,0.2727272727272727,0.5,0.3333333333333333
GROUP_complete,combined_kd,CY-Bench_wheat_AU|AU-421|2016,-0.04242424242424241,0.4,0.0
GROUP_complete,combined_kd,CY-Bench_wheat_AU|AU-421|2017,0.29696969696969694,0.7,0.3333333333333333
GROUP_complete,combined_kd,CY-Bench_wheat_AU|AU-421|2018,0.3696969696969697,0.5,0.6666666666666666
GROUP_complete,combined_kd,CY-Bench_wheat_AU|AU-421|2019,-0.11515151515151514,0.9,0.0
GROUP_complete,combined_kd,CY-Bench_wheat_AU|AU-421|2020,0.19999999999999998,0.5,0.3333333333333333
GROUP_complete,combined_kd,CY-Bench_wheat_AU|AU-421|2021,0.33333333333333326,0.6,0.3333333333333333
GROUP_complete,combined_kd,CY-Bench_wheat_AU|AU-421|2022,0.6727272727272726,1.0,0.6666666666666666
GROUP_complete,combined_kd,CY-Bench_wheat_AU|AU-421|2023,0.24848484848484845,0.4,0.3333333333333333
GROUP_complete,combined_kd,CY-Bench_wheat_AU|AU-422|2001,0.7454545454545454,0.9,0.6666666666666666
GROUP_complete,combined_kd,CY-Bench_wheat_AU|AU-422|2002,0.41818181818181815,0.8,0.6666666666666666
GROUP_complete,combined_kd,CY-Bench_wheat_AU|AU-422|2003,0.6242424242424242,0.9,0.6666666666666666
GROUP_complete,combined_kd,CY-Bench_wheat_AU|AU-422|2004,0.5636363636363636,0.9,0.6666666666666666
GROUP_complete,combined_kd,CY-Bench_wheat_AU|AU-422|2005,0.6969696969696969,0.8,0.6666666666666666
GROUP_complete,combined_kd,CY-Bench_wheat_AU|AU-422|2006,0.28484848484848485,0.6,0.3333333333333333
GROUP_complete,combined_kd,CY-Bench_wheat_AU|AU-422|2007,0.5636363636363636,0.6,0.6666666666666666
GROUP_complete,combined_kd,CY-Bench_wheat_AU|AU-422|2008,0.5636363636363636,0.8,0.3333333333333333
GROUP_complete,combined_kd,CY-Bench_wheat_AU|AU-422|2009,0.709090909090909,0.7,0.6666666666666666
GROUP_complete,combined_kd,CY-Bench_wheat_AU|AU-422|2010,0.8060606060606059,0.9,0.6666666666666666
GROUP_complete,combined_kd,CY-Bench_wheat_AU|AU-422|2011,0.6121212121212121,0.7,0.6666666666666666
GROUP_complete,combined_kd,CY-Bench_wheat_AU|AU-422|2012,0.6606060606060605,0.8,0.6666666666666666
GROUP_complete,combined_kd,CY-Bench_wheat_AU|AU-422|2013,0.6727272727272726,0.6,0.6666666666666666
GROUP_complete,combined_kd,CY-Bench_wheat_AU|AU-422|2014,0.5757575757575757,0.6,0.3333333333333333
GROUP_complete,combined_kd,CY-Bench_wheat_AU|AU-422|2015,0.6606060606060605,0.7,0.6666666666666666
GROUP_complete,combined_kd,CY-Bench_wheat_AU|AU-422|2016,0.7818181818181817,1.0,0.6666666666666666
GROUP_complete,combined_kd,CY-Bench_wheat_AU|AU-422|2017,0.4787878787878787,0.7,0.3333333333333333
GROUP_complete,combined_kd,CY-Bench_wheat_AU|AU-422|2018,0.5515151515151515,0.7,0.6666666666666666
GROUP_complete,combined_kd,CY-Bench_wheat_AU|AU-422|2019,0.43030303030303024,0.7,0.3333333333333333
GROUP_complete,combined_kd,CY-Bench_wheat_AU|AU-422|2020,0.5636363636363636,0.9,0.6666666666666666
GROUP_complete,combined_kd,CY-Bench_wheat_AU|AU-422|2021,0.6848484848484848,0.9,0.6666666666666666
GROUP_complete,combined_kd,CY-Bench_wheat_AU|AU-422|2022,0.5636363636363636,1.0,0.3333333333333333
GROUP_complete,combined_kd,CY-Bench_wheat_AU|AU-422|2023,0.8060606060606059,0.7,0.6666666666666666
GROUP_complete,combined_kd,CY-Bench_wheat_AU|AU-431|2001,0.703030303030303,0.7,0.6666666666666666
GROUP_complete,combined_kd,CY-Bench_wheat_AU|AU-431|2002,0.5636363636363635,0.44999999999999996,0.6666666666666666
GROUP_complete,combined_kd,CY-Bench_wheat_AU|AU-431|2003,0.7030303030303029,0.65,0.8333333333333333
GROUP_complete,combined_kd,CY-Bench_wheat_AU|AU-431|2004,0.44848484848484843,0.75,0.6666666666666666
GROUP_complete,combined_kd,CY-Bench_wheat_AU|AU-431|2005,0.6181818181818182,0.75,0.8333333333333333
GROUP_complete,combined_kd,CY-Bench_wheat_AU|AU-431|2006,0.17575757575757575,0.6000000000000001,0.16666666666666666
GROUP_complete,combined_kd,CY-Bench_wheat_AU|AU-431|2007,0.21818181818181814,0.5,0.3333333333333333
GROUP_complete,combined_kd,CY-Bench_wheat_AU|AU-431|2008,0.406060606060606,0.55,0.5
GROUP_complete,combined_kd,CY-Bench_wheat_AU|AU-431|2009,0.4545454545454545,0.6000000000000001,0.3333333333333333
GROUP_complete,combined_kd,CY-Bench_wheat_AU|AU-431|2010,0.7212121212121211,0.7,0.5
GROUP_complete,combined_kd,CY-Bench_wheat_AU|AU-431|2011,0.406060606060606,0.55,0.5
GROUP_complete,combined_kd,CY-Bench_wheat_AU|AU-431|2012,0.36363636363636365,0.55,0.3333333333333333
GROUP_complete,combined_kd,CY-Bench_wheat_AU|AU-431|2013,0.6545454545454545,0.6,0.8333333333333333
GROUP_complete,combined_kd,CY-Bench_wheat_AU|AU-431|2014,0.303030303030303,0.5,0.3333333333333333
GROUP_complete,combined_kd,CY-Bench_wheat_AU|AU-431|2015,0.42424242424242414,0.6,0.5
GROUP_complete,combined_kd,CY-Bench_wheat_AU|AU-431|2016,0.5575757575757575,0.6499999999999999,0.5
GROUP_complete,combined_kd,CY-Bench_wheat_AU|AU-431|2017,0.7818181818181817,0.7,1.0
GROUP_complete,combined_kd,CY-Bench_wheat_AU|AU-431|2018,0.4242424242424242,0.5,0.5
GROUP_complete,combined_kd,CY-Bench_wheat_AU|AU-431|2019,0.36969696969696964,0.5,0.6666666666666666
GROUP_complete,combined_kd,CY-Bench_wheat_AU|AU-431|2020,0.21818181818181817,0.65,0.5
GROUP_complete,combined_kd,CY-Bench_wheat_AU|AU-431|2021,0.3999999999999999,0.7,0.8333333333333333
GROUP_complete,combined_kd,CY-Bench_wheat_AU|AU-431|2022,0.8424242424242423,0.55,0.8333333333333333
GROUP_complete,combined_kd,CY-Bench_wheat_AU|AU-431|2023,0.6121212121212121,0.55,0.5
GROUP_complete,combined_kd,CY-Bench_wheat_AU|AU-521|2001,0.34545454545454546,0.8,0.3333333333333333
GROUP_complete,combined_kd,CY-Bench_wheat_AU|AU-521|2002,-0.13939393939393938,0.5,0.3333333333333333
GROUP_complete,combined_kd,CY-Bench_wheat_AU|AU-521|2003,0.38181818181818183,0.4,0.3333333333333333
GROUP_complete,combined_kd,CY-Bench_wheat_AU|AU-521|2004,-0.13939393939393938,0.3,0.0
GROUP_complete,combined_kd,CY-Bench_wheat_AU|AU-521|2005,0.29696969696969694,0.5,0.3333333333333333
GROUP_complete,combined_kd,CY-Bench_wheat_AU|AU-521|2006,0.10303030303030303,0.4,0.3333333333333333
GROUP_complete,combined_kd,CY-Bench_wheat_AU|AU-521|2007,0.23636363636363633,0.3,0.3333333333333333
GROUP_complete,combined_kd,CY-Bench_wheat_AU|AU-521|2008,0.6848484848484848,0.9,0.6666666666666666
GROUP_complete,combined_kd,CY-Bench_wheat_AU|AU-521|2009,0.2606060606060606,0.4,0.3333333333333333
GROUP_complete,combined_kd,CY-Bench_wheat_AU|AU-521|2010,0.2727272727272727,0.8,0.6666666666666666
GROUP_complete,combined_kd,CY-Bench_wheat_AU|AU-521|2011,0.309090909090909,0.8,0.3333333333333333
GROUP_complete,combined_kd,CY-Bench_wheat_AU|AU-521|2012,0.28484848484848485,0.4,0.3333333333333333
GROUP_complete,combined_kd,CY-Bench_wheat_AU|AU-521|2013,0.2606060606060606,0.6,0.3333333333333333
GROUP_complete,combined_kd,CY-Bench_wheat_AU|AU-521|2014,0.4545454545454545,0.5,0.3333333333333333
GROUP_complete,combined_kd,CY-Bench_wheat_AU|AU-521|2015,0.41818181818181815,0.5,0.3333333333333333
GROUP_complete,combined_kd,CY-Bench_wheat_AU|AU-521|2016,-0.29696969696969694,0.6,0.0
GROUP_complete,combined_kd,CY-Bench_wheat_AU|AU-521|2017,0.19999999999999998,0.6,0.0
GROUP_complete,combined_kd,CY-Bench_wheat_AU|AU-521|2018,0.49090909090909085,0.5,0.6666666666666666
GROUP_complete,combined_kd,CY-Bench_wheat_AU|AU-521|2019,0.9030303030303028,0.6,0.6666666666666666
GROUP_complete,combined_kd,CY-Bench_wheat_AU|AU-521|2020,0.29696969696969694,0.5,0.3333333333333333
GROUP_complete,combined_kd,CY-Bench_wheat_AU|AU-521|2021,0.7454545454545454,0.6,0.6666666666666666
GROUP_complete,combined_kd,CY-Bench_wheat_AU|AU-521|2022,0.5030303030303029,0.8,0.3333333333333333
GROUP_complete,combined_kd,CY-Bench_wheat_AU|AU-521|2023,0.41818181818181815,0.7,0.3333333333333333
GROUP_complete,combined_kd,CY-Bench_wheat_AU|AU-522|2001,0.5030303030303029,0.5,0.6666666666666666
GROUP_complete,combined_kd,CY-Bench_wheat_AU|AU-522|2002,0.5030303030303029,0.8,0.6666666666666666
GROUP_complete,combined_kd,CY-Bench_wheat_AU|AU-522|2003,0.4787878787878787,0.5,0.6666666666666666
GROUP_complete,combined_kd,CY-Bench_wheat_AU|AU-522|2004,0.6363636363636362,0.6,0.6666666666666666
GROUP_complete,combined_kd,CY-Bench_wheat_AU|AU-522|2005,0.43030303030303024,0.5,0.6666666666666666
GROUP_complete,combined_kd,CY-Bench_wheat_AU|AU-522|2006,0.6484848484848483,0.6,0.6666666666666666
GROUP_complete,combined_kd,CY-Bench_wheat_AU|AU-522|2007,0.6242424242424242,0.5,0.6666666666666666
GROUP_complete,combined_kd,CY-Bench_wheat_AU|AU-522|2008,0.7333333333333332,0.7,0.6666666666666666
GROUP_complete,combined_kd,CY-Bench_wheat_AU|AU-522|2009,0.5515151515151515,0.4,0.6666666666666666
GROUP_complete,combined_kd,CY-Bench_wheat_AU|AU-522|2010,0.4545454545454545,0.7,0.6666666666666666
GROUP_complete,combined_kd,CY-Bench_wheat_AU|AU-522|2011,0.6727272727272726,0.7,0.6666666666666666
GROUP_complete,combined_kd,CY-Bench_wheat_AU|AU-522|2012,0.7212121212121211,0.8,0.6666666666666666
GROUP_complete,combined_kd,CY-Bench_wheat_AU|AU-522|2013,0.35757575757575755,0.6,0.6666666666666666
GROUP_complete,combined_kd,CY-Bench_wheat_AU|AU-522|2014,0.6121212121212121,0.7,0.6666666666666666
GROUP_complete,combined_kd,CY-Bench_wheat_AU|AU-522|2015,0.6606060606060605,0.8,0.6666666666666666
GROUP_complete,combined_kd,CY-Bench_wheat_AU|AU-522|2016,0.4545454545454545,0.4,0.3333333333333333
GROUP_complete,combined_kd,CY-Bench_wheat_AU|AU-522|2017,0.4666666666666666,0.7,0.6666666666666666
GROUP_complete,combined_kd,CY-Bench_wheat_AU|AU-522|2018,0.5151515151515151,0.6,0.6666666666666666
GROUP_complete,combined_kd,CY-Bench_wheat_AU|AU-522|2019,0.7333333333333332,0.8,1.0
GROUP_complete,combined_kd,CY-Bench_wheat_AU|AU-522|2020,0.43030303030303024,0.6,0.6666666666666666
GROUP_complete,combined_kd,CY-Bench_wheat_AU|AU-522|2021,0.6606060606060605,0.8,0.6666666666666666
GROUP_complete,combined_kd,CY-Bench_wheat_AU|AU-522|2022,0.6121212121212121,0.8,0.6666666666666666
GROUP_complete,combined_kd,CY-Bench_wheat_AU|AU-522|2023,0.5151515151515151,0.5,0.6666666666666666
GROUP_complete,missing_aware,CY-Bench_wheat_AU|AU-111|2001,0.406060606060606,0.4,0.0
GROUP_complete,missing_aware,CY-Bench_wheat_AU|AU-111|2002,-0.0303030303030303,0.7,0.3333333333333333
GROUP_complete,missing_aware,CY-Bench_wheat_AU|AU-111|2003,0.2606060606060606,0.6,0.0
GROUP_complete,missing_aware,CY-Bench_wheat_AU|AU-111|2004,0.4787878787878787,0.5,0.6666666666666666
GROUP_complete,missing_aware,CY-Bench_wheat_AU|AU-111|2005,0.16363636363636364,0.3,0.3333333333333333
GROUP_complete,missing_aware,CY-Bench_wheat_AU|AU-111|2006,0.24848484848484845,0.6,0.3333333333333333
GROUP_complete,missing_aware,CY-Bench_wheat_AU|AU-111|2007,0.29696969696969694,0.4,0.6666666666666666
GROUP_complete,missing_aware,CY-Bench_wheat_AU|AU-111|2008,0.309090909090909,0.4,0.3333333333333333
GROUP_complete,missing_aware,CY-Bench_wheat_AU|AU-111|2009,0.33333333333333326,0.4,0.3333333333333333
GROUP_complete,missing_aware,CY-Bench_wheat_AU|AU-111|2010,0.4545454545454545,0.8,0.6666666666666666
GROUP_complete,missing_aware,CY-Bench_wheat_AU|AU-111|2011,0.5030303030303029,0.6,0.0
GROUP_complete,missing_aware,CY-Bench_wheat_AU|AU-111|2012,0.2121212121212121,0.6,0.3333333333333333
GROUP_complete,missing_aware,CY-Bench_wheat_AU|AU-111|2013,0.2121212121212121,0.5,0.3333333333333333
GROUP_complete,missing_aware,CY-Bench_wheat_AU|AU-111|2014,0.28484848484848485,0.5,0.3333333333333333
GROUP_complete,missing_aware,CY-Bench_wheat_AU|AU-111|2015,0.28484848484848485,0.5,0.3333333333333333
GROUP_complete,missing_aware,CY-Bench_wheat_AU|AU-111|2016,0.28484848484848485,0.8,0.3333333333333333
GROUP_complete,missing_aware,CY-Bench_wheat_AU|AU-111|2017,0.406060606060606,0.5,0.3333333333333333
GROUP_complete,missing_aware,CY-Bench_wheat_AU|AU-111|2018,0.28484848484848485,0.6,0.3333333333333333
GROUP_complete,missing_aware,CY-Bench_wheat_AU|AU-111|2019,0.04242424242424241,0.7,0.0
GROUP_complete,missing_aware,CY-Bench_wheat_AU|AU-111|2020,0.10303030303030303,0.5,0.3333333333333333
GROUP_complete,missing_aware,CY-Bench_wheat_AU|AU-111|2021,0.19999999999999998,0.5,0.3333333333333333
GROUP_complete,missing_aware,CY-Bench_wheat_AU|AU-111|2022,0.4666666666666666,0.7,0.6666666666666666
GROUP_complete,missing_aware,CY-Bench_wheat_AU|AU-111|2023,0.07878787878787878,0.6,0.0
GROUP_complete,missing_aware,CY-Bench_wheat_AU|AU-123|2001,0.41818181818181815,0.5,0.3333333333333333
GROUP_complete,missing_aware,CY-Bench_wheat_AU|AU-123|2002,0.01818181818181818,0.5,0.0
GROUP_complete,missing_aware,CY-Bench_wheat_AU|AU-123|2003,0.5393939393939393,0.7,0.3333333333333333
GROUP_complete,missing_aware,CY-Bench_wheat_AU|AU-123|2004,0.41818181818181815,0.6,0.6666666666666666
GROUP_complete,missing_aware,CY-Bench_wheat_AU|AU-123|2005,0.8303030303030302,0.6,0.6666666666666666
GROUP_complete,missing_aware,CY-Bench_wheat_AU|AU-123|2006,0.35757575757575755,0.4,0.6666666666666666
GROUP_complete,missing_aware,CY-Bench_wheat_AU|AU-123|2007,0.6606060606060605,0.7,0.3333333333333333
GROUP_complete,missing_aware,CY-Bench_wheat_AU|AU-123|2008,0.5030303030303029,0.8,0.3333333333333333
GROUP_complete,missing_aware,CY-Bench_wheat_AU|AU-123|2009,0.6484848484848483,0.5,1.0
GROUP_complete,missing_aware,CY-Bench_wheat_AU|AU-123|2010,0.5272727272727272,0.5,0.3333333333333333
GROUP_complete,missing_aware,CY-Bench_wheat_AU|AU-123|2011,0.43030303030303024,0.8,0.6666666666666666
GROUP_complete,missing_aware,CY-Bench_wheat_AU|AU-123|2012,0.3939393939393939,0.7,0.3333333333333333
GROUP_complete,missing_aware,CY-Bench_wheat_AU|AU-123|2013,0.22424242424242422,0.7,0.3333333333333333
GROUP_complete,missing_aware,CY-Bench_wheat_AU|AU-123|2014,0.7454545454545454,0.4,0.3333333333333333
GROUP_complete,missing_aware,CY-Bench_wheat_AU|AU-123|2015,0.6,0.6,0.3333333333333333
GROUP_complete,missing_aware,CY-Bench_wheat_AU|AU-123|2016,0.6848484848484848,0.6,0.3333333333333333
GROUP_complete,missing_aware,CY-Bench_wheat_AU|AU-123|2017,0.5151515151515151,0.7,0.3333333333333333
GROUP_complete,missing_aware,CY-Bench_wheat_AU|AU-123|2018,0.6606060606060605,0.6,0.6666666666666666
GROUP_complete,missing_aware,CY-Bench_wheat_AU|AU-123|2019,0.6,0.5,0.3333333333333333
GROUP_complete,missing_aware,CY-Bench_wheat_AU|AU-123|2020,0.6727272727272726,0.8,0.3333333333333333
GROUP_complete,missing_aware,CY-Bench_wheat_AU|AU-123|2021,0.5757575757575757,0.6,0.3333333333333333
GROUP_complete,missing_aware,CY-Bench_wheat_AU|AU-123|2022,0.7818181818181817,0.6,0.6666666666666666
GROUP_complete,missing_aware,CY-Bench_wheat_AU|AU-123|2023,0.709090909090909,0.8,0.3333333333333333
GROUP_complete,missing_aware,CY-Bench_wheat_AU|AU-222|2001,0.5636363636363636,0.6,0.6666666666666666
GROUP_complete,missing_aware,CY-Bench_wheat_AU|AU-222|2002,0.6242424242424242,0.7,0.3333333333333333
GROUP_complete,missing_aware,CY-Bench_wheat_AU|AU-222|2003,0.5272727272727272,0.7,0.3333333333333333
GROUP_complete,missing_aware,CY-Bench_wheat_AU|AU-222|2004,0.4545454545454545,0.9,0.3333333333333333
GROUP_complete,missing_aware,CY-Bench_wheat_AU|AU-222|2005,0.5030303030303029,0.9,0.3333333333333333
GROUP_complete,missing_aware,CY-Bench_wheat_AU|AU-222|2006,0.2606060606060606,0.6,0.3333333333333333
GROUP_complete,missing_aware,CY-Bench_wheat_AU|AU-222|2007,0.6969696969696969,0.5,0.3333333333333333
GROUP_complete,missing_aware,CY-Bench_wheat_AU|AU-222|2008,0.8666666666666665,0.9,0.6666666666666666
GROUP_complete,missing_aware,CY-Bench_wheat_AU|AU-222|2009,0.5878787878787878,0.6,0.6666666666666666
GROUP_complete,missing_aware,CY-Bench_wheat_AU|AU-222|2010,0.7696969696969697,0.6,1.0
GROUP_complete,missing_aware,CY-Bench_wheat_AU|AU-222|2011,0.6121212121212121,0.8,0.6666666666666666
GROUP_complete,missing_aware,CY-Bench_wheat_AU|AU-222|2012,0.8181818181818182,0.9,0.6666666666666666
GROUP_complete,missing_aware,CY-Bench_wheat_AU|AU-222|2013,0.5878787878787878,0.9,0.3333333333333333
GROUP_complete,missing_aware,CY-Bench_wheat_AU|AU-222|2014,0.12727272727272726,0.6,0.0
GROUP_complete,missing_aware,CY-Bench_wheat_AU|AU-222|2015,0.5515151515151515,0.5,0.3333333333333333
GROUP_complete,missing_aware,CY-Bench_wheat_AU|AU-222|2016,0.7333333333333332,0.6,0.6666666666666666
GROUP_complete,missing_aware,CY-Bench_wheat_AU|AU-222|2017,0.5272727272727272,0.7,0.3333333333333333
GROUP_complete,missing_aware,CY-Bench_wheat_AU|AU-222|2018,0.7939393939393938,0.8,0.6666666666666666
GROUP_complete,missing_aware,CY-Bench_wheat_AU|AU-222|2019,0.8303030303030302,0.8,0.6666666666666666
GROUP_complete,missing_aware,CY-Bench_wheat_AU|AU-222|2020,0.35757575757575755,0.8,0.3333333333333333
GROUP_complete,missing_aware,CY-Bench_wheat_AU|AU-222|2021,0.5515151515151515,0.8,0.3333333333333333
GROUP_complete,missing_aware,CY-Bench_wheat_AU|AU-222|2022,0.8181818181818182,0.9,1.0
GROUP_complete,missing_aware,CY-Bench_wheat_AU|AU-222|2023,0.7333333333333332,0.9,0.6666666666666666
GROUP_complete,missing_aware,CY-Bench_wheat_AU|AU-231|2001,0.7939393939393938,0.6,0.6666666666666666
GROUP_complete,missing_aware,CY-Bench_wheat_AU|AU-231|2002,0.5272727272727272,0.6,0.6666666666666666
GROUP_complete,missing_aware,CY-Bench_wheat_AU|AU-231|2003,0.7818181818181817,0.5,0.6666666666666666
GROUP_complete,missing_aware,CY-Bench_wheat_AU|AU-231|2004,0.6727272727272726,0.5,0.6666666666666666
GROUP_complete,missing_aware,CY-Bench_wheat_AU|AU-231|2005,0.5030303030303029,0.6,0.6666666666666666
GROUP_complete,missing_aware,CY-Bench_wheat_AU|AU-231|2006,0.6363636363636362,0.6,0.0
GROUP_complete,missing_aware,CY-Bench_wheat_AU|AU-231|2007,0.6363636363636362,0.5,0.6666666666666666
GROUP_complete,missing_aware,CY-Bench_wheat_AU|AU-231|2008,0.5636363636363636,0.6,0.6666666666666666
GROUP_complete,missing_aware,CY-Bench_wheat_AU|AU-231|2009,0.4424242424242424,0.6,0.6666666666666666
GROUP_complete,missing_aware,CY-Bench_wheat_AU|AU-231|2010,0.5393939393939393,0.5,0.3333333333333333
GROUP_complete,missing_aware,CY-Bench_wheat_AU|AU-231|2011,0.4424242424242424,0.3,0.6666666666666666
GROUP_complete,missing_aware,CY-Bench_wheat_AU|AU-231|2012,0.4545454545454545,0.6,0.6666666666666666
GROUP_complete,missing_aware,CY-Bench_wheat_AU|AU-231|2013,0.7818181818181817,0.4,1.0
GROUP_complete,missing_aware,CY-Bench_wheat_AU|AU-231|2014,0.5878787878787878,0.4,0.3333333333333333
GROUP_complete,missing_aware,CY-Bench_wheat_AU|AU-231|2015,0.33333333333333326,0.6,0.3333333333333333
GROUP_complete,missing_aware,CY-Bench_wheat_AU|AU-231|2016,0.5757575757575757,0.6,0.6666666666666666
GROUP_complete,missing_aware,CY-Bench_wheat_AU|AU-231|2017,0.6,0.6,0.6666666666666666
GROUP_complete,missing_aware,CY-Bench_wheat_AU|AU-231|2018,0.4787878787878787,0.6,0.6666666666666666
GROUP_complete,missing_aware,CY-Bench_wheat_AU|AU-231|2019,0.6484848484848483,0.6,0.6666666666666666
GROUP_complete,missing_aware,CY-Bench_wheat_AU|AU-231|2020,0.6121212121212121,0.5,0.6666666666666666
GROUP_complete,missing_aware,CY-Bench_wheat_AU|AU-231|2021,0.7696969696969697,0.5,0.6666666666666666
GROUP_complete,missing_aware,CY-Bench_wheat_AU|AU-231|2022,0.5272727272727272,0.6,0.6666666666666666
GROUP_complete,missing_aware,CY-Bench_wheat_AU|AU-231|2023,0.49090909090909085,0.6,0.6666666666666666
GROUP_complete,missing_aware,CY-Bench_wheat_AU|AU-312|2003,0.6,0.7,1.0
GROUP_complete,missing_aware,CY-Bench_wheat_AU|AU-312|2009,0.4545454545454545,0.7,0.6666666666666666
GROUP_complete,missing_aware,CY-Bench_wheat_AU|AU-322|2001,0.33333333333333326,0.9,0.0
GROUP_complete,missing_aware,CY-Bench_wheat_AU|AU-322|2002,0.33333333333333326,0.6,0.3333333333333333
GROUP_complete,missing_aware,CY-Bench_wheat_AU|AU-322|2003,0.4666666666666666,0.6,0.3333333333333333
GROUP_complete,missing_aware,CY-Bench_wheat_AU|AU-322|2004,0.38181818181818183,0.6,0.6666666666666666
GROUP_complete,missing_aware,CY-Bench_wheat_AU|AU-322|2005,0.41818181818181815,1.0,0.3333333333333333
GROUP_complete,missing_aware,CY-Bench_wheat_AU|AU-322|2006,0.38181818181818183,0.8,0.0
GROUP_complete,missing_aware,CY-Bench_wheat_AU|AU-322|2007,0.4666666666666666,0.9,0.6666666666666666
GROUP_complete,missing_aware,CY-Bench_wheat_AU|AU-322|2008,0.5272727272727272,0.9,0.6666666666666666
GROUP_complete,missing_aware,CY-Bench_wheat_AU|AU-322|2009,0.1515151515151515,0.6,0.6666666666666666
GROUP_complete,missing_aware,CY-Bench_wheat_AU|AU-322|2010,0.4666666666666666,0.5,0.3333333333333333
GROUP_complete,missing_aware,CY-Bench_wheat_AU|AU-322|2011,0.5636363636363636,0.9,0.6666666666666666
GROUP_complete,missing_aware,CY-Bench_wheat_AU|AU-322|2012,-0.09090909090909088,0.6,0.0
GROUP_complete,missing_aware,CY-Bench_wheat_AU|AU-322|2013,0.2606060606060606,0.7,0.3333333333333333
GROUP_complete,missing_aware,CY-Bench_wheat_AU|AU-322|2014,0.5636363636363636,0.7,0.3333333333333333
GROUP_complete,missing_aware,CY-Bench_wheat_AU|AU-322|2015,0.5151515151515151,0.5,0.6666666666666666
GROUP_complete,missing_aware,CY-Bench_wheat_AU|AU-322|2016,0.43030303030303024,1.0,0.3333333333333333
GROUP_complete,missing_aware,CY-Bench_wheat_AU|AU-322|2017,0.6121212121212121,0.5,0.6666666666666666
GROUP_complete,missing_aware,CY-Bench_wheat_AU|AU-322|2018,0.43030303030303024,0.6,0.3333333333333333
GROUP_complete,missing_aware,CY-Bench_wheat_AU|AU-322|2019,0.4787878787878787,0.6,0.3333333333333333
GROUP_complete,missing_aware,CY-Bench_wheat_AU|AU-322|2020,0.3696969696969697,0.7,0.3333333333333333
GROUP_complete,missing_aware,CY-Bench_wheat_AU|AU-322|2021,0.16363636363636364,0.9,0.3333333333333333
GROUP_complete,missing_aware,CY-Bench_wheat_AU|AU-322|2022,-0.10303030303030303,0.7,0.0
GROUP_complete,missing_aware,CY-Bench_wheat_AU|AU-322|2023,0.41818181818181815,0.6,0.3333333333333333
GROUP_complete,missing_aware,CY-Bench_wheat_AU|AU-331|2001,0.6,0.7,0.6666666666666666
GROUP_complete,missing_aware,CY-Bench_wheat_AU|AU-331|2002,0.32121212121212117,0.7,0.6666666666666666
GROUP_complete,missing_aware,CY-Bench_wheat_AU|AU-331|2003,0.49090909090909085,0.7,0.3333333333333333
GROUP_complete,missing_aware,CY-Bench_wheat_AU|AU-331|2004,0.5393939393939393,0.7,0.3333333333333333
GROUP_complete,missing_aware,CY-Bench_wheat_AU|AU-331|2005,0.709090909090909,0.8,0.3333333333333333
GROUP_complete,missing_aware,CY-Bench_wheat_AU|AU-331|2006,0.5272727272727272,0.8,0.0
GROUP_complete,missing_aware,CY-Bench_wheat_AU|AU-331|2007,0.34545454545454546,0.9,0.0
GROUP_complete,missing_aware,CY-Bench_wheat_AU|AU-331|2008,0.406060606060606,0.9,0.3333333333333333
GROUP_complete,missing_aware,CY-Bench_wheat_AU|AU-331|2009,0.2727272727272727,0.7,0.6666666666666666
GROUP_complete,missing_aware,CY-Bench_wheat_AU|AU-331|2010,0.4545454545454545,0.7,0.3333333333333333
GROUP_complete,missing_aware,CY-Bench_wheat_AU|AU-331|2011,0.4787878787878787,0.8,0.3333333333333333
GROUP_complete,missing_aware,CY-Bench_wheat_AU|AU-331|2012,0.4666666666666666,0.7,0.6666666666666666
GROUP_complete,missing_aware,CY-Bench_wheat_AU|AU-331|2013,0.5272727272727272,0.8,0.6666666666666666
GROUP_complete,missing_aware,CY-Bench_wheat_AU|AU-331|2014,0.4545454545454545,0.7,0.6666666666666666
GROUP_complete,missing_aware,CY-Bench_wheat_AU|AU-331|2015,0.5151515151515151,0.7,0.0
GROUP_complete,missing_aware,CY-Bench_wheat_AU|AU-331|2016,0.5151515151515151,0.9,0.3333333333333333
GROUP_complete,missing_aware,CY-Bench_wheat_AU|AU-331|2017,0.5393939393939393,0.7,0.3333333333333333
GROUP_complete,missing_aware,CY-Bench_wheat_AU|AU-331|2018,0.49090909090909085,0.8,0.6666666666666666
GROUP_complete,missing_aware,CY-Bench_wheat_AU|AU-331|2019,0.3696969696969697,0.8,0.6666666666666666
GROUP_complete,missing_aware,CY-Bench_wheat_AU|AU-331|2020,0.2727272727272727,0.8,0.3333333333333333
GROUP_complete,missing_aware,CY-Bench_wheat_AU|AU-331|2021,0.22424242424242422,0.9,0.0
GROUP_complete,missing_aware,CY-Bench_wheat_AU|AU-331|2022,0.309090909090909,0.8,0.0
GROUP_complete,missing_aware,CY-Bench_wheat_AU|AU-331|2023,0.49090909090909085,0.7,0.3333333333333333
GROUP_complete,missing_aware,CY-Bench_wheat_AU|AU-332|2015,0.49090909090909085,0.7,0.6666666666666666
GROUP_complete,missing_aware,CY-Bench_wheat_AU|AU-411|2001,0.34545454545454546,0.6,0.3333333333333333
GROUP_complete,missing_aware,CY-Bench_wheat_AU|AU-411|2002,0.24848484848484845,0.9,0.6666666666666666
GROUP_complete,missing_aware,CY-Bench_wheat_AU|AU-411|2003,0.07878787878787878,0.5,0.0
GROUP_complete,missing_aware,CY-Bench_wheat_AU|AU-411|2004,0.13939393939393938,0.5,0.0
GROUP_complete,missing_aware,CY-Bench_wheat_AU|AU-411|2005,0.41818181818181815,0.6,0.6666666666666666
GROUP_complete,missing_aware,CY-Bench_wheat_AU|AU-411|2006,0.23636363636363633,0.8,0.3333333333333333
GROUP_complete,missing_aware,CY-Bench_wheat_AU|AU-411|2007,0.29696969696969694,0.9,0.3333333333333333
GROUP_complete,missing_aware,CY-Bench_wheat_AU|AU-411|2008,-0.04242424242424241,0.7,0.3333333333333333
GROUP_complete,missing_aware,CY-Bench_wheat_AU|AU-411|2009,0.8060606060606059,0.5,0.6666666666666666
GROUP_complete,missing_aware,CY-Bench_wheat_AU|AU-411|2010,0.5151515151515151,0.7,0.6666666666666666
GROUP_complete,missing_aware,CY-Bench_wheat_AU|AU-411|2011,0.5151515151515151,0.9,0.3333333333333333
GROUP_complete,missing_aware,CY-Bench_wheat_AU|AU-411|2012,0.22424242424242422,0.9,0.6666666666666666
GROUP_complete,missing_aware,CY-Bench_wheat_AU|AU-411|2013,0.32121212121212117,0.7,0.3333333333333333
GROUP_complete,missing_aware,CY-Bench_wheat_AU|AU-411|2014,0.24848484848484845,0.8,0.3333333333333333
GROUP_complete,missing_aware,CY-Bench_wheat_AU|AU-411|2015,0.33333333333333326,0.8,0.3333333333333333
GROUP_complete,missing_aware,CY-Bench_wheat_AU|AU-411|2016,0.34545454545454546,0.7,0.0
GROUP_complete,missing_aware,CY-Bench_wheat_AU|AU-411|2017,0.12727272727272726,0.6,0.3333333333333333
GROUP_complete,missing_aware,CY-Bench_wheat_AU|AU-411|2018,-0.01818181818181818,0.8,0.3333333333333333
GROUP_complete,missing_aware,CY-Bench_wheat_AU|AU-411|2019,0.4787878787878787,0.6,0.3333333333333333
GROUP_complete,missing_aware,CY-Bench_wheat_AU|AU-411|2020,0.6606060606060605,0.8,0.6666666666666666
GROUP_complete,missing_aware,CY-Bench_wheat_AU|AU-411|2021,0.4424242424242424,0.7,0.6666666666666666
GROUP_complete,missing_aware,CY-Bench_wheat_AU|AU-411|2022,0.6121212121212121,0.6,0.3333333333333333
GROUP_complete,missing_aware,CY-Bench_wheat_AU|AU-411|2023,0.2121212121212121,0.7,0.3333333333333333
GROUP_complete,missing_aware,CY-Bench_wheat_AU|AU-421|2001,0.3939393939393939,0.7,0.3333333333333333
GROUP_complete,missing_aware,CY-Bench_wheat_AU|AU-421|2002,0.5393939393939393,0.7,0.3333333333333333
GROUP_complete,missing_aware,CY-Bench_wheat_AU|AU-421|2003,0.04242424242424241,0.6,0.3333333333333333
GROUP_complete,missing_aware,CY-Bench_wheat_AU|AU-421|2004,0.28484848484848485,0.7,0.6666666666666666
GROUP_complete,missing_aware,CY-Bench_wheat_AU|AU-421|2005,-0.01818181818181818,0.7,0.3333333333333333
GROUP_complete,missing_aware,CY-Bench_wheat_AU|AU-421|2006,0.5515151515151515,0.5,0.6666666666666666
GROUP_complete,missing_aware,CY-Bench_wheat_AU|AU-421|2007,0.41818181818181815,0.6,0.3333333333333333
GROUP_complete,missing_aware,CY-Bench_wheat_AU|AU-421|2008,0.3939393939393939,0.7,0.6666666666666666
GROUP_complete,missing_aware,CY-Bench_wheat_AU|AU-421|2009,0.6121212121212121,0.6,0.6666666666666666
GROUP_complete,missing_aware,CY-Bench_wheat_AU|AU-421|2010,0.7818181818181817,0.6,0.6666666666666666
GROUP_complete,missing_aware,CY-Bench_wheat_AU|AU-421|2011,0.3939393939393939,0.5,0.3333333333333333
GROUP_complete,missing_aware,CY-Bench_wheat_AU|AU-421|2012,0.19999999999999998,0.6,0.3333333333333333
GROUP_complete,missing_aware,CY-Bench_wheat_AU|AU-421|2013,0.5030303030303029,0.6,0.3333333333333333
GROUP_complete,missing_aware,CY-Bench_wheat_AU|AU-421|2014,0.4424242424242424,0.6,0.3333333333333333
GROUP_complete,missing_aware,CY-Bench_wheat_AU|AU-421|2015,0.13939393939393938,0.5,0.3333333333333333
GROUP_complete,missing_aware,CY-Bench_wheat_AU|AU-421|2016,-0.04242424242424241,0.6,0.3333333333333333
GROUP_complete,missing_aware,CY-Bench_wheat_AU|AU-421|2017,0.3696969696969697,0.7,0.3333333333333333
GROUP_complete,missing_aware,CY-Bench_wheat_AU|AU-421|2018,0.49090909090909085,0.6,0.6666666666666666
GROUP_complete,missing_aware,CY-Bench_wheat_AU|AU-421|2019,0.6,0.5,0.6666666666666666
GROUP_complete,missing_aware,CY-Bench_wheat_AU|AU-421|2020,0.32121212121212117,0.6,0.3333333333333333
GROUP_complete,missing_aware,CY-Bench_wheat_AU|AU-421|2021,0.22424242424242422,0.8,0.6666666666666666
GROUP_complete,missing_aware,CY-Bench_wheat_AU|AU-421|2022,0.5151515151515151,0.9,0.6666666666666666
GROUP_complete,missing_aware,CY-Bench_wheat_AU|AU-421|2023,0.23636363636363633,0.7,0.3333333333333333
GROUP_complete,missing_aware,CY-Bench_wheat_AU|AU-422|2001,0.8303030303030302,0.8,0.6666666666666666
GROUP_complete,missing_aware,CY-Bench_wheat_AU|AU-422|2002,0.49090909090909085,0.7,0.3333333333333333
GROUP_complete,missing_aware,CY-Bench_wheat_AU|AU-422|2003,0.8181818181818182,0.8,0.3333333333333333
GROUP_complete,missing_aware,CY-Bench_wheat_AU|AU-422|2004,0.8060606060606059,0.7,0.3333333333333333
GROUP_complete,missing_aware,CY-Bench_wheat_AU|AU-422|2005,0.8060606060606059,0.6,0.6666666666666666
GROUP_complete,missing_aware,CY-Bench_wheat_AU|AU-422|2006,0.5030303030303029,0.6,0.3333333333333333
GROUP_complete,missing_aware,CY-Bench_wheat_AU|AU-422|2007,0.6606060606060605,0.5,0.6666666666666666
GROUP_complete,missing_aware,CY-Bench_wheat_AU|AU-422|2008,0.6,0.7,0.3333333333333333
GROUP_complete,missing_aware,CY-Bench_wheat_AU|AU-422|2009,0.6121212121212121,0.6,0.6666666666666666
GROUP_complete,missing_aware,CY-Bench_wheat_AU|AU-422|2010,0.8181818181818182,0.8,0.6666666666666666
GROUP_complete,missing_aware,CY-Bench_wheat_AU|AU-422|2011,0.5515151515151515,0.6,0.3333333333333333
GROUP_complete,missing_aware,CY-Bench_wheat_AU|AU-422|2012,0.5030303030303029,0.7,0.3333333333333333
GROUP_complete,missing_aware,CY-Bench_wheat_AU|AU-422|2013,0.5636363636363636,0.6,0.3333333333333333
GROUP_complete,missing_aware,CY-Bench_wheat_AU|AU-422|2014,0.7575757575757575,0.6,0.6666666666666666
GROUP_complete,missing_aware,CY-Bench_wheat_AU|AU-422|2015,0.5272727272727272,0.5,0.3333333333333333
GROUP_complete,missing_aware,CY-Bench_wheat_AU|AU-422|2016,0.7575757575757575,0.7,0.6666666666666666
GROUP_complete,missing_aware,CY-Bench_wheat_AU|AU-422|2017,0.6242424242424242,0.5,0.6666666666666666
GROUP_complete,missing_aware,CY-Bench_wheat_AU|AU-422|2018,0.6727272727272726,0.7,0.6666666666666666
GROUP_complete,missing_aware,CY-Bench_wheat_AU|AU-422|2019,0.6,0.7,0.3333333333333333
GROUP_complete,missing_aware,CY-Bench_wheat_AU|AU-422|2020,0.6363636363636362,0.7,0.3333333333333333
GROUP_complete,missing_aware,CY-Bench_wheat_AU|AU-422|2021,0.7696969696969697,0.8,0.3333333333333333
GROUP_complete,missing_aware,CY-Bench_wheat_AU|AU-422|2022,0.8303030303030302,0.7,0.6666666666666666
GROUP_complete,missing_aware,CY-Bench_wheat_AU|AU-422|2023,0.41818181818181815,0.7,0.3333333333333333
GROUP_complete,missing_aware,CY-Bench_wheat_AU|AU-431|2001,0.5757575757575757,0.55,0.8333333333333333
GROUP_complete,missing_aware,CY-Bench_wheat_AU|AU-431|2002,0.6303030303030301,0.55,0.5
GROUP_complete,missing_aware,CY-Bench_wheat_AU|AU-431|2003,0.23636363636363633,0.6,0.3333333333333333
GROUP_complete,missing_aware,CY-Bench_wheat_AU|AU-431|2004,0.6121212121212121,0.5,0.5
GROUP_complete,missing_aware,CY-Bench_wheat_AU|AU-431|2005,0.4303030303030302,0.65,0.5
GROUP_complete,missing_aware,CY-Bench_wheat_AU|AU-431|2006,0.10303030303030303,0.55,0.16666666666666666
GROUP_complete,missing_aware,CY-Bench_wheat_AU|AU-431|2007,0.37575757575757573,0.5,0.5
GROUP_complete,missing_aware,CY-Bench_wheat_AU|AU-431|2008,0.6242424242424242,0.55,0.5
GROUP_complete,missing_aware,CY-Bench_wheat_AU|AU-431|2009,0.6424242424242423,0.7,0.6666666666666666
GROUP_complete,missing_aware,CY-Bench_wheat_AU|AU-431|2010,0.5212121212121212,0.5,0.6666666666666666
GROUP_complete,missing_aware,CY-Bench_wheat_AU|AU-431|2011,0.49090909090909085,0.6499999999999999,0.5
GROUP_complete,missing_aware,CY-Bench_wheat_AU|AU-431|2012,0.5151515151515151,0.5,0.5
GROUP_complete,missing_aware,CY-Bench_wheat_AU|AU-431|2013,0.5999999999999999,0.5,0.5
GROUP_complete,missing_aware,CY-Bench_wheat_AU|AU-431|2014,0.49696969696969695,0.35,0.5
GROUP_complete,missing_aware,CY-Bench_wheat_AU|AU-431|2015,0.5212121212121211,0.35,0.5
GROUP_complete,missing_aware,CY-Bench_wheat_AU|AU-431|2016,0.406060606060606,0.5,0.5
GROUP_complete,missing_aware,CY-Bench_wheat_AU|AU-431|2017,0.4181818181818181,0.6499999999999999,0.5
GROUP_complete,missing_aware,CY-Bench_wheat_AU|AU-431|2018,0.6242424242424242,0.55,0.5
GROUP_complete,missing_aware,CY-Bench_wheat_AU|AU-431|2019,0.44848484848484843,0.5,0.5
GROUP_complete,missing_aware,CY-Bench_wheat_AU|AU-431|2020,0.5818181818181818,0.45,0.5
GROUP_complete,missing_aware,CY-Bench_wheat_AU|AU-431|2021,0.41212121212121205,0.6,0.5
GROUP_complete,missing_aware,CY-Bench_wheat_AU|AU-431|2022,0.5878787878787879,0.45,0.5
GROUP_complete,missing_aware,CY-Bench_wheat_AU|AU-431|2023,0.3454545454545454,0.4,0.5
GROUP_complete,missing_aware,CY-Bench_wheat_AU|AU-521|2001,0.10303030303030303,0.6,0.3333333333333333
GROUP_complete,missing_aware,CY-Bench_wheat_AU|AU-521|2002,0.18787878787878787,0.6,0.6666666666666666
GROUP_complete,missing_aware,CY-Bench_wheat_AU|AU-521|2003,0.34545454545454546,0.6,0.3333333333333333
GROUP_complete,missing_aware,CY-Bench_wheat_AU|AU-521|2004,0.09090909090909088,0.5,0.3333333333333333
GROUP_complete,missing_aware,CY-Bench_wheat_AU|AU-521|2005,0.5515151515151515,0.5,0.6666666666666666
GROUP_complete,missing_aware,CY-Bench_wheat_AU|AU-521|2006,-0.13939393939393938,0.6,0.0
GROUP_complete,missing_aware,CY-Bench_wheat_AU|AU-521|2007,0.4545454545454545,0.6,0.3333333333333333
GROUP_complete,missing_aware,CY-Bench_wheat_AU|AU-521|2008,0.6,0.8,0.6666666666666666
GROUP_complete,missing_aware,CY-Bench_wheat_AU|AU-521|2009,0.23636363636363633,0.6,0.3333333333333333
GROUP_complete,missing_aware,CY-Bench_wheat_AU|AU-521|2010,0.5878787878787878,0.5,0.6666666666666666
GROUP_complete,missing_aware,CY-Bench_wheat_AU|AU-521|2011,0.43030303030303024,0.9,0.3333333333333333
GROUP_complete,missing_aware,CY-Bench_wheat_AU|AU-521|2012,0.17575757575757575,0.6,0.3333333333333333
GROUP_complete,missing_aware,CY-Bench_wheat_AU|AU-521|2013,0.24848484848484845,0.7,0.0
GROUP_complete,missing_aware,CY-Bench_wheat_AU|AU-521|2014,0.2606060606060606,0.6,0.3333333333333333
GROUP_complete,missing_aware,CY-Bench_wheat_AU|AU-521|2015,0.12727272727272726,0.6,0.0
GROUP_complete,missing_aware,CY-Bench_wheat_AU|AU-521|2016,0.2727272727272727,0.6,0.6666666666666666
GROUP_complete,missing_aware,CY-Bench_wheat_AU|AU-521|2017,0.13939393939393938,0.7,0.3333333333333333
GROUP_complete,missing_aware,CY-Bench_wheat_AU|AU-521|2018,0.35757575757575755,0.6,0.3333333333333333
GROUP_complete,missing_aware,CY-Bench_wheat_AU|AU-521|2019,-0.16363636363636364,0.5,0.3333333333333333
GROUP_complete,missing_aware,CY-Bench_wheat_AU|AU-521|2020,0.3939393939393939,0.6,0.6666666666666666
GROUP_complete,missing_aware,CY-Bench_wheat_AU|AU-521|2021,0.8666666666666665,0.5,1.0
GROUP_complete,missing_aware,CY-Bench_wheat_AU|AU-521|2022,0.06666666666666665,0.5,0.3333333333333333
GROUP_complete,missing_aware,CY-Bench_wheat_AU|AU-522|2001,0.7939393939393938,0.7,1.0
GROUP_complete,missing_aware,CY-Bench_wheat_AU|AU-522|2002,0.35757575757575755,0.8,0.3333333333333333
GROUP_complete,missing_aware,CY-Bench_wheat_AU|AU-522|2003,0.6727272727272726,0.8,1.0
GROUP_complete,missing_aware,CY-Bench_wheat_AU|AU-522|2004,0.7333333333333332,0.8,1.0
GROUP_complete,missing_aware,CY-Bench_wheat_AU|AU-522|2005,0.8545454545454544,0.6,1.0
GROUP_complete,missing_aware,CY-Bench_wheat_AU|AU-522|2006,0.34545454545454546,0.6,0.3333333333333333
GROUP_complete,missing_aware,CY-Bench_wheat_AU|AU-522|2007,0.19999999999999998,0.7,0.3333333333333333
GROUP_complete,missing_aware,CY-Bench_wheat_AU|AU-522|2008,0.5757575757575757,0.8,0.6666666666666666
GROUP_complete,missing_aware,CY-Bench_wheat_AU|AU-522|2009,0.6848484848484848,0.7,1.0
GROUP_complete,missing_aware,CY-Bench_wheat_AU|AU-522|2010,0.38181818181818183,0.8,0.3333333333333333
GROUP_complete,missing_aware,CY-Bench_wheat_AU|AU-522|2011,0.6606060606060605,0.6,1.0
GROUP_complete,missing_aware,CY-Bench_wheat_AU|AU-522|2012,0.06666666666666665,0.6,0.3333333333333333
GROUP_complete,missing_aware,CY-Bench_wheat_AU|AU-522|2013,0.6363636363636362,0.5,0.6666666666666666
GROUP_complete,missing_aware,CY-Bench_wheat_AU|AU-522|2014,0.2606060606060606,0.5,0.3333333333333333
GROUP_complete,missing_aware,CY-Bench_wheat_AU|AU-522|2015,0.33333333333333326,0.6,0.3333333333333333
GROUP_complete,missing_aware,CY-Bench_wheat_AU|AU-522|2016,0.9636363636363635,0.8,1.0
GROUP_complete,missing_aware,CY-Bench_wheat_AU|AU-522|2017,0.7333333333333332,0.6,0.6666666666666666
GROUP_complete,missing_aware,CY-Bench_wheat_AU|AU-522|2018,0.6,0.8,1.0
GROUP_complete,missing_aware,CY-Bench_wheat_AU|AU-522|2019,0.3696969696969697,0.8,0.6666666666666666
GROUP_complete,missing_aware,CY-Bench_wheat_AU|AU-522|2020,0.7696969696969697,0.5,0.6666666666666666
GROUP_complete,missing_aware,CY-Bench_wheat_AU|AU-522|2021,0.7818181818181817,0.7,1.0
GROUP_complete,missing_aware,CY-Bench_wheat_AU|AU-522|2022,0.9151515151515152,0.8,0.6666666666666666
GROUP_complete,missing_aware,CY-Bench_wheat_AU|AU-522|2023,0.38181818181818183,0.5,0.6666666666666666
GROUP_complete,prediction_kd,CY-Bench_wheat_AU|AU-111|2001,0.29696969696969694,0.6,0.3333333333333333
GROUP_complete,prediction_kd,CY-Bench_wheat_AU|AU-111|2002,0.22424242424242422,0.5,0.3333333333333333
GROUP_complete,prediction_kd,CY-Bench_wheat_AU|AU-111|2003,0.49090909090909085,0.3,0.3333333333333333
GROUP_complete,prediction_kd,CY-Bench_wheat_AU|AU-111|2004,0.6484848484848483,0.3,0.3333333333333333
GROUP_complete,prediction_kd,CY-Bench_wheat_AU|AU-111|2005,0.49090909090909085,0.3,0.3333333333333333
GROUP_complete,prediction_kd,CY-Bench_wheat_AU|AU-111|2006,0.6121212121212121,0.6,0.3333333333333333
GROUP_complete,prediction_kd,CY-Bench_wheat_AU|AU-111|2007,0.7696969696969697,0.5,0.6666666666666666
GROUP_complete,prediction_kd,CY-Bench_wheat_AU|AU-111|2008,0.6969696969696969,0.3,0.6666666666666666
GROUP_complete,prediction_kd,CY-Bench_wheat_AU|AU-111|2009,0.6242424242424242,0.6,0.3333333333333333
GROUP_complete,prediction_kd,CY-Bench_wheat_AU|AU-111|2010,0.2727272727272727,0.6,0.3333333333333333
GROUP_complete,prediction_kd,CY-Bench_wheat_AU|AU-111|2011,0.6969696969696969,0.5,0.3333333333333333
GROUP_complete,prediction_kd,CY-Bench_wheat_AU|AU-111|2012,0.6121212121212121,0.7,0.3333333333333333
GROUP_complete,prediction_kd,CY-Bench_wheat_AU|AU-111|2013,0.49090909090909085,0.5,0.3333333333333333
GROUP_complete,prediction_kd,CY-Bench_wheat_AU|AU-111|2014,0.6,0.5,0.3333333333333333
GROUP_complete,prediction_kd,CY-Bench_wheat_AU|AU-111|2015,0.6848484848484848,0.5,0.6666666666666666
GROUP_complete,prediction_kd,CY-Bench_wheat_AU|AU-111|2016,0.2606060606060606,0.7,0.3333333333333333
GROUP_complete,prediction_kd,CY-Bench_wheat_AU|AU-111|2017,0.5515151515151515,0.6,0.3333333333333333
GROUP_complete,prediction_kd,CY-Bench_wheat_AU|AU-111|2018,0.6,0.5,0.3333333333333333
GROUP_complete,prediction_kd,CY-Bench_wheat_AU|AU-111|2019,0.22424242424242422,0.5,0.3333333333333333
GROUP_complete,prediction_kd,CY-Bench_wheat_AU|AU-111|2020,0.5757575757575757,0.5,0.0
GROUP_complete,prediction_kd,CY-Bench_wheat_AU|AU-111|2021,0.5272727272727272,0.5,0.6666666666666666
GROUP_complete,prediction_kd,CY-Bench_wheat_AU|AU-111|2022,0.28484848484848485,0.6,0.3333333333333333
GROUP_complete,prediction_kd,CY-Bench_wheat_AU|AU-123|2001,0.5151515151515151,0.6,0.6666666666666666
GROUP_complete,prediction_kd,CY-Bench_wheat_AU|AU-123|2002,0.2606060606060606,0.6,0.0
GROUP_complete,prediction_kd,CY-Bench_wheat_AU|AU-123|2003,0.35757575757575755,0.7,0.0
GROUP_complete,prediction_kd,CY-Bench_wheat_AU|AU-123|2004,0.49090909090909085,0.6,0.3333333333333333
GROUP_complete,prediction_kd,CY-Bench_wheat_AU|AU-123|2005,0.09090909090909088,0.6,0.3333333333333333
GROUP_complete,prediction_kd,CY-Bench_wheat_AU|AU-123|2006,0.06666666666666665,0.5,0.0
GROUP_complete,prediction_kd,CY-Bench_wheat_AU|AU-123|2007,0.24848484848484845,0.4,0.3333333333333333
GROUP_complete,prediction_kd,CY-Bench_wheat_AU|AU-123|2008,0.2121212121212121,0.5,0.3333333333333333
GROUP_complete,prediction_kd,CY-Bench_wheat_AU|AU-123|2009,0.23636363636363633,0.3,0.3333333333333333
GROUP_complete,prediction_kd,CY-Bench_wheat_AU|AU-123|2010,0.10303030303030303,0.8,0.3333333333333333
GROUP_complete,prediction_kd,CY-Bench_wheat_AU|AU-123|2011,0.006060606060606061,0.4,0.3333333333333333
GROUP_complete,prediction_kd,CY-Bench_wheat_AU|AU-123|2012,0.06666666666666665,0.5,0.3333333333333333
GROUP_complete,prediction_kd,CY-Bench_wheat_AU|AU-123|2013,0.01818181818181818,0.3,0.3333333333333333
GROUP_complete,prediction_kd,CY-Bench_wheat_AU|AU-123|2014,0.16363636363636364,0.4,0.3333333333333333
GROUP_complete,prediction_kd,CY-Bench_wheat_AU|AU-123|2015,0.09090909090909088,0.3,0.3333333333333333
GROUP_complete,prediction_kd,CY-Bench_wheat_AU|AU-123|2016,0.29696969696969694,0.7,0.0
GROUP_complete,prediction_kd,CY-Bench_wheat_AU|AU-123|2017,-0.006060606060606061,0.5,0.3333333333333333
GROUP_complete,prediction_kd,CY-Bench_wheat_AU|AU-123|2018,0.17575757575757575,0.4,0.6666666666666666
GROUP_complete,prediction_kd,CY-Bench_wheat_AU|AU-123|2019,0.18787878787878787,0.5,0.3333333333333333
GROUP_complete,prediction_kd,CY-Bench_wheat_AU|AU-123|2020,0.16363636363636364,0.5,0.3333333333333333
GROUP_complete,prediction_kd,CY-Bench_wheat_AU|AU-123|2021,0.2121212121212121,0.7,0.3333333333333333
GROUP_complete,prediction_kd,CY-Bench_wheat_AU|AU-123|2022,-0.006060606060606061,0.7,0.3333333333333333
GROUP_complete,prediction_kd,CY-Bench_wheat_AU|AU-123|2023,0.4666666666666666,0.4,0.6666666666666666
GROUP_complete,prediction_kd,CY-Bench_wheat_AU|AU-222|2001,0.5636363636363636,0.8,0.6666666666666666
GROUP_complete,prediction_kd,CY-Bench_wheat_AU|AU-222|2002,0.1515151515151515,0.8,0.0
GROUP_complete,prediction_kd,CY-Bench_wheat_AU|AU-222|2003,0.4787878787878787,0.7,0.6666666666666666
GROUP_complete,prediction_kd,CY-Bench_wheat_AU|AU-222|2004,0.5272727272727272,0.8,0.6666666666666666
GROUP_complete,prediction_kd,CY-Bench_wheat_AU|AU-222|2005,0.3939393939393939,0.8,0.3333333333333333
GROUP_complete,prediction_kd,CY-Bench_wheat_AU|AU-222|2006,0.06666666666666665,0.6,0.0
GROUP_complete,prediction_kd,CY-Bench_wheat_AU|AU-222|2007,-0.05454545454545454,1.0,0.0
GROUP_complete,prediction_kd,CY-Bench_wheat_AU|AU-222|2008,0.309090909090909,0.8,0.3333333333333333
GROUP_complete,prediction_kd,CY-Bench_wheat_AU|AU-222|2009,0.3939393939393939,0.7,0.3333333333333333
GROUP_complete,prediction_kd,CY-Bench_wheat_AU|AU-222|2010,0.8303030303030302,0.7,1.0
GROUP_complete,prediction_kd,CY-Bench_wheat_AU|AU-222|2011,0.41818181818181815,0.9,0.3333333333333333
GROUP_complete,prediction_kd,CY-Bench_wheat_AU|AU-222|2012,0.2121212121212121,0.9,0.3333333333333333
GROUP_complete,prediction_kd,CY-Bench_wheat_AU|AU-222|2013,0.6121212121212121,0.9,0.6666666666666666
GROUP_complete,prediction_kd,CY-Bench_wheat_AU|AU-222|2014,-0.01818181818181818,0.7,0.0
GROUP_complete,prediction_kd,CY-Bench_wheat_AU|AU-222|2015,0.17575757575757575,1.0,0.0
GROUP_complete,prediction_kd,CY-Bench_wheat_AU|AU-222|2016,0.9151515151515152,0.7,1.0
GROUP_complete,prediction_kd,CY-Bench_wheat_AU|AU-222|2017,0.4424242424242424,0.8,0.3333333333333333
GROUP_complete,prediction_kd,CY-Bench_wheat_AU|AU-222|2018,0.07878787878787878,0.8,0.3333333333333333
GROUP_complete,prediction_kd,CY-Bench_wheat_AU|AU-222|2019,0.3939393939393939,0.7,0.3333333333333333
GROUP_complete,prediction_kd,CY-Bench_wheat_AU|AU-222|2020,0.49090909090909085,0.7,0.3333333333333333
GROUP_complete,prediction_kd,CY-Bench_wheat_AU|AU-222|2021,0.6,0.8,0.6666666666666666
GROUP_complete,prediction_kd,CY-Bench_wheat_AU|AU-222|2022,0.6727272727272726,0.8,0.3333333333333333
GROUP_complete,prediction_kd,CY-Bench_wheat_AU|AU-222|2023,0.34545454545454546,0.8,0.3333333333333333
GROUP_complete,prediction_kd,CY-Bench_wheat_AU|AU-231|2001,0.7454545454545454,0.6,0.6666666666666666
GROUP_complete,prediction_kd,CY-Bench_wheat_AU|AU-231|2002,0.5393939393939393,0.3,0.6666666666666666
GROUP_complete,prediction_kd,CY-Bench_wheat_AU|AU-231|2003,0.3939393939393939,0.5,0.6666666666666666
GROUP_complete,prediction_kd,CY-Bench_wheat_AU|AU-231|2004,0.5757575757575757,0.5,0.6666666666666666
GROUP_complete,prediction_kd,CY-Bench_wheat_AU|AU-231|2005,0.33333333333333326,0.6,0.6666666666666666
GROUP_complete,prediction_kd,CY-Bench_wheat_AU|AU-231|2006,0.16363636363636364,0.4,0.3333333333333333
GROUP_complete,prediction_kd,CY-Bench_wheat_AU|AU-231|2007,0.4666666666666666,0.5,0.3333333333333333
GROUP_complete,prediction_kd,CY-Bench_wheat_AU|AU-231|2008,0.5272727272727272,0.3,0.6666666666666666
GROUP_complete,prediction_kd,CY-Bench_wheat_AU|AU-231|2009,0.3939393939393939,0.6,0.3333333333333333
GROUP_complete,prediction_kd,CY-Bench_wheat_AU|AU-231|2010,0.5272727272727272,0.4,0.3333333333333333
GROUP_complete,prediction_kd,CY-Bench_wheat_AU|AU-231|2011,0.5272727272727272,0.6,0.6666666666666666
GROUP_complete,prediction_kd,CY-Bench_wheat_AU|AU-231|2012,0.19999999999999998,0.3,0.6666666666666666
GROUP_complete,prediction_kd,CY-Bench_wheat_AU|AU-231|2013,0.8303030303030302,0.6,0.6666666666666666
GROUP_complete,prediction_kd,CY-Bench_wheat_AU|AU-231|2014,0.5878787878787878,0.4,0.3333333333333333
GROUP_complete,prediction_kd,CY-Bench_wheat_AU|AU-231|2015,0.4545454545454545,0.4,0.6666666666666666
GROUP_complete,prediction_kd,CY-Bench_wheat_AU|AU-231|2016,0.41818181818181815,0.4,0.3333333333333333
GROUP_complete,prediction_kd,CY-Bench_wheat_AU|AU-231|2017,0.41818181818181815,0.5,0.6666666666666666
GROUP_complete,prediction_kd,CY-Bench_wheat_AU|AU-231|2018,0.49090909090909085,0.3,0.6666666666666666
GROUP_complete,prediction_kd,CY-Bench_wheat_AU|AU-231|2019,0.5878787878787878,0.4,0.6666666666666666
GROUP_complete,prediction_kd,CY-Bench_wheat_AU|AU-231|2020,0.7212121212121211,0.5,0.6666666666666666
GROUP_complete,prediction_kd,CY-Bench_wheat_AU|AU-231|2021,0.5757575757575757,0.5,0.6666666666666666
GROUP_complete,prediction_kd,CY-Bench_wheat_AU|AU-231|2022,0.43030303030303024,0.4,0.3333333333333333
GROUP_complete,prediction_kd,CY-Bench_wheat_AU|AU-231|2023,0.6727272727272726,0.3,0.6666666666666666
GROUP_complete,prediction_kd,CY-Bench_wheat_AU|AU-312|2003,0.3939393939393939,0.6,0.6666666666666666
GROUP_complete,prediction_kd,CY-Bench_wheat_AU|AU-312|2009,0.6242424242424242,0.6,0.6666666666666666
GROUP_complete,prediction_kd,CY-Bench_wheat_AU|AU-322|2001,0.8181818181818182,0.8,0.6666666666666666
GROUP_complete,prediction_kd,CY-Bench_wheat_AU|AU-322|2002,0.5515151515151515,0.9,0.6666666666666666
GROUP_complete,prediction_kd,CY-Bench_wheat_AU|AU-322|2003,0.8787878787878788,0.9,0.6666666666666666
GROUP_complete,prediction_kd,CY-Bench_wheat_AU|AU-322|2004,0.8545454545454544,0.9,0.3333333333333333
GROUP_complete,prediction_kd,CY-Bench_wheat_AU|AU-322|2005,0.7575757575757575,0.9,0.3333333333333333
GROUP_complete,prediction_kd,CY-Bench_wheat_AU|AU-322|2006,0.34545454545454546,0.9,0.3333333333333333
GROUP_complete,prediction_kd,CY-Bench_wheat_AU|AU-322|2007,0.6,1.0,0.3333333333333333
GROUP_complete,prediction_kd,CY-Bench_wheat_AU|AU-322|2008,0.8181818181818182,0.9,0.6666666666666666
GROUP_complete,prediction_kd,CY-Bench_wheat_AU|AU-322|2009,0.29696969696969694,0.8,0.3333333333333333
GROUP_complete,prediction_kd,CY-Bench_wheat_AU|AU-322|2010,0.35757575757575755,0.6,0.3333333333333333
GROUP_complete,prediction_kd,CY-Bench_wheat_AU|AU-322|2011,0.6848484848484848,0.8,0.6666666666666666
GROUP_complete,prediction_kd,CY-Bench_wheat_AU|AU-322|2012,0.6848484848484848,0.9,0.3333333333333333
GROUP_complete,prediction_kd,CY-Bench_wheat_AU|AU-322|2013,0.4787878787878787,0.9,0.3333333333333333
GROUP_complete,prediction_kd,CY-Bench_wheat_AU|AU-322|2014,0.49090909090909085,0.9,0.3333333333333333
GROUP_complete,prediction_kd,CY-Bench_wheat_AU|AU-322|2015,0.6242424242424242,0.9,0.3333333333333333
GROUP_complete,prediction_kd,CY-Bench_wheat_AU|AU-322|2016,0.5878787878787878,0.9,0.6666666666666666
GROUP_complete,prediction_kd,CY-Bench_wheat_AU|AU-322|2017,0.7818181818181817,0.8,0.3333333333333333
GROUP_complete,prediction_kd,CY-Bench_wheat_AU|AU-322|2018,0.709090909090909,0.9,0.3333333333333333
GROUP_complete,prediction_kd,CY-Bench_wheat_AU|AU-322|2019,0.16363636363636364,0.8,0.6666666666666666
GROUP_complete,prediction_kd,CY-Bench_wheat_AU|AU-322|2020,0.38181818181818183,0.9,0.3333333333333333
GROUP_complete,prediction_kd,CY-Bench_wheat_AU|AU-322|2021,0.6242424242424242,0.8,0.6666666666666666
GROUP_complete,prediction_kd,CY-Bench_wheat_AU|AU-322|2022,0.38181818181818183,0.8,0.3333333333333333
GROUP_complete,prediction_kd,CY-Bench_wheat_AU|AU-322|2023,0.5757575757575757,0.9,0.3333333333333333
GROUP_complete,prediction_kd,CY-Bench_wheat_AU|AU-331|2001,0.7454545454545454,0.9,0.6666666666666666
GROUP_complete,prediction_kd,CY-Bench_wheat_AU|AU-331|2002,0.5636363636363636,0.9,0.3333333333333333
GROUP_complete,prediction_kd,CY-Bench_wheat_AU|AU-331|2003,0.8909090909090909,0.7,0.6666666666666666
GROUP_complete,prediction_kd,CY-Bench_wheat_AU|AU-331|2004,0.7575757575757575,0.9,0.6666666666666666
GROUP_complete,prediction_kd,CY-Bench_wheat_AU|AU-331|2005,0.8666666666666665,0.8,0.6666666666666666
GROUP_complete,prediction_kd,CY-Bench_wheat_AU|AU-331|2006,0.8666666666666665,0.8,0.6666666666666666
GROUP_complete,prediction_kd,CY-Bench_wheat_AU|AU-331|2007,0.41818181818181815,0.9,0.3333333333333333
GROUP_complete,prediction_kd,CY-Bench_wheat_AU|AU-331|2008,0.6363636363636362,0.9,0.3333333333333333
GROUP_complete,prediction_kd,CY-Bench_wheat_AU|AU-331|2009,0.8424242424242423,0.7,0.6666666666666666
GROUP_complete,prediction_kd,CY-Bench_wheat_AU|AU-331|2010,0.29696969696969694,0.7,0.3333333333333333
GROUP_complete,prediction_kd,CY-Bench_wheat_AU|AU-331|2011,0.4787878787878787,0.8,0.3333333333333333
GROUP_complete,prediction_kd,CY-Bench_wheat_AU|AU-331|2012,0.7333333333333332,0.9,0.3333333333333333
GROUP_complete,prediction_kd,CY-Bench_wheat_AU|AU-331|2013,0.9151515151515152,0.9,0.6666666666666666
GROUP_complete,prediction_kd,CY-Bench_wheat_AU|AU-331|2014,0.7575757575757575,0.9,0.6666666666666666
GROUP_complete,prediction_kd,CY-Bench_wheat_AU|AU-331|2015,0.8181818181818182,0.9,0.6666666666666666
GROUP_complete,prediction_kd,CY-Bench_wheat_AU|AU-331|2016,0.3696969696969697,0.9,0.3333333333333333
GROUP_complete,prediction_kd,CY-Bench_wheat_AU|AU-331|2017,0.8181818181818182,0.8,0.6666666666666666
GROUP_complete,prediction_kd,CY-Bench_wheat_AU|AU-331|2018,0.8181818181818182,0.9,0.6666666666666666
GROUP_complete,prediction_kd,CY-Bench_wheat_AU|AU-331|2019,0.8424242424242423,0.7,0.6666666666666666
GROUP_complete,prediction_kd,CY-Bench_wheat_AU|AU-331|2020,0.8545454545454544,0.9,0.6666666666666666
GROUP_complete,prediction_kd,CY-Bench_wheat_AU|AU-331|2021,0.22424242424242422,0.8,0.3333333333333333
GROUP_complete,prediction_kd,CY-Bench_wheat_AU|AU-331|2022,0.11515151515151514,0.6,0.3333333333333333
GROUP_complete,prediction_kd,CY-Bench_wheat_AU|AU-331|2023,0.8666666666666665,0.9,1.0
GROUP_complete,prediction_kd,CY-Bench_wheat_AU|AU-332|2015,0.5393939393939393,0.7,0.3333333333333333
GROUP_complete,prediction_kd,CY-Bench_wheat_AU|AU-411|2001,0.6727272727272726,0.8,0.6666666666666666
GROUP_complete,prediction_kd,CY-Bench_wheat_AU|AU-411|2002,0.5393939393939393,0.8,0.6666666666666666
GROUP_complete,prediction_kd,CY-Bench_wheat_AU|AU-411|2003,0.43030303030303024,0.7,0.3333333333333333
GROUP_complete,prediction_kd,CY-Bench_wheat_AU|AU-411|2004,0.35757575757575755,0.7,0.3333333333333333
GROUP_complete,prediction_kd,CY-Bench_wheat_AU|AU-411|2005,0.5151515151515151,0.8,0.3333333333333333
GROUP_complete,prediction_kd,CY-Bench_wheat_AU|AU-411|2006,0.309090909090909,0.7,0.6666666666666666
GROUP_complete,prediction_kd,CY-Bench_wheat_AU|AU-411|2007,0.32121212121212117,0.8,0.3333333333333333
GROUP_complete,prediction_kd,CY-Bench_wheat_AU|AU-411|2008,0.6121212121212121,0.7,0.3333333333333333
GROUP_complete,prediction_kd,CY-Bench_wheat_AU|AU-411|2009,0.7333333333333332,0.7,1.0
GROUP_complete,prediction_kd,CY-Bench_wheat_AU|AU-411|2010,0.6242424242424242,0.8,0.6666666666666666
GROUP_complete,prediction_kd,CY-Bench_wheat_AU|AU-411|2011,0.6484848484848483,0.8,0.6666666666666666
GROUP_complete,prediction_kd,CY-Bench_wheat_AU|AU-411|2012,0.4787878787878787,0.8,0.6666666666666666
GROUP_complete,prediction_kd,CY-Bench_wheat_AU|AU-411|2013,0.8787878787878788,0.6,0.6666666666666666
GROUP_complete,prediction_kd,CY-Bench_wheat_AU|AU-411|2014,0.2606060606060606,0.8,0.3333333333333333
GROUP_complete,prediction_kd,CY-Bench_wheat_AU|AU-411|2015,0.4424242424242424,0.7,0.3333333333333333
GROUP_complete,prediction_kd,CY-Bench_wheat_AU|AU-411|2016,0.5878787878787878,0.8,0.3333333333333333
GROUP_complete,prediction_kd,CY-Bench_wheat_AU|AU-411|2017,0.6,0.7,0.6666666666666666
GROUP_complete,prediction_kd,CY-Bench_wheat_AU|AU-411|2018,0.5030303030303029,0.7,0.6666666666666666
GROUP_complete,prediction_kd,CY-Bench_wheat_AU|AU-411|2019,0.38181818181818183,0.9,0.6666666666666666
GROUP_complete,prediction_kd,CY-Bench_wheat_AU|AU-411|2020,0.5636363636363636,0.8,0.6666666666666666
GROUP_complete,prediction_kd,CY-Bench_wheat_AU|AU-411|2021,0.6121212121212121,0.8,0.3333333333333333
GROUP_complete,prediction_kd,CY-Bench_wheat_AU|AU-411|2022,0.5878787878787878,0.8,0.6666666666666666
GROUP_complete,prediction_kd,CY-Bench_wheat_AU|AU-411|2023,0.7939393939393938,0.6,1.0
GROUP_complete,prediction_kd,CY-Bench_wheat_AU|AU-421|2001,0.9393939393939393,0.6,1.0
GROUP_complete,prediction_kd,CY-Bench_wheat_AU|AU-421|2002,0.11515151515151514,0.2,0.3333333333333333
GROUP_complete,prediction_kd,CY-Bench_wheat_AU|AU-421|2003,0.41818181818181815,0.3,0.3333333333333333
GROUP_complete,prediction_kd,CY-Bench_wheat_AU|AU-421|2004,0.5636363636363636,0.3,0.3333333333333333
GROUP_complete,prediction_kd,CY-Bench_wheat_AU|AU-421|2005,0.2606060606060606,0.4,0.6666666666666666
GROUP_complete,prediction_kd,CY-Bench_wheat_AU|AU-421|2006,0.38181818181818183,0.6,0.3333333333333333
GROUP_complete,prediction_kd,CY-Bench_wheat_AU|AU-421|2007,0.35757575757575755,0.7,0.3333333333333333
GROUP_complete,prediction_kd,CY-Bench_wheat_AU|AU-421|2008,0.6484848484848483,0.3,0.3333333333333333
GROUP_complete,prediction_kd,CY-Bench_wheat_AU|AU-421|2009,0.19999999999999998,0.4,0.6666666666666666
GROUP_complete,prediction_kd,CY-Bench_wheat_AU|AU-421|2010,0.8545454545454544,0.6,1.0
GROUP_complete,prediction_kd,CY-Bench_wheat_AU|AU-421|2011,0.28484848484848485,0.5,0.3333333333333333
GROUP_complete,prediction_kd,CY-Bench_wheat_AU|AU-421|2012,0.04242424242424241,0.5,0.3333333333333333
GROUP_complete,prediction_kd,CY-Bench_wheat_AU|AU-421|2013,0.10303030303030303,0.5,0.0
GROUP_complete,prediction_kd,CY-Bench_wheat_AU|AU-421|2014,0.32121212121212117,0.6,0.3333333333333333
GROUP_complete,prediction_kd,CY-Bench_wheat_AU|AU-421|2015,0.006060606060606061,0.5,0.0
GROUP_complete,prediction_kd,CY-Bench_wheat_AU|AU-421|2016,0.2606060606060606,0.4,0.3333333333333333
GROUP_complete,prediction_kd,CY-Bench_wheat_AU|AU-421|2017,0.0303030303030303,0.6,0.3333333333333333
GROUP_complete,prediction_kd,CY-Bench_wheat_AU|AU-421|2018,0.09090909090909088,0.2,0.3333333333333333
GROUP_complete,prediction_kd,CY-Bench_wheat_AU|AU-421|2019,0.28484848484848485,0.6,0.3333333333333333
GROUP_complete,prediction_kd,CY-Bench_wheat_AU|AU-421|2020,-0.12727272727272726,0.4,0.0
GROUP_complete,prediction_kd,CY-Bench_wheat_AU|AU-421|2021,0.4545454545454545,0.6,0.6666666666666666
GROUP_complete,prediction_kd,CY-Bench_wheat_AU|AU-421|2022,0.8060606060606059,0.5,0.6666666666666666
GROUP_complete,prediction_kd,CY-Bench_wheat_AU|AU-421|2023,0.07878787878787878,0.6,0.0
GROUP_complete,prediction_kd,CY-Bench_wheat_AU|AU-422|2001,0.9757575757575757,0.7,1.0
GROUP_complete,prediction_kd,CY-Bench_wheat_AU|AU-422|2002,0.6363636363636362,0.8,0.6666666666666666
GROUP_complete,prediction_kd,CY-Bench_wheat_AU|AU-422|2003,0.9151515151515152,0.7,0.6666666666666666
GROUP_complete,prediction_kd,CY-Bench_wheat_AU|AU-422|2004,0.9636363636363635,0.7,1.0
GROUP_complete,prediction_kd,CY-Bench_wheat_AU|AU-422|2005,0.8303030303030302,0.6,1.0
GROUP_complete,prediction_kd,CY-Bench_wheat_AU|AU-422|2006,0.7939393939393938,0.8,0.6666666666666666
GROUP_complete,prediction_kd,CY-Bench_wheat_AU|AU-422|2007,0.7575757575757575,0.7,0.6666666666666666
GROUP_complete,prediction_kd,CY-Bench_wheat_AU|AU-422|2008,0.6484848484848483,0.9,0.3333333333333333
GROUP_complete,prediction_kd,CY-Bench_wheat_AU|AU-422|2009,0.6606060606060605,0.6,0.6666666666666666
GROUP_complete,prediction_kd,CY-Bench_wheat_AU|AU-422|2010,0.8303030303030302,0.8,1.0
GROUP_complete,prediction_kd,CY-Bench_wheat_AU|AU-422|2011,0.8181818181818182,0.8,0.6666666666666666
GROUP_complete,prediction_kd,CY-Bench_wheat_AU|AU-422|2012,0.6121212121212121,0.9,0.3333333333333333
GROUP_complete,prediction_kd,CY-Bench_wheat_AU|AU-422|2013,0.7333333333333332,0.8,0.3333333333333333
GROUP_complete,prediction_kd,CY-Bench_wheat_AU|AU-422|2014,0.8424242424242423,0.8,0.6666666666666666
GROUP_complete,prediction_kd,CY-Bench_wheat_AU|AU-422|2015,0.6969696969696969,0.9,0.6666666666666666
GROUP_complete,prediction_kd,CY-Bench_wheat_AU|AU-422|2016,0.8181818181818182,0.8,1.0
GROUP_complete,prediction_kd,CY-Bench_wheat_AU|AU-422|2017,0.8424242424242423,0.9,0.6666666666666666
GROUP_complete,prediction_kd,CY-Bench_wheat_AU|AU-422|2018,0.6484848484848483,0.8,0.6666666666666666
GROUP_complete,prediction_kd,CY-Bench_wheat_AU|AU-422|2019,0.6848484848484848,0.8,0.6666666666666666
GROUP_complete,prediction_kd,CY-Bench_wheat_AU|AU-422|2020,0.9393939393939393,0.6,1.0
GROUP_complete,prediction_kd,CY-Bench_wheat_AU|AU-422|2021,0.8787878787878788,0.8,1.0
GROUP_complete,prediction_kd,CY-Bench_wheat_AU|AU-422|2022,0.9151515151515152,0.8,1.0
GROUP_complete,prediction_kd,CY-Bench_wheat_AU|AU-422|2023,0.8060606060606059,0.8,0.6666666666666666
GROUP_complete,prediction_kd,CY-Bench_wheat_AU|AU-431|2001,0.49696969696969695,0.7,0.3333333333333333
GROUP_complete,prediction_kd,CY-Bench_wheat_AU|AU-431|2002,0.36969696969696964,0.6,0.3333333333333333
GROUP_complete,prediction_kd,CY-Bench_wheat_AU|AU-431|2003,0.6303030303030301,0.65,0.3333333333333333
GROUP_complete,prediction_kd,CY-Bench_wheat_AU|AU-431|2004,0.3999999999999999,0.7,0.16666666666666666
GROUP_complete,prediction_kd,CY-Bench_wheat_AU|AU-431|2005,0.36363636363636365,0.6000000000000001,0.3333333333333333
GROUP_complete,prediction_kd,CY-Bench_wheat_AU|AU-431|2006,0.1939393939393939,0.65,0.16666666666666666
GROUP_complete,prediction_kd,CY-Bench_wheat_AU|AU-431|2007,0.303030303030303,0.6499999999999999,0.3333333333333333
GROUP_complete,prediction_kd,CY-Bench_wheat_AU|AU-431|2008,0.24848484848484845,0.65,0.3333333333333333
GROUP_complete,prediction_kd,CY-Bench_wheat_AU|AU-431|2009,0.29696969696969694,0.5,0.16666666666666666
GROUP_complete,prediction_kd,CY-Bench_wheat_AU|AU-431|2010,0.4848484848484848,0.6,0.3333333333333333
GROUP_complete,prediction_kd,CY-Bench_wheat_AU|AU-431|2011,0.2909090909090909,0.6,0.16666666666666666
GROUP_complete,prediction_kd,CY-Bench_wheat_AU|AU-431|2012,0.37575757575757573,0.65,0.3333333333333333
GROUP_complete,prediction_kd,CY-Bench_wheat_AU|AU-431|2013,0.27878787878787875,0.7,0.3333333333333333
GROUP_complete,prediction_kd,CY-Bench_wheat_AU|AU-431|2014,0.26666666666666666,0.5,0.3333333333333333
GROUP_complete,prediction_kd,CY-Bench_wheat_AU|AU-431|2015,0.34545454545454546,0.55,0.5
GROUP_complete,prediction_kd,CY-Bench_wheat_AU|AU-431|2016,0.509090909090909,0.8,0.5
GROUP_complete,prediction_kd,CY-Bench_wheat_AU|AU-431|2017,0.406060606060606,0.65,0.16666666666666666
GROUP_complete,prediction_kd,CY-Bench_wheat_AU|AU-431|2018,0.46666666666666656,0.65,0.3333333333333333
GROUP_complete,prediction_kd,CY-Bench_wheat_AU|AU-431|2019,0.23636363636363633,0.7,0.3333333333333333
GROUP_complete,prediction_kd,CY-Bench_wheat_AU|AU-431|2020,0.3515151515151515,0.65,0.3333333333333333
GROUP_complete,prediction_kd,CY-Bench_wheat_AU|AU-431|2021,0.49090909090909085,0.65,0.3333333333333333
GROUP_complete,prediction_kd,CY-Bench_wheat_AU|AU-431|2022,0.4424242424242424,0.6499999999999999,0.5
GROUP_complete,prediction_kd,CY-Bench_wheat_AU|AU-431|2023,0.5030303030303029,0.6,0.3333333333333333
GROUP_complete,prediction_kd,CY-Bench_wheat_AU|AU-521|2001,0.7696969696969697,1.0,0.3333333333333333
GROUP_complete,prediction_kd,CY-Bench_wheat_AU|AU-521|2002,0.24848484848484845,0.4,0.3333333333333333
GROUP_complete,prediction_kd,CY-Bench_wheat_AU|AU-521|2003,0.7333333333333332,0.6,0.6666666666666666
GROUP_complete,prediction_kd,CY-Bench_wheat_AU|AU-521|2004,0.18787878787878787,0.4,0.3333333333333333
GROUP_complete,prediction_kd,CY-Bench_wheat_AU|AU-521|2005,0.6,0.6,0.3333333333333333
GROUP_complete,prediction_kd,CY-Bench_wheat_AU|AU-521|2006,0.16363636363636364,0.5,0.0
GROUP_complete,prediction_kd,CY-Bench_wheat_AU|AU-521|2007,0.38181818181818183,0.3,0.3333333333333333
GROUP_complete,prediction_kd,CY-Bench_wheat_AU|AU-521|2008,0.6848484848484848,0.8,1.0
GROUP_complete,prediction_kd,CY-Bench_wheat_AU|AU-521|2009,0.4545454545454545,0.4,0.3333333333333333
GROUP_complete,prediction_kd,CY-Bench_wheat_AU|AU-521|2010,-0.07878787878787878,0.3,0.3333333333333333
GROUP_complete,prediction_kd,CY-Bench_wheat_AU|AU-521|2011,0.7939393939393938,0.6,0.6666666666666666
GROUP_complete,prediction_kd,CY-Bench_wheat_AU|AU-521|2012,0.4666666666666666,0.3,0.3333333333333333
GROUP_complete,prediction_kd,CY-Bench_wheat_AU|AU-521|2013,0.4787878787878787,0.3,0.3333333333333333
GROUP_complete,prediction_kd,CY-Bench_wheat_AU|AU-521|2014,0.6121212121212121,0.3,0.3333333333333333
GROUP_complete,prediction_kd,CY-Bench_wheat_AU|AU-521|2015,0.41818181818181815,0.4,0.3333333333333333
GROUP_complete,prediction_kd,CY-Bench_wheat_AU|AU-521|2016,0.4545454545454545,0.6,0.3333333333333333
GROUP_complete,prediction_kd,CY-Bench_wheat_AU|AU-521|2017,0.43030303030303024,0.3,0.6666666666666666
GROUP_complete,prediction_kd,CY-Bench_wheat_AU|AU-521|2018,0.8545454545454544,0.5,0.6666666666666666
GROUP_complete,prediction_kd,CY-Bench_wheat_AU|AU-521|2019,0.2606060606060606,0.6,0.6666666666666666
GROUP_complete,prediction_kd,CY-Bench_wheat_AU|AU-521|2020,0.5272727272727272,0.2,0.6666666666666666
GROUP_complete,prediction_kd,CY-Bench_wheat_AU|AU-521|2021,0.7333333333333332,0.7,0.6666666666666666
GROUP_complete,prediction_kd,CY-Bench_wheat_AU|AU-521|2022,0.709090909090909,0.9,0.6666666666666666
GROUP_complete,prediction_kd,CY-Bench_wheat_AU|AU-521|2023,0.34545454545454546,0.5,0.3333333333333333
GROUP_complete,prediction_kd,CY-Bench_wheat_AU|AU-522|2001,0.8181818181818182,0.7,1.0
GROUP_complete,prediction_kd,CY-Bench_wheat_AU|AU-522|2002,0.5636363636363636,0.6,0.6666666666666666
GROUP_complete,prediction_kd,CY-Bench_wheat_AU|AU-522|2003,0.28484848484848485,0.8,0.3333333333333333
GROUP_complete,prediction_kd,CY-Bench_wheat_AU|AU-522|2004,0.5151515151515151,0.6,0.6666666666666666
GROUP_complete,prediction_kd,CY-Bench_wheat_AU|AU-522|2005,0.9272727272727272,0.6,1.0
GROUP_complete,prediction_kd,CY-Bench_wheat_AU|AU-522|2006,0.8545454545454544,0.6,1.0
GROUP_complete,prediction_kd,CY-Bench_wheat_AU|AU-522|2007,0.7818181818181817,0.6,1.0
GROUP_complete,prediction_kd,CY-Bench_wheat_AU|AU-522|2008,0.4666666666666666,0.8,0.6666666666666666
GROUP_complete,prediction_kd,CY-Bench_wheat_AU|AU-522|2009,0.2606060606060606,0.7,0.3333333333333333
GROUP_complete,prediction_kd,CY-Bench_wheat_AU|AU-522|2010,0.5757575757575757,0.6,0.6666666666666666
GROUP_complete,prediction_kd,CY-Bench_wheat_AU|AU-522|2011,0.7575757575757575,0.6,0.6666666666666666
GROUP_complete,prediction_kd,CY-Bench_wheat_AU|AU-522|2012,0.709090909090909,0.6,0.6666666666666666
GROUP_complete,prediction_kd,CY-Bench_wheat_AU|AU-522|2013,0.5151515151515151,0.5,0.3333333333333333
GROUP_complete,prediction_kd,CY-Bench_wheat_AU|AU-522|2014,0.5878787878787878,0.5,0.6666666666666666
GROUP_complete,prediction_kd,CY-Bench_wheat_AU|AU-522|2015,0.33333333333333326,0.7,0.6666666666666666
GROUP_complete,prediction_kd,CY-Bench_wheat_AU|AU-522|2016,0.5878787878787878,0.5,0.6666666666666666
GROUP_complete,prediction_kd,CY-Bench_wheat_AU|AU-522|2017,0.5151515151515151,0.5,0.6666666666666666
GROUP_complete,prediction_kd,CY-Bench_wheat_AU|AU-522|2018,0.35757575757575755,0.7,0.6666666666666666
GROUP_complete,prediction_kd,CY-Bench_wheat_AU|AU-522|2019,0.6848484848484848,1.0,0.6666666666666666
GROUP_complete,prediction_kd,CY-Bench_wheat_AU|AU-522|2020,0.5878787878787878,0.5,0.6666666666666666
GROUP_complete,prediction_kd,CY-Bench_wheat_AU|AU-522|2021,0.29696969696969694,0.9,0.6666666666666666
GROUP_complete,prediction_kd,CY-Bench_wheat_AU|AU-522|2022,0.5636363636363636,1.0,0.6666666666666666
GROUP_complete,prediction_kd,CY-Bench_wheat_AU|AU-522|2023,0.6242424242424242,0.9,0.6666666666666666
GROUP_complete,representation_kd,CY-Bench_wheat_AU|AU-111|2001,0.49090909090909085,0.4,0.3333333333333333
GROUP_complete,representation_kd,CY-Bench_wheat_AU|AU-111|2002,0.33333333333333326,0.5,0.0
GROUP_complete,representation_kd,CY-Bench_wheat_AU|AU-111|2003,0.6363636363636362,0.4,0.6666666666666666
GROUP_complete,representation_kd,CY-Bench_wheat_AU|AU-111|2004,0.3939393939393939,0.5,0.3333333333333333
GROUP_complete,representation_kd,CY-Bench_wheat_AU|AU-111|2005,0.5757575757575757,0.4,0.3333333333333333
GROUP_complete,representation_kd,CY-Bench_wheat_AU|AU-111|2006,0.13939393939393938,0.7,0.0
GROUP_complete,representation_kd,CY-Bench_wheat_AU|AU-111|2007,0.07878787878787878,0.4,0.3333333333333333
GROUP_complete,representation_kd,CY-Bench_wheat_AU|AU-111|2008,0.19999999999999998,0.5,0.3333333333333333
GROUP_complete,representation_kd,CY-Bench_wheat_AU|AU-111|2009,-0.04242424242424241,0.6,0.0
GROUP_complete,representation_kd,CY-Bench_wheat_AU|AU-111|2010,0.49090909090909085,0.9,0.3333333333333333
GROUP_complete,representation_kd,CY-Bench_wheat_AU|AU-111|2011,0.34545454545454546,0.5,0.3333333333333333
GROUP_complete,representation_kd,CY-Bench_wheat_AU|AU-111|2012,0.5151515151515151,0.6,0.3333333333333333
GROUP_complete,representation_kd,CY-Bench_wheat_AU|AU-111|2013,0.18787878787878787,0.6,0.0
GROUP_complete,representation_kd,CY-Bench_wheat_AU|AU-111|2014,-0.006060606060606061,0.7,0.0
GROUP_complete,representation_kd,CY-Bench_wheat_AU|AU-111|2015,0.16363636363636364,0.3,0.6666666666666666
GROUP_complete,representation_kd,CY-Bench_wheat_AU|AU-111|2016,0.5515151515151515,0.7,0.6666666666666666
GROUP_complete,representation_kd,CY-Bench_wheat_AU|AU-111|2017,0.17575757575757575,0.7,0.3333333333333333
GROUP_complete,representation_kd,CY-Bench_wheat_AU|AU-111|2018,0.12727272727272726,0.6,0.0
GROUP_complete,representation_kd,CY-Bench_wheat_AU|AU-111|2019,0.41818181818181815,0.6,0.3333333333333333
GROUP_complete,representation_kd,CY-Bench_wheat_AU|AU-111|2020,0.2606060606060606,0.4,0.3333333333333333
GROUP_complete,representation_kd,CY-Bench_wheat_AU|AU-111|2021,0.3696969696969697,0.5,0.6666666666666666
GROUP_complete,representation_kd,CY-Bench_wheat_AU|AU-111|2022,0.33333333333333326,0.8,0.3333333333333333
GROUP_complete,representation_kd,CY-Bench_wheat_AU|AU-111|2023,0.32121212121212117,0.7,0.3333333333333333
GROUP_complete,representation_kd,CY-Bench_wheat_AU|AU-123|2001,0.3939393939393939,0.4,0.3333333333333333
GROUP_complete,representation_kd,CY-Bench_wheat_AU|AU-123|2002,0.709090909090909,0.5,0.6666666666666666
GROUP_complete,representation_kd,CY-Bench_wheat_AU|AU-123|2003,0.6848484848484848,0.7,0.6666666666666666
GROUP_complete,representation_kd,CY-Bench_wheat_AU|AU-123|2004,0.4666666666666666,0.4,0.3333333333333333
GROUP_complete,representation_kd,CY-Bench_wheat_AU|AU-123|2005,0.709090909090909,0.7,1.0
GROUP_complete,representation_kd,CY-Bench_wheat_AU|AU-123|2006,0.709090909090909,0.6,0.6666666666666666
GROUP_complete,representation_kd,CY-Bench_wheat_AU|AU-123|2007,0.2606060606060606,0.5,0.3333333333333333
GROUP_complete,representation_kd,CY-Bench_wheat_AU|AU-123|2008,0.07878787878787878,0.5,0.3333333333333333
GROUP_complete,representation_kd,CY-Bench_wheat_AU|AU-123|2009,0.5030303030303029,0.3,0.3333333333333333
GROUP_complete,representation_kd,CY-Bench_wheat_AU|AU-123|2010,0.5151515151515151,0.8,0.6666666666666666
GROUP_complete,representation_kd,CY-Bench_wheat_AU|AU-123|2011,0.3939393939393939,0.4,0.3333333333333333
GROUP_complete,representation_kd,CY-Bench_wheat_AU|AU-123|2012,0.7939393939393938,0.4,0.3333333333333333
GROUP_complete,representation_kd,CY-Bench_wheat_AU|AU-123|2013,0.3696969696969697,0.4,0.3333333333333333
GROUP_complete,representation_kd,CY-Bench_wheat_AU|AU-123|2014,0.3696969696969697,0.5,0.3333333333333333
GROUP_complete,representation_kd,CY-Bench_wheat_AU|AU-123|2015,0.5757575757575757,0.2,0.3333333333333333
GROUP_complete,representation_kd,CY-Bench_wheat_AU|AU-123|2016,0.5636363636363636,0.8,0.6666666666666666
GROUP_complete,representation_kd,CY-Bench_wheat_AU|AU-123|2017,0.35757575757575755,0.4,0.3333333333333333
GROUP_complete,representation_kd,CY-Bench_wheat_AU|AU-123|2018,0.5393939393939393,0.5,0.3333333333333333
GROUP_complete,representation_kd,CY-Bench_wheat_AU|AU-123|2019,0.6969696969696969,0.7,0.3333333333333333
GROUP_complete,representation_kd,CY-Bench_wheat_AU|AU-123|2020,0.33333333333333326,0.5,0.3333333333333333
GROUP_complete,representation_kd,CY-Bench_wheat_AU|AU-123|2021,0.7818181818181817,0.7,0.6666666666666666
GROUP_complete,representation_kd,CY-Bench_wheat_AU|AU-123|2022,0.24848484848484845,0.8,0.0
GROUP_complete,representation_kd,CY-Bench_wheat_AU|AU-123|2023,0.0303030303030303,0.1,0.3333333333333333
GROUP_complete,representation_kd,CY-Bench_wheat_AU|AU-222|2001,0.8181818181818182,0.5,0.6666666666666666
GROUP_complete,representation_kd,CY-Bench_wheat_AU|AU-222|2002,0.7696969696969697,0.5,0.6666666666666666
GROUP_complete,representation_kd,CY-Bench_wheat_AU|AU-222|2003,0.8909090909090909,0.5,0.6666666666666666
GROUP_complete,representation_kd,CY-Bench_wheat_AU|AU-222|2004,0.7333333333333332,0.6,0.6666666666666666
GROUP_complete,representation_kd,CY-Bench_wheat_AU|AU-222|2005,0.7454545454545454,0.5,0.6666666666666666
GROUP_complete,representation_kd,CY-Bench_wheat_AU|AU-222|2006,0.4787878787878787,0.6,0.3333333333333333
GROUP_complete,representation_kd,CY-Bench_wheat_AU|AU-222|2007,0.8181818181818182,0.7,1.0
GROUP_complete,representation_kd,CY-Bench_wheat_AU|AU-222|2008,0.7212121212121211,0.5,0.6666666666666666
GROUP_complete,representation_kd,CY-Bench_wheat_AU|AU-222|2009,0.7333333333333332,0.5,0.3333333333333333
GROUP_complete,representation_kd,CY-Bench_wheat_AU|AU-222|2010,0.8060606060606059,0.4,0.6666666666666666
GROUP_complete,representation_kd,CY-Bench_wheat_AU|AU-222|2011,0.6484848484848483,0.6,0.6666666666666666
GROUP_complete,representation_kd,CY-Bench_wheat_AU|AU-222|2012,0.6606060606060605,0.4,0.6666666666666666
GROUP_complete,representation_kd,CY-Bench_wheat_AU|AU-222|2013,0.6727272727272726,0.6,0.6666666666666666
GROUP_complete,representation_kd,CY-Bench_wheat_AU|AU-222|2014,0.6,0.6,0.3333333333333333
GROUP_complete,representation_kd,CY-Bench_wheat_AU|AU-222|2015,0.7212121212121211,0.5,0.6666666666666666
GROUP_complete,representation_kd,CY-Bench_wheat_AU|AU-222|2016,0.5878787878787878,0.4,0.6666666666666666
GROUP_complete,representation_kd,CY-Bench_wheat_AU|AU-222|2017,0.5757575757575757,0.5,0.6666666666666666
GROUP_complete,representation_kd,CY-Bench_wheat_AU|AU-222|2018,0.8787878787878788,0.5,0.6666666666666666
GROUP_complete,representation_kd,CY-Bench_wheat_AU|AU-222|2019,0.6969696969696969,0.4,0.6666666666666666
GROUP_complete,representation_kd,CY-Bench_wheat_AU|AU-222|2020,0.7212121212121211,0.5,0.6666666666666666
GROUP_complete,representation_kd,CY-Bench_wheat_AU|AU-222|2021,0.6969696969696969,0.5,0.6666666666666666
GROUP_complete,representation_kd,CY-Bench_wheat_AU|AU-222|2022,0.24848484848484845,0.4,0.3333333333333333
GROUP_complete,representation_kd,CY-Bench_wheat_AU|AU-222|2023,0.6242424242424242,0.5,0.6666666666666666
GROUP_complete,representation_kd,CY-Bench_wheat_AU|AU-231|2001,0.3939393939393939,0.9,0.3333333333333333
GROUP_complete,representation_kd,CY-Bench_wheat_AU|AU-231|2002,0.6242424242424242,0.5,0.6666666666666666
GROUP_complete,representation_kd,CY-Bench_wheat_AU|AU-231|2003,0.3939393939393939,0.6,0.0
GROUP_complete,representation_kd,CY-Bench_wheat_AU|AU-231|2004,0.3696969696969697,0.8,0.0
GROUP_complete,representation_kd,CY-Bench_wheat_AU|AU-231|2005,0.309090909090909,0.7,0.3333333333333333
GROUP_complete,representation_kd,CY-Bench_wheat_AU|AU-231|2006,0.3939393939393939,0.6,0.3333333333333333
GROUP_complete,representation_kd,CY-Bench_wheat_AU|AU-231|2007,0.4666666666666666,0.5,0.3333333333333333
GROUP_complete,representation_kd,CY-Bench_wheat_AU|AU-231|2008,0.5272727272727272,0.6,0.3333333333333333
GROUP_complete,representation_kd,CY-Bench_wheat_AU|AU-231|2009,0.29696969696969694,0.8,0.3333333333333333
GROUP_complete,representation_kd,CY-Bench_wheat_AU|AU-231|2010,0.6363636363636362,0.9,0.6666666666666666
GROUP_complete,representation_kd,CY-Bench_wheat_AU|AU-231|2011,0.24848484848484845,0.7,0.3333333333333333
GROUP_complete,representation_kd,CY-Bench_wheat_AU|AU-231|2012,0.49090909090909085,0.6,0.3333333333333333
GROUP_complete,representation_kd,CY-Bench_wheat_AU|AU-231|2013,0.309090909090909,0.8,0.0
GROUP_complete,representation_kd,CY-Bench_wheat_AU|AU-231|2014,0.6121212121212121,0.6,0.3333333333333333
GROUP_complete,representation_kd,CY-Bench_wheat_AU|AU-231|2015,0.6606060606060605,0.5,0.6666666666666666
GROUP_complete,representation_kd,CY-Bench_wheat_AU|AU-231|2016,0.3696969696969697,0.9,0.3333333333333333
GROUP_complete,representation_kd,CY-Bench_wheat_AU|AU-231|2017,0.3696969696969697,0.7,0.3333333333333333
GROUP_complete,representation_kd,CY-Bench_wheat_AU|AU-231|2018,0.6484848484848483,0.6,0.3333333333333333
GROUP_complete,representation_kd,CY-Bench_wheat_AU|AU-231|2019,0.4424242424242424,0.7,0.3333333333333333
GROUP_complete,representation_kd,CY-Bench_wheat_AU|AU-231|2020,0.22424242424242422,0.8,0.3333333333333333
GROUP_complete,representation_kd,CY-Bench_wheat_AU|AU-231|2021,0.4787878787878787,0.8,0.3333333333333333
GROUP_complete,representation_kd,CY-Bench_wheat_AU|AU-231|2022,0.6606060606060605,0.9,0.6666666666666666
GROUP_complete,representation_kd,CY-Bench_wheat_AU|AU-231|2023,0.6121212121212121,0.6,0.6666666666666666
GROUP_complete,representation_kd,CY-Bench_wheat_AU|AU-312|2003,0.7212121212121211,0.5,0.6666666666666666
GROUP_complete,representation_kd,CY-Bench_wheat_AU|AU-312|2009,0.7333333333333332,0.6,0.6666666666666666
GROUP_complete,representation_kd,CY-Bench_wheat_AU|AU-322|2001,0.41818181818181815,1.0,0.3333333333333333
GROUP_complete,representation_kd,CY-Bench_wheat_AU|AU-322|2002,0.8303030303030302,0.8,0.6666666666666666
GROUP_complete,representation_kd,CY-Bench_wheat_AU|AU-322|2003,0.6969696969696969,0.9,0.3333333333333333
GROUP_complete,representation_kd,CY-Bench_wheat_AU|AU-322|2004,0.5757575757575757,0.9,0.3333333333333333
GROUP_complete,representation_kd,CY-Bench_wheat_AU|AU-322|2005,0.41818181818181815,0.9,0.3333333333333333
GROUP_complete,representation_kd,CY-Bench_wheat_AU|AU-322|2006,0.7212121212121211,1.0,0.6666666666666666
GROUP_complete,representation_kd,CY-Bench_wheat_AU|AU-322|2007,0.32121212121212117,1.0,0.3333333333333333
GROUP_complete,representation_kd,CY-Bench_wheat_AU|AU-322|2008,0.4666666666666666,1.0,0.3333333333333333
GROUP_complete,representation_kd,CY-Bench_wheat_AU|AU-322|2009,0.6969696969696969,0.9,0.6666666666666666
GROUP_complete,representation_kd,CY-Bench_wheat_AU|AU-322|2010,0.34545454545454546,0.7,0.3333333333333333
GROUP_complete,representation_kd,CY-Bench_wheat_AU|AU-322|2011,0.35757575757575755,0.9,0.3333333333333333
GROUP_complete,representation_kd,CY-Bench_wheat_AU|AU-322|2012,0.6,0.8,0.6666666666666666
GROUP_complete,representation_kd,CY-Bench_wheat_AU|AU-322|2013,0.709090909090909,0.8,0.3333333333333333
GROUP_complete,representation_kd,CY-Bench_wheat_AU|AU-322|2014,0.41818181818181815,0.8,0.6666666666666666
GROUP_complete,representation_kd,CY-Bench_wheat_AU|AU-322|2015,0.7212121212121211,1.0,0.3333333333333333
GROUP_complete,representation_kd,CY-Bench_wheat_AU|AU-322|2016,0.4666666666666666,0.9,0.3333333333333333
GROUP_complete,representation_kd,CY-Bench_wheat_AU|AU-322|2017,0.7696969696969697,1.0,0.3333333333333333
GROUP_complete,representation_kd,CY-Bench_wheat_AU|AU-322|2018,0.5757575757575757,1.0,0.3333333333333333
GROUP_complete,representation_kd,CY-Bench_wheat_AU|AU-322|2019,0.6727272727272726,0.9,0.6666666666666666
GROUP_complete,representation_kd,CY-Bench_wheat_AU|AU-322|2020,0.7212121212121211,1.0,0.3333333333333333
GROUP_complete,representation_kd,CY-Bench_wheat_AU|AU-322|2021,0.2606060606060606,0.9,0.3333333333333333
GROUP_complete,representation_kd,CY-Bench_wheat_AU|AU-322|2022,0.5393939393939393,0.7,0.3333333333333333
GROUP_complete,representation_kd,CY-Bench_wheat_AU|AU-322|2023,0.5878787878787878,1.0,0.3333333333333333
GROUP_complete,representation_kd,CY-Bench_wheat_AU|AU-331|2001,0.49090909090909085,1.0,0.3333333333333333
GROUP_complete,representation_kd,CY-Bench_wheat_AU|AU-331|2002,0.5757575757575757,0.9,0.6666666666666666
GROUP_complete,representation_kd,CY-Bench_wheat_AU|AU-331|2003,0.6242424242424242,1.0,0.3333333333333333
GROUP_complete,representation_kd,CY-Bench_wheat_AU|AU-331|2004,0.49090909090909085,1.0,0.3333333333333333
GROUP_complete,representation_kd,CY-Bench_wheat_AU|AU-331|2005,0.22424242424242422,0.9,0.3333333333333333
GROUP_complete,representation_kd,CY-Bench_wheat_AU|AU-331|2006,0.5272727272727272,1.0,0.3333333333333333
GROUP_complete,representation_kd,CY-Bench_wheat_AU|AU-331|2007,0.006060606060606061,0.8,0.3333333333333333
GROUP_complete,representation_kd,CY-Bench_wheat_AU|AU-331|2008,0.22424242424242422,0.9,0.3333333333333333
GROUP_complete,representation_kd,CY-Bench_wheat_AU|AU-331|2009,0.6242424242424242,1.0,0.6666666666666666
GROUP_complete,representation_kd,CY-Bench_wheat_AU|AU-331|2010,-0.01818181818181818,0.7,0.3333333333333333
GROUP_complete,representation_kd,CY-Bench_wheat_AU|AU-331|2011,0.11515151515151514,0.8,0.3333333333333333
GROUP_complete,representation_kd,CY-Bench_wheat_AU|AU-331|2012,0.33333333333333326,1.0,0.3333333333333333
GROUP_complete,representation_kd,CY-Bench_wheat_AU|AU-331|2013,0.6363636363636362,1.0,0.3333333333333333
GROUP_complete,representation_kd,CY-Bench_wheat_AU|AU-331|2014,0.6,1.0,0.3333333333333333
GROUP_complete,representation_kd,CY-Bench_wheat_AU|AU-331|2015,0.5393939393939393,1.0,0.3333333333333333
GROUP_complete,representation_kd,CY-Bench_wheat_AU|AU-331|2016,0.19999999999999998,0.9,0.3333333333333333
GROUP_complete,representation_kd,CY-Bench_wheat_AU|AU-331|2017,0.309090909090909,0.8,0.3333333333333333
GROUP_complete,representation_kd,CY-Bench_wheat_AU|AU-331|2018,0.35757575757575755,1.0,0.3333333333333333
GROUP_complete,representation_kd,CY-Bench_wheat_AU|AU-331|2019,0.6606060606060605,1.0,0.6666666666666666
GROUP_complete,representation_kd,CY-Bench_wheat_AU|AU-331|2020,0.5393939393939393,1.0,0.3333333333333333
GROUP_complete,representation_kd,CY-Bench_wheat_AU|AU-331|2021,0.309090909090909,1.0,0.3333333333333333
GROUP_complete,representation_kd,CY-Bench_wheat_AU|AU-331|2022,0.4666666666666666,0.8,0.3333333333333333
GROUP_complete,representation_kd,CY-Bench_wheat_AU|AU-331|2023,0.5515151515151515,0.9,0.3333333333333333
GROUP_complete,representation_kd,CY-Bench_wheat_AU|AU-332|2015,0.7454545454545454,0.8,0.6666666666666666
GROUP_complete,representation_kd,CY-Bench_wheat_AU|AU-411|2001,0.7818181818181817,0.7,1.0
GROUP_complete,representation_kd,CY-Bench_wheat_AU|AU-411|2002,0.5878787878787878,0.4,0.3333333333333333
GROUP_complete,representation_kd,CY-Bench_wheat_AU|AU-411|2003,0.6363636363636362,0.6,0.3333333333333333
GROUP_complete,representation_kd,CY-Bench_wheat_AU|AU-411|2004,0.7696969696969697,0.5,0.3333333333333333
GROUP_complete,representation_kd,CY-Bench_wheat_AU|AU-411|2005,0.7575757575757575,0.8,0.6666666666666666
GROUP_complete,representation_kd,CY-Bench_wheat_AU|AU-411|2006,0.4545454545454545,0.5,0.3333333333333333
GROUP_complete,representation_kd,CY-Bench_wheat_AU|AU-411|2007,0.6484848484848483,0.5,0.6666666666666666
GROUP_complete,representation_kd,CY-Bench_wheat_AU|AU-411|2008,0.5272727272727272,0.5,0.6666666666666666
GROUP_complete,representation_kd,CY-Bench_wheat_AU|AU-411|2009,0.6969696969696969,0.6,0.6666666666666666
GROUP_complete,representation_kd,CY-Bench_wheat_AU|AU-411|2010,0.7333333333333332,0.5,1.0
GROUP_complete,representation_kd,CY-Bench_wheat_AU|AU-411|2011,0.41818181818181815,0.6,0.3333333333333333
GROUP_complete,representation_kd,CY-Bench_wheat_AU|AU-411|2012,0.6727272727272726,0.4,0.3333333333333333
GROUP_complete,representation_kd,CY-Bench_wheat_AU|AU-411|2013,0.5636363636363636,0.4,0.3333333333333333
GROUP_complete,representation_kd,CY-Bench_wheat_AU|AU-411|2014,0.5272727272727272,0.6,0.6666666666666666
GROUP_complete,representation_kd,CY-Bench_wheat_AU|AU-411|2015,0.4787878787878787,0.5,0.3333333333333333
GROUP_complete,representation_kd,CY-Bench_wheat_AU|AU-411|2016,0.7333333333333332,0.7,0.6666666666666666
GROUP_complete,representation_kd,CY-Bench_wheat_AU|AU-411|2017,0.5151515151515151,0.4,0.3333333333333333
GROUP_complete,representation_kd,CY-Bench_wheat_AU|AU-411|2018,0.6,0.4,0.3333333333333333
GROUP_complete,representation_kd,CY-Bench_wheat_AU|AU-411|2019,0.5878787878787878,0.4,0.6666666666666666
GROUP_complete,representation_kd,CY-Bench_wheat_AU|AU-411|2020,0.6121212121212121,0.7,0.3333333333333333
GROUP_complete,representation_kd,CY-Bench_wheat_AU|AU-411|2021,0.6,0.6,0.3333333333333333
GROUP_complete,representation_kd,CY-Bench_wheat_AU|AU-411|2022,0.7454545454545454,0.5,1.0
GROUP_complete,representation_kd,CY-Bench_wheat_AU|AU-411|2023,0.33333333333333326,0.5,0.3333333333333333
GROUP_complete,representation_kd,CY-Bench_wheat_AU|AU-421|2001,0.4666666666666666,0.6,0.6666666666666666
GROUP_complete,representation_kd,CY-Bench_wheat_AU|AU-421|2002,0.6363636363636362,0.5,0.3333333333333333
GROUP_complete,representation_kd,CY-Bench_wheat_AU|AU-421|2003,0.19999999999999998,0.4,0.3333333333333333
GROUP_complete,representation_kd,CY-Bench_wheat_AU|AU-421|2004,0.32121212121212117,0.6,0.3333333333333333
GROUP_complete,representation_kd,CY-Bench_wheat_AU|AU-421|2005,0.32121212121212117,0.4,0.3333333333333333
GROUP_complete,representation_kd,CY-Bench_wheat_AU|AU-421|2006,0.01818181818181818,0.9,0.3333333333333333
GROUP_complete,representation_kd,CY-Bench_wheat_AU|AU-421|2007,0.09090909090909088,0.4,0.6666666666666666
GROUP_complete,representation_kd,CY-Bench_wheat_AU|AU-421|2008,0.6727272727272726,0.4,0.6666666666666666
GROUP_complete,representation_kd,CY-Bench_wheat_AU|AU-421|2009,0.6363636363636362,0.5,0.6666666666666666
GROUP_complete,representation_kd,CY-Bench_wheat_AU|AU-421|2010,0.4545454545454545,0.8,0.6666666666666666
GROUP_complete,representation_kd,CY-Bench_wheat_AU|AU-421|2011,0.3939393939393939,0.4,0.3333333333333333
GROUP_complete,representation_kd,CY-Bench_wheat_AU|AU-421|2012,0.5636363636363636,0.6,0.6666666666666666
GROUP_complete,representation_kd,CY-Bench_wheat_AU|AU-421|2013,0.5030303030303029,0.4,0.6666666666666666
GROUP_complete,representation_kd,CY-Bench_wheat_AU|AU-421|2014,0.32121212121212117,0.4,0.6666666666666666
GROUP_complete,representation_kd,CY-Bench_wheat_AU|AU-421|2015,0.49090909090909085,0.4,0.6666666666666666
GROUP_complete,representation_kd,CY-Bench_wheat_AU|AU-421|2016,0.07878787878787878,0.3,0.0
GROUP_complete,representation_kd,CY-Bench_wheat_AU|AU-421|2017,0.4787878787878787,0.6,0.6666666666666666
GROUP_complete,representation_kd,CY-Bench_wheat_AU|AU-421|2018,0.32121212121212117,0.4,0.6666666666666666
GROUP_complete,representation_kd,CY-Bench_wheat_AU|AU-421|2019,0.6848484848484848,0.5,0.6666666666666666
GROUP_complete,representation_kd,CY-Bench_wheat_AU|AU-421|2020,0.4666666666666666,0.3,0.6666666666666666
GROUP_complete,representation_kd,CY-Bench_wheat_AU|AU-421|2021,0.309090909090909,0.5,0.3333333333333333
GROUP_complete,representation_kd,CY-Bench_wheat_AU|AU-421|2022,0.4666666666666666,0.8,0.6666666666666666
GROUP_complete,representation_kd,CY-Bench_wheat_AU|AU-421|2023,0.7575757575757575,0.4,0.6666666666666666
GROUP_complete,representation_kd,CY-Bench_wheat_AU|AU-422|2001,0.8181818181818182,0.7,0.6666666666666666
GROUP_complete,representation_kd,CY-Bench_wheat_AU|AU-422|2002,0.709090909090909,0.7,0.6666666666666666
GROUP_complete,representation_kd,CY-Bench_wheat_AU|AU-422|2003,0.5878787878787878,0.8,0.6666666666666666
GROUP_complete,representation_kd,CY-Bench_wheat_AU|AU-422|2004,0.5272727272727272,0.8,0.6666666666666666
GROUP_complete,representation_kd,CY-Bench_wheat_AU|AU-422|2005,0.3939393939393939,0.6,0.6666666666666666
GROUP_complete,representation_kd,CY-Bench_wheat_AU|AU-422|2006,0.5030303030303029,0.5,0.6666666666666666
GROUP_complete,representation_kd,CY-Bench_wheat_AU|AU-422|2007,0.41818181818181815,0.6,0.6666666666666666
GROUP_complete,representation_kd,CY-Bench_wheat_AU|AU-422|2008,0.4787878787878787,0.7,0.6666666666666666
GROUP_complete,representation_kd,CY-Bench_wheat_AU|AU-422|2009,0.5878787878787878,0.5,0.3333333333333333
GROUP_complete,representation_kd,CY-Bench_wheat_AU|AU-422|2010,0.8666666666666665,0.6,1.0
GROUP_complete,representation_kd,CY-Bench_wheat_AU|AU-422|2011,0.7212121212121211,0.7,0.6666666666666666
GROUP_complete,representation_kd,CY-Bench_wheat_AU|AU-422|2012,0.4787878787878787,0.6,0.6666666666666666
GROUP_complete,representation_kd,CY-Bench_wheat_AU|AU-422|2013,0.6606060606060605,0.7,0.6666666666666666
GROUP_complete,representation_kd,CY-Bench_wheat_AU|AU-422|2014,0.4666666666666666,0.6,0.6666666666666666
GROUP_complete,representation_kd,CY-Bench_wheat_AU|AU-422|2015,0.33333333333333326,0.7,0.3333333333333333
GROUP_complete,representation_kd,CY-Bench_wheat_AU|AU-422|2016,0.8787878787878788,0.7,0.6666666666666666
GROUP_complete,representation_kd,CY-Bench_wheat_AU|AU-422|2017,0.35757575757575755,0.7,0.3333333333333333
GROUP_complete,representation_kd,CY-Bench_wheat_AU|AU-422|2018,0.5151515151515151,0.9,0.6666666666666666
GROUP_complete,representation_kd,CY-Bench_wheat_AU|AU-422|2019,0.709090909090909,0.6,0.6666666666666666
GROUP_complete,representation_kd,CY-Bench_wheat_AU|AU-422|2020,0.34545454545454546,0.9,0.3333333333333333
GROUP_complete,representation_kd,CY-Bench_wheat_AU|AU-422|2021,0.5030303030303029,0.8,0.6666666666666666
GROUP_complete,representation_kd,CY-Bench_wheat_AU|AU-422|2022,0.8424242424242423,0.7,1.0
GROUP_complete,representation_kd,CY-Bench_wheat_AU|AU-422|2023,0.5515151515151515,0.7,0.6666666666666666
GROUP_complete,representation_kd,CY-Bench_wheat_AU|AU-431|2001,0.6727272727272726,0.55,0.6666666666666666
GROUP_complete,representation_kd,CY-Bench_wheat_AU|AU-431|2002,0.7636363636363636,0.7,0.5
GROUP_complete,representation_kd,CY-Bench_wheat_AU|AU-431|2003,0.7333333333333332,0.5,0.6666666666666666
GROUP_complete,representation_kd,CY-Bench_wheat_AU|AU-431|2004,0.8242424242424241,0.7,0.6666666666666666
GROUP_complete,representation_kd,CY-Bench_wheat_AU|AU-431|2005,0.7575757575757576,0.6,0.6666666666666666
GROUP_complete,representation_kd,CY-Bench_wheat_AU|AU-431|2006,0.5696969696969696,0.7,0.5
GROUP_complete,representation_kd,CY-Bench_wheat_AU|AU-431|2007,0.5575757575757575,0.55,0.5
GROUP_complete,representation_kd,CY-Bench_wheat_AU|AU-431|2008,0.7575757575757575,0.7,0.6666666666666666
GROUP_complete,representation_kd,CY-Bench_wheat_AU|AU-431|2009,0.4242424242424242,0.6,0.5
GROUP_complete,representation_kd,CY-Bench_wheat_AU|AU-431|2010,0.6424242424242423,0.7,0.5
GROUP_complete,representation_kd,CY-Bench_wheat_AU|AU-431|2011,0.8242424242424242,0.55,0.8333333333333333
GROUP_complete,representation_kd,CY-Bench_wheat_AU|AU-431|2012,0.7333333333333332,0.5,0.6666666666666666
GROUP_complete,representation_kd,CY-Bench_wheat_AU|AU-431|2013,0.7636363636363634,0.6,0.6666666666666666
GROUP_complete,representation_kd,CY-Bench_wheat_AU|AU-431|2014,0.7999999999999998,0.6,0.6666666666666666
GROUP_complete,representation_kd,CY-Bench_wheat_AU|AU-431|2015,0.6484848484848484,0.5,0.6666666666666666
GROUP_complete,representation_kd,CY-Bench_wheat_AU|AU-431|2016,0.5878787878787879,0.6,0.5
GROUP_complete,representation_kd,CY-Bench_wheat_AU|AU-431|2017,0.7575757575757576,0.7,0.5
GROUP_complete,representation_kd,CY-Bench_wheat_AU|AU-431|2018,0.7696969696969695,0.7,0.5
GROUP_complete,representation_kd,CY-Bench_wheat_AU|AU-431|2019,0.8484848484848484,0.6,0.8333333333333333
GROUP_complete,representation_kd,CY-Bench_wheat_AU|AU-431|2020,0.7939393939393937,0.7,0.6666666666666666
GROUP_complete,representation_kd,CY-Bench_wheat_AU|AU-431|2021,0.7636363636363634,0.55,0.6666666666666666
GROUP_complete,representation_kd,CY-Bench_wheat_AU|AU-431|2022,0.7818181818181817,0.7,0.6666666666666666
GROUP_complete,representation_kd,CY-Bench_wheat_AU|AU-431|2023,0.8363636363636363,0.6,0.6666666666666666
GROUP_complete,representation_kd,CY-Bench_wheat_AU|AU-521|2001,0.07878787878787878,0.5,0.3333333333333333
GROUP_complete,representation_kd,CY-Bench_wheat_AU|AU-521|2002,0.34545454545454546,0.3,0.6666666666666666
GROUP_complete,representation_kd,CY-Bench_wheat_AU|AU-521|2003,0.35757575757575755,0.4,0.3333333333333333
GROUP_complete,representation_kd,CY-Bench_wheat_AU|AU-521|2004,0.22424242424242422,0.5,0.3333333333333333
GROUP_complete,representation_kd,CY-Bench_wheat_AU|AU-521|2005,0.5515151515151515,0.5,0.6666666666666666
GROUP_complete,representation_kd,CY-Bench_wheat_AU|AU-521|2006,0.7454545454545454,0.2,0.6666666666666666
GROUP_complete,representation_kd,CY-Bench_wheat_AU|AU-521|2007,0.6242424242424242,0.4,0.6666666666666666
GROUP_complete,representation_kd,CY-Bench_wheat_AU|AU-521|2008,0.6727272727272726,0.5,0.3333333333333333
GROUP_complete,representation_kd,CY-Bench_wheat_AU|AU-521|2009,0.3939393939393939,0.4,0.3333333333333333
GROUP_complete,representation_kd,CY-Bench_wheat_AU|AU-521|2010,0.5636363636363636,0.5,0.6666666666666666
GROUP_complete,representation_kd,CY-Bench_wheat_AU|AU-521|2011,0.29696969696969694,0.8,0.6666666666666666
GROUP_complete,representation_kd,CY-Bench_wheat_AU|AU-521|2012,0.6606060606060605,0.3,1.0
GROUP_complete,representation_kd,CY-Bench_wheat_AU|AU-521|2013,0.29696969696969694,0.4,0.3333333333333333
GROUP_complete,representation_kd,CY-Bench_wheat_AU|AU-521|2014,0.4424242424242424,0.4,0.6666666666666666
GROUP_complete,representation_kd,CY-Bench_wheat_AU|AU-521|2015,0.7696969696969697,0.4,0.6666666666666666
GROUP_complete,representation_kd,CY-Bench_wheat_AU|AU-521|2016,0.006060606060606061,0.7,0.3333333333333333
GROUP_complete,representation_kd,CY-Bench_wheat_AU|AU-521|2017,0.32121212121212117,0.5,0.6666666666666666
GROUP_complete,representation_kd,CY-Bench_wheat_AU|AU-521|2018,0.49090909090909085,0.5,0.3333333333333333
GROUP_complete,representation_kd,CY-Bench_wheat_AU|AU-521|2019,0.6,0.3,0.6666666666666666
GROUP_complete,representation_kd,CY-Bench_wheat_AU|AU-521|2020,0.28484848484848485,0.4,0.3333333333333333
GROUP_complete,representation_kd,CY-Bench_wheat_AU|AU-521|2021,0.4787878787878787,0.3,0.6666666666666666
GROUP_complete,representation_kd,CY-Bench_wheat_AU|AU-521|2022,0.6363636363636362,0.6,0.3333333333333333
GROUP_complete,representation_kd,CY-Bench_wheat_AU|AU-521|2023,0.6121212121212121,0.4,0.6666666666666666
GROUP_complete,representation_kd,CY-Bench_wheat_AU|AU-522|2001,0.23636363636363633,0.6,0.3333333333333333
GROUP_complete,representation_kd,CY-Bench_wheat_AU|AU-522|2002,0.6,0.6,0.6666666666666666
GROUP_complete,representation_kd,CY-Bench_wheat_AU|AU-522|2003,0.5272727272727272,0.5,0.6666666666666666
GROUP_complete,representation_kd,CY-Bench_wheat_AU|AU-522|2004,0.4666666666666666,0.5,0.6666666666666666
GROUP_complete,representation_kd,CY-Bench_wheat_AU|AU-522|2005,0.19999999999999998,0.6,0.3333333333333333
GROUP_complete,representation_kd,CY-Bench_wheat_AU|AU-522|2006,0.35757575757575755,0.6,0.3333333333333333
GROUP_complete,representation_kd,CY-Bench_wheat_AU|AU-522|2007,0.29696969696969694,0.5,0.6666666666666666
GROUP_complete,representation_kd,CY-Bench_wheat_AU|AU-522|2008,0.7696969696969697,0.7,1.0
GROUP_complete,representation_kd,CY-Bench_wheat_AU|AU-522|2009,0.5757575757575757,0.5,0.6666666666666666
GROUP_complete,representation_kd,CY-Bench_wheat_AU|AU-522|2010,0.4666666666666666,0.6,0.6666666666666666
GROUP_complete,representation_kd,CY-Bench_wheat_AU|AU-522|2011,0.7212121212121211,0.7,0.6666666666666666
GROUP_complete,representation_kd,CY-Bench_wheat_AU|AU-522|2012,0.34545454545454546,0.6,0.3333333333333333
GROUP_complete,representation_kd,CY-Bench_wheat_AU|AU-522|2013,0.7212121212121211,0.4,0.6666666666666666
GROUP_complete,representation_kd,CY-Bench_wheat_AU|AU-522|2014,0.6606060606060605,0.5,0.6666666666666666
GROUP_complete,representation_kd,CY-Bench_wheat_AU|AU-522|2015,0.7696969696969697,0.5,0.6666666666666666
GROUP_complete,representation_kd,CY-Bench_wheat_AU|AU-522|2016,-0.09090909090909088,0.4,0.0
GROUP_complete,representation_kd,CY-Bench_wheat_AU|AU-522|2017,0.5878787878787878,0.3,0.3333333333333333
GROUP_complete,representation_kd,CY-Bench_wheat_AU|AU-522|2018,0.5151515151515151,0.6,0.6666666666666666
GROUP_complete,representation_kd,CY-Bench_wheat_AU|AU-522|2019,0.41818181818181815,0.7,0.6666666666666666
GROUP_complete,representation_kd,CY-Bench_wheat_AU|AU-522|2020,0.6363636363636362,0.5,0.6666666666666666
GROUP_complete,representation_kd,CY-Bench_wheat_AU|AU-522|2021,0.6484848484848483,0.7,0.6666666666666666
GROUP_complete,representation_kd,CY-Bench_wheat_AU|AU-522|2022,0.4666666666666666,0.6,0.6666666666666666
GROUP_complete,representation_kd,CY-Bench_wheat_AU|AU-522|2023,0.2606060606060606,0.6,0.3333333333333333
GROUP_complete,supervised,CY-Bench_wheat_AU|AU-111|2001,0.16363636363636364,0.7,0.3333333333333333
GROUP_complete,supervised,CY-Bench_wheat_AU|AU-111|2002,0.6848484848484848,0.7,0.6666666666666666
GROUP_complete,supervised,CY-Bench_wheat_AU|AU-111|2003,0.9030303030303028,0.5,0.6666666666666666
GROUP_complete,supervised,CY-Bench_wheat_AU|AU-111|2004,0.6,0.4,0.3333333333333333
GROUP_complete,supervised,CY-Bench_wheat_AU|AU-111|2005,0.6848484848484848,0.3,0.3333333333333333
GROUP_complete,supervised,CY-Bench_wheat_AU|AU-111|2006,0.4787878787878787,0.6,0.6666666666666666
GROUP_complete,supervised,CY-Bench_wheat_AU|AU-111|2007,0.2606060606060606,0.6,0.3333333333333333
GROUP_complete,supervised,CY-Bench_wheat_AU|AU-111|2008,0.5878787878787878,0.4,0.3333333333333333
GROUP_complete,supervised,CY-Bench_wheat_AU|AU-111|2009,0.7696969696969697,0.7,0.6666666666666666
GROUP_complete,supervised,CY-Bench_wheat_AU|AU-111|2010,0.8060606060606059,0.8,1.0
GROUP_complete,supervised,CY-Bench_wheat_AU|AU-111|2011,0.406060606060606,0.5,0.3333333333333333
GROUP_complete,supervised,CY-Bench_wheat_AU|AU-111|2012,0.16363636363636364,0.8,0.3333333333333333
GROUP_complete,supervised,CY-Bench_wheat_AU|AU-111|2013,0.41818181818181815,0.8,0.6666666666666666
GROUP_complete,supervised,CY-Bench_wheat_AU|AU-111|2014,0.5272727272727272,0.8,0.6666666666666666
GROUP_complete,supervised,CY-Bench_wheat_AU|AU-111|2015,0.33333333333333326,0.6,0.3333333333333333
GROUP_complete,supervised,CY-Bench_wheat_AU|AU-111|2016,0.6121212121212121,0.5,0.3333333333333333
GROUP_complete,supervised,CY-Bench_wheat_AU|AU-111|2017,0.5757575757575757,0.6,0.3333333333333333
GROUP_complete,supervised,CY-Bench_wheat_AU|AU-111|2018,0.41818181818181815,0.7,0.6666666666666666
GROUP_complete,supervised,CY-Bench_wheat_AU|AU-111|2019,0.07878787878787878,0.7,0.6666666666666666
GROUP_complete,supervised,CY-Bench_wheat_AU|AU-111|2020,0.3696969696969697,0.5,0.0
GROUP_complete,supervised,CY-Bench_wheat_AU|AU-111|2021,0.5636363636363636,0.5,0.3333333333333333
GROUP_complete,supervised,CY-Bench_wheat_AU|AU-111|2022,0.9272727272727272,0.7,1.0
GROUP_complete,supervised,CY-Bench_wheat_AU|AU-111|2023,0.8424242424242423,0.7,0.6666666666666666
GROUP_complete,supervised,CY-Bench_wheat_AU|AU-123|2001,0.12727272727272726,0.4,0.0
GROUP_complete,supervised,CY-Bench_wheat_AU|AU-123|2002,0.6,0.6,0.3333333333333333
GROUP_complete,supervised,CY-Bench_wheat_AU|AU-123|2003,-0.10303030303030303,0.9,0.0
GROUP_complete,supervised,CY-Bench_wheat_AU|AU-123|2004,0.2606060606060606,0.7,0.0
GROUP_complete,supervised,CY-Bench_wheat_AU|AU-123|2005,-0.05454545454545454,0.6,0.0
GROUP_complete,supervised,CY-Bench_wheat_AU|AU-123|2006,0.5515151515151515,0.6,0.3333333333333333
GROUP_complete,supervised,CY-Bench_wheat_AU|AU-123|2007,0.5030303030303029,0.4,0.6666666666666666
GROUP_complete,supervised,CY-Bench_wheat_AU|AU-123|2008,0.1515151515151515,0.5,0.3333333333333333
GROUP_complete,supervised,CY-Bench_wheat_AU|AU-123|2009,0.6242424242424242,0.3,0.3333333333333333
GROUP_complete,supervised,CY-Bench_wheat_AU|AU-123|2010,0.4666666666666666,0.8,0.6666666666666666
GROUP_complete,supervised,CY-Bench_wheat_AU|AU-123|2011,0.01818181818181818,0.5,0.3333333333333333
GROUP_complete,supervised,CY-Bench_wheat_AU|AU-123|2012,0.38181818181818183,0.6,0.3333333333333333
GROUP_complete,supervised,CY-Bench_wheat_AU|AU-123|2013,0.12727272727272726,0.4,0.3333333333333333
GROUP_complete,supervised,CY-Bench_wheat_AU|AU-123|2014,0.6484848484848483,0.3,0.3333333333333333
GROUP_complete,supervised,CY-Bench_wheat_AU|AU-123|2015,0.10303030303030303,0.5,0.3333333333333333
GROUP_complete,supervised,CY-Bench_wheat_AU|AU-123|2016,0.29696969696969694,0.8,0.3333333333333333
GROUP_complete,supervised,CY-Bench_wheat_AU|AU-123|2017,0.006060606060606061,0.7,0.0
GROUP_complete,supervised,CY-Bench_wheat_AU|AU-123|2018,0.28484848484848485,0.5,0.3333333333333333
GROUP_complete,supervised,CY-Bench_wheat_AU|AU-123|2019,0.6242424242424242,0.7,0.6666666666666666
GROUP_complete,supervised,CY-Bench_wheat_AU|AU-123|2020,0.06666666666666665,0.5,0.3333333333333333
GROUP_complete,supervised,CY-Bench_wheat_AU|AU-123|2021,0.23636363636363633,0.8,0.3333333333333333
GROUP_complete,supervised,CY-Bench_wheat_AU|AU-123|2022,0.5393939393939393,0.7,0.6666666666666666
GROUP_complete,supervised,CY-Bench_wheat_AU|AU-123|2023,0.5151515151515151,0.4,0.6666666666666666
GROUP_complete,supervised,CY-Bench_wheat_AU|AU-222|2001,0.6484848484848483,0.7,0.6666666666666666
GROUP_complete,supervised,CY-Bench_wheat_AU|AU-222|2002,0.6606060606060605,0.7,0.6666666666666666
GROUP_complete,supervised,CY-Bench_wheat_AU|AU-222|2003,0.7939393939393938,0.8,0.6666666666666666
GROUP_complete,supervised,CY-Bench_wheat_AU|AU-222|2004,0.5393939393939393,0.7,0.6666666666666666
GROUP_complete,supervised,CY-Bench_wheat_AU|AU-222|2005,0.7575757575757575,0.7,0.6666666666666666
GROUP_complete,supervised,CY-Bench_wheat_AU|AU-222|2006,0.5878787878787878,0.7,1.0
GROUP_complete,supervised,CY-Bench_wheat_AU|AU-222|2007,0.6242424242424242,0.7,1.0
GROUP_complete,supervised,CY-Bench_wheat_AU|AU-222|2008,0.6848484848484848,0.7,1.0
GROUP_complete,supervised,CY-Bench_wheat_AU|AU-222|2009,0.8545454545454544,0.8,1.0
GROUP_complete,supervised,CY-Bench_wheat_AU|AU-222|2010,0.6848484848484848,0.7,0.6666666666666666
GROUP_complete,supervised,CY-Bench_wheat_AU|AU-222|2011,0.7333333333333332,0.7,1.0
GROUP_complete,supervised,CY-Bench_wheat_AU|AU-222|2012,0.7212121212121211,0.6,1.0
GROUP_complete,supervised,CY-Bench_wheat_AU|AU-222|2013,0.6363636363636362,0.9,0.6666666666666666
GROUP_complete,supervised,CY-Bench_wheat_AU|AU-222|2014,0.7696969696969697,0.7,1.0
GROUP_complete,supervised,CY-Bench_wheat_AU|AU-222|2015,0.6969696969696969,0.7,0.6666666666666666
GROUP_complete,supervised,CY-Bench_wheat_AU|AU-222|2016,0.6848484848484848,0.7,0.6666666666666666
GROUP_complete,supervised,CY-Bench_wheat_AU|AU-222|2017,0.7818181818181817,0.8,1.0
GROUP_complete,supervised,CY-Bench_wheat_AU|AU-222|2018,0.709090909090909,0.8,1.0
GROUP_complete,supervised,CY-Bench_wheat_AU|AU-222|2019,0.7454545454545454,0.8,0.6666666666666666
GROUP_complete,supervised,CY-Bench_wheat_AU|AU-222|2020,0.7575757575757575,0.8,1.0
GROUP_complete,supervised,CY-Bench_wheat_AU|AU-222|2021,0.6121212121212121,0.6,0.6666666666666666
GROUP_complete,supervised,CY-Bench_wheat_AU|AU-222|2022,0.8424242424242423,0.5,1.0
GROUP_complete,supervised,CY-Bench_wheat_AU|AU-222|2023,0.7939393939393938,0.6,1.0
GROUP_complete,supervised,CY-Bench_wheat_AU|AU-231|2001,0.33333333333333326,0.7,0.6666666666666666
GROUP_complete,supervised,CY-Bench_wheat_AU|AU-231|2002,0.6242424242424242,0.6,0.6666666666666666
GROUP_complete,supervised,CY-Bench_wheat_AU|AU-231|2003,0.3939393939393939,0.7,0.3333333333333333
GROUP_complete,supervised,CY-Bench_wheat_AU|AU-231|2004,0.4787878787878787,0.7,0.6666666666666666
GROUP_complete,supervised,CY-Bench_wheat_AU|AU-231|2005,0.33333333333333326,0.8,0.6666666666666666
GROUP_complete,supervised,CY-Bench_wheat_AU|AU-231|2006,0.6606060606060605,0.8,0.3333333333333333
GROUP_complete,supervised,CY-Bench_wheat_AU|AU-231|2007,0.13939393939393938,0.7,0.0
GROUP_complete,supervised,CY-Bench_wheat_AU|AU-231|2008,0.6727272727272726,0.7,0.6666666666666666
GROUP_complete,supervised,CY-Bench_wheat_AU|AU-231|2009,0.5272727272727272,0.6,0.6666666666666666
GROUP_complete,supervised,CY-Bench_wheat_AU|AU-231|2010,0.8787878787878788,0.6,1.0
GROUP_complete,supervised,CY-Bench_wheat_AU|AU-231|2011,0.709090909090909,0.8,0.6666666666666666
GROUP_complete,supervised,CY-Bench_wheat_AU|AU-231|2012,0.35757575757575755,0.7,0.3333333333333333
GROUP_complete,supervised,CY-Bench_wheat_AU|AU-231|2013,0.33333333333333326,0.5,0.6666666666666666
GROUP_complete,supervised,CY-Bench_wheat_AU|AU-231|2014,0.7575757575757575,0.8,0.6666666666666666
GROUP_complete,supervised,CY-Bench_wheat_AU|AU-231|2015,0.8181818181818182,0.6,0.6666666666666666
GROUP_complete,supervised,CY-Bench_wheat_AU|AU-231|2016,0.7454545454545454,0.5,0.6666666666666666
GROUP_complete,supervised,CY-Bench_wheat_AU|AU-231|2017,0.3939393939393939,0.6,0.3333333333333333
GROUP_complete,supervised,CY-Bench_wheat_AU|AU-231|2018,0.7212121212121211,0.6,0.6666666666666666
GROUP_complete,supervised,CY-Bench_wheat_AU|AU-231|2019,0.3696969696969697,0.6,0.6666666666666666
GROUP_complete,supervised,CY-Bench_wheat_AU|AU-231|2020,0.38181818181818183,0.7,0.6666666666666666
GROUP_complete,supervised,CY-Bench_wheat_AU|AU-231|2021,0.5393939393939393,0.6,0.6666666666666666
GROUP_complete,supervised,CY-Bench_wheat_AU|AU-231|2022,0.6484848484848483,0.7,0.6666666666666666
GROUP_complete,supervised,CY-Bench_wheat_AU|AU-231|2023,0.49090909090909085,0.9,0.6666666666666666
GROUP_complete,supervised,CY-Bench_wheat_AU|AU-322|2001,0.6,0.8,0.6666666666666666
GROUP_complete,supervised,CY-Bench_wheat_AU|AU-322|2002,0.6484848484848483,0.7,0.6666666666666666
GROUP_complete,supervised,CY-Bench_wheat_AU|AU-322|2003,0.6606060606060605,0.8,0.6666666666666666
GROUP_complete,supervised,CY-Bench_wheat_AU|AU-322|2004,0.709090909090909,0.7,0.6666666666666666
GROUP_complete,supervised,CY-Bench_wheat_AU|AU-322|2005,0.6363636363636362,0.9,0.6666666666666666
GROUP_complete,supervised,CY-Bench_wheat_AU|AU-322|2006,0.4666666666666666,0.8,0.3333333333333333
GROUP_complete,supervised,CY-Bench_wheat_AU|AU-322|2007,0.49090909090909085,0.8,0.6666666666666666
GROUP_complete,supervised,CY-Bench_wheat_AU|AU-322|2008,0.4424242424242424,0.8,0.6666666666666666
GROUP_complete,supervised,CY-Bench_wheat_AU|AU-322|2009,0.3939393939393939,0.7,0.3333333333333333
GROUP_complete,supervised,CY-Bench_wheat_AU|AU-322|2010,0.23636363636363633,0.7,0.3333333333333333
GROUP_complete,supervised,CY-Bench_wheat_AU|AU-322|2011,0.43030303030303024,0.9,0.3333333333333333
GROUP_complete,supervised,CY-Bench_wheat_AU|AU-322|2012,0.6969696969696969,0.7,0.6666666666666666
GROUP_complete,supervised,CY-Bench_wheat_AU|AU-322|2013,0.5878787878787878,0.7,0.3333333333333333
GROUP_complete,supervised,CY-Bench_wheat_AU|AU-322|2014,0.4545454545454545,0.7,0.3333333333333333
GROUP_complete,supervised,CY-Bench_wheat_AU|AU-322|2015,0.4424242424242424,0.7,0.3333333333333333
GROUP_complete,supervised,CY-Bench_wheat_AU|AU-322|2016,0.406060606060606,0.8,0.6666666666666666
GROUP_complete,supervised,CY-Bench_wheat_AU|AU-322|2017,0.6727272727272726,0.8,0.6666666666666666
GROUP_complete,supervised,CY-Bench_wheat_AU|AU-322|2018,0.7212121212121211,0.8,0.6666666666666666
GROUP_complete,supervised,CY-Bench_wheat_AU|AU-322|2019,0.29696969696969694,0.6,0.6666666666666666
GROUP_complete,supervised,CY-Bench_wheat_AU|AU-322|2020,0.4424242424242424,0.7,0.3333333333333333
GROUP_complete,supervised,CY-Bench_wheat_AU|AU-322|2021,0.43030303030303024,0.9,0.3333333333333333
GROUP_complete,supervised,CY-Bench_wheat_AU|AU-322|2022,0.4787878787878787,0.7,0.3333333333333333
GROUP_complete,supervised,CY-Bench_wheat_AU|AU-322|2023,0.6484848484848483,0.8,0.6666666666666666
GROUP_complete,supervised,CY-Bench_wheat_AU|AU-331|2001,0.5757575757575757,0.8,0.6666666666666666
GROUP_complete,supervised,CY-Bench_wheat_AU|AU-331|2002,0.29696969696969694,0.9,0.6666666666666666
GROUP_complete,supervised,CY-Bench_wheat_AU|AU-331|2003,0.5393939393939393,0.7,0.6666666666666666
GROUP_complete,supervised,CY-Bench_wheat_AU|AU-331|2004,0.5757575757575757,0.8,0.6666666666666666
GROUP_complete,supervised,CY-Bench_wheat_AU|AU-331|2005,0.406060606060606,0.8,0.3333333333333333
GROUP_complete,supervised,CY-Bench_wheat_AU|AU-331|2006,0.5878787878787878,0.7,0.6666666666666666
GROUP_complete,supervised,CY-Bench_wheat_AU|AU-331|2007,0.4424242424242424,0.8,0.3333333333333333
GROUP_complete,supervised,CY-Bench_wheat_AU|AU-331|2008,0.5878787878787878,0.8,0.6666666666666666
GROUP_complete,supervised,CY-Bench_wheat_AU|AU-331|2009,0.3696969696969697,0.8,0.6666666666666666
GROUP_complete,supervised,CY-Bench_wheat_AU|AU-331|2010,0.43030303030303024,0.6,0.3333333333333333
GROUP_complete,supervised,CY-Bench_wheat_AU|AU-331|2011,0.4787878787878787,0.7,0.3333333333333333
GROUP_complete,supervised,CY-Bench_wheat_AU|AU-331|2012,0.5878787878787878,0.6,0.6666666666666666
GROUP_complete,supervised,CY-Bench_wheat_AU|AU-331|2013,0.5757575757575757,0.7,0.6666666666666666
GROUP_complete,supervised,CY-Bench_wheat_AU|AU-331|2014,0.5393939393939393,0.7,0.6666666666666666
GROUP_complete,supervised,CY-Bench_wheat_AU|AU-331|2015,0.5151515151515151,0.9,0.6666666666666666
GROUP_complete,supervised,CY-Bench_wheat_AU|AU-331|2016,0.4666666666666666,0.9,0.3333333333333333
GROUP_complete,supervised,CY-Bench_wheat_AU|AU-331|2017,0.5393939393939393,0.8,0.6666666666666666
GROUP_complete,supervised,CY-Bench_wheat_AU|AU-331|2018,0.6363636363636362,0.7,0.6666666666666666
GROUP_complete,supervised,CY-Bench_wheat_AU|AU-331|2019,0.3939393939393939,0.8,0.6666666666666666
GROUP_complete,supervised,CY-Bench_wheat_AU|AU-331|2020,0.35757575757575755,0.7,0.3333333333333333
GROUP_complete,supervised,CY-Bench_wheat_AU|AU-331|2021,0.5151515151515151,0.9,0.6666666666666666
GROUP_complete,supervised,CY-Bench_wheat_AU|AU-331|2022,0.41818181818181815,0.8,0.3333333333333333
GROUP_complete,supervised,CY-Bench_wheat_AU|AU-331|2023,0.5878787878787878,0.8,0.6666666666666666
GROUP_complete,supervised,CY-Bench_wheat_AU|AU-332|2015,0.6606060606060605,0.6,0.6666666666666666
GROUP_complete,supervised,CY-Bench_wheat_AU|AU-411|2001,0.8545454545454544,0.7,0.6666666666666666
GROUP_complete,supervised,CY-Bench_wheat_AU|AU-411|2002,-0.06666666666666665,0.5,0.0
GROUP_complete,supervised,CY-Bench_wheat_AU|AU-411|2003,0.6242424242424242,0.7,0.6666666666666666
GROUP_complete,supervised,CY-Bench_wheat_AU|AU-411|2004,0.6242424242424242,0.6,0.6666666666666666
GROUP_complete,supervised,CY-Bench_wheat_AU|AU-411|2005,0.9030303030303028,0.6,0.6666666666666666
GROUP_complete,supervised,CY-Bench_wheat_AU|AU-411|2006,0.22424242424242422,0.5,0.3333333333333333
GROUP_complete,supervised,CY-Bench_wheat_AU|AU-411|2007,-0.1515151515151515,0.6,0.0
GROUP_complete,supervised,CY-Bench_wheat_AU|AU-411|2008,0.4787878787878787,0.8,0.3333333333333333
GROUP_complete,supervised,CY-Bench_wheat_AU|AU-411|2009,0.35757575757575755,0.6,0.6666666666666666
GROUP_complete,supervised,CY-Bench_wheat_AU|AU-411|2010,0.7939393939393938,0.7,0.6666666666666666
GROUP_complete,supervised,CY-Bench_wheat_AU|AU-411|2011,0.5030303030303029,0.6,0.3333333333333333
GROUP_complete,supervised,CY-Bench_wheat_AU|AU-411|2012,0.33333333333333326,0.6,0.3333333333333333
GROUP_complete,supervised,CY-Bench_wheat_AU|AU-411|2013,0.2606060606060606,0.5,0.3333333333333333
GROUP_complete,supervised,CY-Bench_wheat_AU|AU-411|2014,0.24848484848484845,0.5,0.3333333333333333
GROUP_complete,supervised,CY-Bench_wheat_AU|AU-411|2015,0.4545454545454545,0.5,0.3333333333333333
GROUP_complete,supervised,CY-Bench_wheat_AU|AU-411|2016,0.7212121212121211,0.7,0.6666666666666666
GROUP_complete,supervised,CY-Bench_wheat_AU|AU-411|2017,0.2727272727272727,0.6,0.3333333333333333
GROUP_complete,supervised,CY-Bench_wheat_AU|AU-411|2018,0.16363636363636364,0.6,0.3333333333333333
GROUP_complete,supervised,CY-Bench_wheat_AU|AU-411|2019,0.01818181818181818,0.6,0.0
GROUP_complete,supervised,CY-Bench_wheat_AU|AU-411|2020,0.709090909090909,0.6,0.3333333333333333
GROUP_complete,supervised,CY-Bench_wheat_AU|AU-411|2021,0.7575757575757575,0.7,0.6666666666666666
GROUP_complete,supervised,CY-Bench_wheat_AU|AU-411|2022,0.7939393939393938,0.7,0.6666666666666666
GROUP_complete,supervised,CY-Bench_wheat_AU|AU-411|2023,0.4666666666666666,0.4,0.3333333333333333
GROUP_complete,supervised,CY-Bench_wheat_AU|AU-421|2001,0.6727272727272726,0.6,1.0
GROUP_complete,supervised,CY-Bench_wheat_AU|AU-421|2002,0.5878787878787878,0.3,0.6666666666666666
GROUP_complete,supervised,CY-Bench_wheat_AU|AU-421|2003,0.29696969696969694,0.3,0.3333333333333333
GROUP_complete,supervised,CY-Bench_wheat_AU|AU-421|2004,0.7454545454545454,0.4,0.6666666666666666
GROUP_complete,supervised,CY-Bench_wheat_AU|AU-421|2005,0.3939393939393939,0.3,0.6666666666666666
GROUP_complete,supervised,CY-Bench_wheat_AU|AU-421|2006,0.2727272727272727,0.9,0.3333333333333333
GROUP_complete,supervised,CY-Bench_wheat_AU|AU-421|2007,0.309090909090909,0.7,0.3333333333333333
GROUP_complete,supervised,CY-Bench_wheat_AU|AU-421|2008,0.6727272727272726,0.3,0.6666666666666666
GROUP_complete,supervised,CY-Bench_wheat_AU|AU-421|2009,0.6,0.5,0.6666666666666666
GROUP_complete,supervised,CY-Bench_wheat_AU|AU-421|2010,0.7454545454545454,0.7,1.0
GROUP_complete,supervised,CY-Bench_wheat_AU|AU-421|2011,0.33333333333333326,0.5,0.6666666666666666
GROUP_complete,supervised,CY-Bench_wheat_AU|AU-421|2012,0.5393939393939393,0.6,0.6666666666666666
GROUP_complete,supervised,CY-Bench_wheat_AU|AU-421|2013,0.49090909090909085,0.5,0.6666666666666666
GROUP_complete,supervised,CY-Bench_wheat_AU|AU-421|2014,0.006060606060606061,0.8,0.0
GROUP_complete,supervised,CY-Bench_wheat_AU|AU-421|2015,0.6363636363636362,0.4,0.6666666666666666
GROUP_complete,supervised,CY-Bench_wheat_AU|AU-421|2016,-0.05454545454545454,0.4,0.3333333333333333
GROUP_complete,supervised,CY-Bench_wheat_AU|AU-421|2017,0.5636363636363636,0.5,0.3333333333333333
GROUP_complete,supervised,CY-Bench_wheat_AU|AU-421|2018,0.7696969696969697,0.2,1.0
GROUP_complete,supervised,CY-Bench_wheat_AU|AU-421|2019,0.35757575757575755,0.5,0.3333333333333333
GROUP_complete,supervised,CY-Bench_wheat_AU|AU-421|2020,0.6363636363636362,0.4,0.6666666666666666
GROUP_complete,supervised,CY-Bench_wheat_AU|AU-421|2021,0.3696969696969697,0.4,0.6666666666666666
GROUP_complete,supervised,CY-Bench_wheat_AU|AU-421|2022,0.6727272727272726,0.7,1.0
GROUP_complete,supervised,CY-Bench_wheat_AU|AU-421|2023,0.4666666666666666,0.5,0.6666666666666666
GROUP_complete,supervised,CY-Bench_wheat_AU|AU-422|2001,0.7818181818181817,0.7,0.6666666666666666
GROUP_complete,supervised,CY-Bench_wheat_AU|AU-422|2002,0.5151515151515151,0.7,0.6666666666666666
GROUP_complete,supervised,CY-Bench_wheat_AU|AU-422|2003,0.7575757575757575,0.7,1.0
GROUP_complete,supervised,CY-Bench_wheat_AU|AU-422|2004,0.6969696969696969,0.9,1.0
GROUP_complete,supervised,CY-Bench_wheat_AU|AU-422|2005,0.7212121212121211,0.7,1.0
GROUP_complete,supervised,CY-Bench_wheat_AU|AU-422|2006,0.6,0.7,0.6666666666666666
GROUP_complete,supervised,CY-Bench_wheat_AU|AU-422|2007,0.28484848484848485,0.7,0.6666666666666666
GROUP_complete,supervised,CY-Bench_wheat_AU|AU-422|2008,0.6,0.8,1.0
GROUP_complete,supervised,CY-Bench_wheat_AU|AU-422|2009,0.4787878787878787,0.5,0.6666666666666666
GROUP_complete,supervised,CY-Bench_wheat_AU|AU-422|2010,0.7212121212121211,0.7,0.6666666666666666
GROUP_complete,supervised,CY-Bench_wheat_AU|AU-422|2011,0.5757575757575757,0.9,1.0
GROUP_complete,supervised,CY-Bench_wheat_AU|AU-422|2012,0.6121212121212121,0.9,1.0
GROUP_complete,supervised,CY-Bench_wheat_AU|AU-422|2013,0.5757575757575757,0.8,1.0
GROUP_complete,supervised,CY-Bench_wheat_AU|AU-422|2014,0.24848484848484845,0.7,0.6666666666666666
GROUP_complete,supervised,CY-Bench_wheat_AU|AU-422|2015,0.3696969696969697,0.7,0.6666666666666666
GROUP_complete,supervised,CY-Bench_wheat_AU|AU-422|2016,0.6969696969696969,0.8,0.6666666666666666
GROUP_complete,supervised,CY-Bench_wheat_AU|AU-422|2017,0.49090909090909085,0.8,0.6666666666666666
GROUP_complete,supervised,CY-Bench_wheat_AU|AU-422|2018,0.49090909090909085,0.8,0.6666666666666666
GROUP_complete,supervised,CY-Bench_wheat_AU|AU-422|2019,0.4666666666666666,0.7,0.6666666666666666
GROUP_complete,supervised,CY-Bench_wheat_AU|AU-422|2020,0.6484848484848483,0.7,0.6666666666666666
GROUP_complete,supervised,CY-Bench_wheat_AU|AU-422|2021,0.7454545454545454,0.7,1.0
GROUP_complete,supervised,CY-Bench_wheat_AU|AU-422|2023,0.6484848484848483,0.8,1.0
GROUP_complete,supervised,CY-Bench_wheat_AU|AU-431|2001,0.6,0.8,0.8333333333333333
GROUP_complete,supervised,CY-Bench_wheat_AU|AU-431|2002,0.5757575757575757,0.75,0.5
GROUP_complete,supervised,CY-Bench_wheat_AU|AU-431|2003,0.7212121212121212,0.75,0.6666666666666666
GROUP_complete,supervised,CY-Bench_wheat_AU|AU-431|2004,0.6909090909090909,0.8,0.8333333333333333
GROUP_complete,supervised,CY-Bench_wheat_AU|AU-431|2005,0.7999999999999999,0.8500000000000001,1.0
GROUP_complete,supervised,CY-Bench_wheat_AU|AU-431|2006,0.46666666666666656,0.6,0.5
GROUP_complete,supervised,CY-Bench_wheat_AU|AU-431|2007,0.7212121212121212,0.8,0.6666666666666666
GROUP_complete,supervised,CY-Bench_wheat_AU|AU-431|2008,0.7212121212121212,0.7,0.8333333333333333
GROUP_complete,supervised,CY-Bench_wheat_AU|AU-431|2009,0.7636363636363636,0.9,0.6666666666666666
GROUP_complete,supervised,CY-Bench_wheat_AU|AU-431|2010,0.8424242424242423,0.75,1.0
GROUP_complete,supervised,CY-Bench_wheat_AU|AU-431|2011,0.7939393939393938,0.8,0.8333333333333333
GROUP_complete,supervised,CY-Bench_wheat_AU|AU-431|2012,0.7030303030303029,0.75,0.8333333333333333
GROUP_complete,supervised,CY-Bench_wheat_AU|AU-431|2013,0.8060606060606059,0.8500000000000001,0.8333333333333333
GROUP_complete,supervised,CY-Bench_wheat_AU|AU-431|2014,0.606060606060606,0.6499999999999999,0.6666666666666666
GROUP_complete,supervised,CY-Bench_wheat_AU|AU-431|2015,0.7818181818181817,0.6499999999999999,0.6666666666666666
GROUP_complete,supervised,CY-Bench_wheat_AU|AU-431|2016,0.7212121212121211,0.75,0.8333333333333333
GROUP_complete,supervised,CY-Bench_wheat_AU|AU-431|2017,0.8363636363636362,0.9,0.8333333333333333
GROUP_complete,supervised,CY-Bench_wheat_AU|AU-431|2018,0.6303030303030301,0.75,0.5
GROUP_complete,supervised,CY-Bench_wheat_AU|AU-431|2019,0.6484848484848484,0.7,0.6666666666666666
GROUP_complete,supervised,CY-Bench_wheat_AU|AU-431|2020,0.7454545454545454,0.7,0.8333333333333333
GROUP_complete,supervised,CY-Bench_wheat_AU|AU-431|2021,0.812121212121212,0.75,0.8333333333333333
GROUP_complete,supervised,CY-Bench_wheat_AU|AU-431|2022,0.8606060606060606,0.8,1.0
GROUP_complete,supervised,CY-Bench_wheat_AU|AU-431|2023,0.6909090909090908,0.8500000000000001,0.6666666666666666
GROUP_complete,supervised,CY-Bench_wheat_AU|AU-521|2001,0.3939393939393939,0.6,0.6666666666666666
GROUP_complete,supervised,CY-Bench_wheat_AU|AU-521|2002,0.7212121212121211,0.3,0.6666666666666666
GROUP_complete,supervised,CY-Bench_wheat_AU|AU-521|2003,0.4787878787878787,0.3,0.6666666666666666
GROUP_complete,supervised,CY-Bench_wheat_AU|AU-521|2004,0.11515151515151514,0.4,0.3333333333333333
GROUP_complete,supervised,CY-Bench_wheat_AU|AU-521|2005,0.38181818181818183,0.7,0.6666666666666666
GROUP_complete,supervised,CY-Bench_wheat_AU|AU-521|2006,0.7575757575757575,0.4,1.0
GROUP_complete,supervised,CY-Bench_wheat_AU|AU-521|2007,0.6727272727272726,0.4,0.6666666666666666
GROUP_complete,supervised,CY-Bench_wheat_AU|AU-521|2008,0.6727272727272726,0.6,1.0
GROUP_complete,supervised,CY-Bench_wheat_AU|AU-521|2009,0.4666666666666666,0.4,0.6666666666666666
GROUP_complete,supervised,CY-Bench_wheat_AU|AU-521|2010,0.5636363636363636,0.5,0.6666666666666666
GROUP_complete,supervised,CY-Bench_wheat_AU|AU-521|2011,0.3696969696969697,0.5,0.6666666666666666
GROUP_complete,supervised,CY-Bench_wheat_AU|AU-521|2012,0.6363636363636362,0.4,0.6666666666666666
GROUP_complete,supervised,CY-Bench_wheat_AU|AU-521|2013,0.34545454545454546,0.3,0.3333333333333333
GROUP_complete,supervised,CY-Bench_wheat_AU|AU-521|2014,0.4545454545454545,0.3,0.6666666666666666
GROUP_complete,supervised,CY-Bench_wheat_AU|AU-521|2015,0.33333333333333326,0.4,0.6666666666666666
GROUP_complete,supervised,CY-Bench_wheat_AU|AU-521|2016,0.24848484848484845,0.7,0.0
GROUP_complete,supervised,CY-Bench_wheat_AU|AU-521|2017,0.18787878787878787,0.5,0.3333333333333333
GROUP_complete,supervised,CY-Bench_wheat_AU|AU-521|2018,0.5757575757575757,0.2,0.6666666666666666
GROUP_complete,supervised,CY-Bench_wheat_AU|AU-521|2019,0.18787878787878787,0.6,0.3333333333333333
GROUP_complete,supervised,CY-Bench_wheat_AU|AU-521|2020,0.7212121212121211,0.5,0.6666666666666666
GROUP_complete,supervised,CY-Bench_wheat_AU|AU-521|2021,0.5636363636363636,0.4,0.6666666666666666
GROUP_complete,supervised,CY-Bench_wheat_AU|AU-521|2022,0.6606060606060605,0.6,0.6666666666666666
GROUP_complete,supervised,CY-Bench_wheat_AU|AU-521|2023,0.5272727272727272,0.6,0.6666666666666666
GROUP_complete,supervised,CY-Bench_wheat_AU|AU-522|2001,0.6242424242424242,0.8,0.6666666666666666
GROUP_complete,supervised,CY-Bench_wheat_AU|AU-522|2002,0.6606060606060605,0.6,0.6666666666666666
GROUP_complete,supervised,CY-Bench_wheat_AU|AU-522|2003,-0.05454545454545454,0.9,0.0
GROUP_complete,supervised,CY-Bench_wheat_AU|AU-522|2004,0.6848484848484848,0.6,0.6666666666666666
GROUP_complete,supervised,CY-Bench_wheat_AU|AU-522|2005,0.5515151515151515,0.8,0.6666666666666666
GROUP_complete,supervised,CY-Bench_wheat_AU|AU-522|2006,0.7818181818181817,0.8,0.6666666666666666
GROUP_complete,supervised,CY-Bench_wheat_AU|AU-522|2007,0.7454545454545454,0.6,0.6666666666666666
GROUP_complete,supervised,CY-Bench_wheat_AU|AU-522|2008,0.6484848484848483,0.8,0.6666666666666666
GROUP_complete,supervised,CY-Bench_wheat_AU|AU-522|2009,0.6848484848484848,0.7,0.6666666666666666
GROUP_complete,supervised,CY-Bench_wheat_AU|AU-522|2010,0.33333333333333326,0.5,0.3333333333333333
GROUP_complete,supervised,CY-Bench_wheat_AU|AU-522|2011,0.5393939393939393,0.4,0.6666666666666666
GROUP_complete,supervised,CY-Bench_wheat_AU|AU-522|2012,0.5272727272727272,0.7,0.6666666666666666
GROUP_complete,supervised,CY-Bench_wheat_AU|AU-522|2013,0.5151515151515151,0.5,0.0
GROUP_complete,supervised,CY-Bench_wheat_AU|AU-522|2014,0.4545454545454545,0.8,0.3333333333333333
GROUP_complete,supervised,CY-Bench_wheat_AU|AU-522|2015,0.3939393939393939,0.6,0.3333333333333333
GROUP_complete,supervised,CY-Bench_wheat_AU|AU-522|2016,0.8303030303030302,0.7,0.6666666666666666
GROUP_complete,supervised,CY-Bench_wheat_AU|AU-522|2017,0.28484848484848485,0.5,0.3333333333333333
GROUP_complete,supervised,CY-Bench_wheat_AU|AU-522|2018,0.5636363636363636,0.9,0.3333333333333333
GROUP_complete,supervised,CY-Bench_wheat_AU|AU-522|2019,0.8060606060606059,0.6,0.6666666666666666
GROUP_complete,supervised,CY-Bench_wheat_AU|AU-522|2020,0.43030303030303024,0.6,0.6666666666666666
GROUP_complete,supervised,CY-Bench_wheat_AU|AU-522|2021,0.7575757575757575,0.8,1.0
GROUP_complete,supervised,CY-Bench_wheat_AU|AU-522|2022,0.6484848484848483,0.8,0.3333333333333333
GROUP_complete,supervised,CY-Bench_wheat_AU|AU-522|2023,0.6848484848484848,0.6,0.3333333333333333
SPATIAL_complete,combined_kd,CY-Bench_wheat_AU|AU-222|2001,0.5838383838383838,0.7333333333333334,0.4444444444444444
SPATIAL_complete,combined_kd,CY-Bench_wheat_AU|AU-222|2002,0.4828282828282828,0.6666666666666666,0.4444444444444444
SPATIAL_complete,combined_kd,CY-Bench_wheat_AU|AU-222|2003,0.26060606060606056,0.7666666666666666,0.2222222222222222
SPATIAL_complete,combined_kd,CY-Bench_wheat_AU|AU-222|2004,0.2323232323232323,0.7333333333333334,0.4444444444444444
SPATIAL_complete,combined_kd,CY-Bench_wheat_AU|AU-222|2005,0.5797979797979798,0.7666666666666666,0.6666666666666666
SPATIAL_complete,combined_kd,CY-Bench_wheat_AU|AU-222|2006,0.05858585858585858,0.7000000000000001,0.3333333333333333
SPATIAL_complete,combined_kd,CY-Bench_wheat_AU|AU-222|2007,0.10707070707070708,0.7000000000000001,0.3333333333333333
SPATIAL_complete,combined_kd,CY-Bench_wheat_AU|AU-222|2008,0.5797979797979798,0.6666666666666666,0.4444444444444444
SPATIAL_complete,combined_kd,CY-Bench_wheat_AU|AU-222|2009,0.43434343434343425,0.7333333333333334,0.6666666666666666
SPATIAL_complete,combined_kd,CY-Bench_wheat_AU|AU-222|2010,0.4545454545454544,0.7999999999999999,0.4444444444444444
SPATIAL_complete,combined_kd,CY-Bench_wheat_AU|AU-222|2011,0.43030303030303024,0.6666666666666666,0.5555555555555555
SPATIAL_complete,combined_kd,CY-Bench_wheat_AU|AU-222|2012,0.5919191919191918,0.6333333333333333,0.3333333333333333
SPATIAL_complete,combined_kd,CY-Bench_wheat_AU|AU-222|2013,0.48686868686868684,0.7333333333333334,0.5555555555555555
SPATIAL_complete,combined_kd,CY-Bench_wheat_AU|AU-222|2014,0.309090909090909,0.7000000000000001,0.2222222222222222
SPATIAL_complete,combined_kd,CY-Bench_wheat_AU|AU-222|2015,0.43030303030303024,0.6333333333333333,0.5555555555555555
SPATIAL_complete,combined_kd,CY-Bench_wheat_AU|AU-222|2016,0.30101010101010095,0.7333333333333334,0.4444444444444444
SPATIAL_complete,combined_kd,CY-Bench_wheat_AU|AU-222|2017,0.32121212121212117,0.7333333333333334,0.3333333333333333
SPATIAL_complete,combined_kd,CY-Bench_wheat_AU|AU-222|2018,0.49898989898989893,0.7333333333333334,0.3333333333333333
SPATIAL_complete,combined_kd,CY-Bench_wheat_AU|AU-222|2019,0.5838383838383838,0.6333333333333333,0.5555555555555555
SPATIAL_complete,combined_kd,CY-Bench_wheat_AU|AU-222|2020,0.2767676767676768,0.7000000000000001,0.4444444444444444
SPATIAL_complete,combined_kd,CY-Bench_wheat_AU|AU-222|2021,0.4666666666666666,0.7333333333333334,0.3333333333333333
SPATIAL_complete,combined_kd,CY-Bench_wheat_AU|AU-222|2022,0.5030303030303029,0.8333333333333334,0.5555555555555555
SPATIAL_complete,combined_kd,CY-Bench_wheat_AU|AU-222|2023,0.5878787878787878,0.7000000000000001,0.3333333333333333
SPATIAL_complete,combined_kd,CY-Bench_wheat_AU|AU-512|2001,0.3818181818181818,0.6666666666666666,0.4444444444444444
SPATIAL_complete,combined_kd,CY-Bench_wheat_AU|AU-512|2002,0.6666666666666665,0.4,0.5
SPATIAL_complete,combined_kd,CY-Bench_wheat_AU|AU-512|2004,0.41818181818181815,0.5666666666666668,0.4444444444444444
SPATIAL_complete,combined_kd,CY-Bench_wheat_AU|AU-512|2013,0.48484848484848475,0.5,0.6666666666666666
SPATIAL_complete,combined_kd,CY-Bench_wheat_AU|AU-512|2014,0.6,0.45,0.6666666666666666
SPATIAL_complete,combined_kd,CY-Bench_wheat_AU|AU-512|2015,0.5959595959595959,0.5333333333333333,0.6666666666666666
SPATIAL_complete,combined_kd,CY-Bench_wheat_AU|AU-512|2022,0.5030303030303029,0.55,0.3333333333333333
SPATIAL_complete,combined_kd,CY-Bench_wheat_AU|AU-512|2023,0.5111111111111111,0.5333333333333333,0.5555555555555555
SPATIAL_complete,missing_aware,CY-Bench_wheat_AU|AU-222|2001,0.7212121212121211,0.6333333333333333,0.5555555555555555
SPATIAL_complete,missing_aware,CY-Bench_wheat_AU|AU-222|2002,0.5151515151515151,0.7666666666666666,0.5555555555555555
SPATIAL_complete,missing_aware,CY-Bench_wheat_AU|AU-222|2003,0.7414141414141414,0.5666666666666667,0.6666666666666666
SPATIAL_complete,missing_aware,CY-Bench_wheat_AU|AU-222|2004,0.8424242424242423,0.6,0.7777777777777778
SPATIAL_complete,missing_aware,CY-Bench_wheat_AU|AU-222|2005,0.5676767676767676,0.6666666666666666,0.5555555555555555
SPATIAL_complete,missing_aware,CY-Bench_wheat_AU|AU-222|2006,0.4909090909090909,0.6333333333333333,0.5555555555555555
SPATIAL_complete,missing_aware,CY-Bench_wheat_AU|AU-222|2007,0.6404040404040403,0.6666666666666666,0.6666666666666666
SPATIAL_complete,missing_aware,CY-Bench_wheat_AU|AU-222|2008,0.8383838383838382,0.6,0.5555555555555555
SPATIAL_complete,missing_aware,CY-Bench_wheat_AU|AU-222|2009,0.5838383838383837,0.6333333333333333,0.3333333333333333
SPATIAL_complete,missing_aware,CY-Bench_wheat_AU|AU-222|2010,0.6525252525252524,0.6,0.7777777777777777
SPATIAL_complete,missing_aware,CY-Bench_wheat_AU|AU-222|2011,0.6646464646464646,0.6666666666666666,0.6666666666666666
SPATIAL_complete,missing_aware,CY-Bench_wheat_AU|AU-222|2012,0.6848484848484847,0.6333333333333333,0.5555555555555555
SPATIAL_complete,missing_aware,CY-Bench_wheat_AU|AU-222|2013,0.604040404040404,0.6333333333333333,0.7777777777777777
SPATIAL_complete,missing_aware,CY-Bench_wheat_AU|AU-222|2014,0.38181818181818183,0.6666666666666666,0.4444444444444444
SPATIAL_complete,missing_aware,CY-Bench_wheat_AU|AU-222|2015,0.6323232323232323,0.5333333333333333,0.5555555555555555
SPATIAL_complete,missing_aware,CY-Bench_wheat_AU|AU-222|2016,0.612121212121212,0.6,0.5555555555555555
SPATIAL_complete,missing_aware,CY-Bench_wheat_AU|AU-222|2017,0.802020202020202,0.7000000000000001,0.7777777777777777
SPATIAL_complete,missing_aware,CY-Bench_wheat_AU|AU-222|2018,0.5797979797979798,0.6333333333333333,0.4444444444444444
SPATIAL_complete,missing_aware,CY-Bench_wheat_AU|AU-222|2019,0.5353535353535354,0.6333333333333333,0.4444444444444444
SPATIAL_complete,missing_aware,CY-Bench_wheat_AU|AU-222|2020,0.8222222222222221,0.6333333333333333,0.7777777777777778
SPATIAL_complete,missing_aware,CY-Bench_wheat_AU|AU-222|2021,0.6323232323232323,0.5666666666666667,0.6666666666666666
SPATIAL_complete,missing_aware,CY-Bench_wheat_AU|AU-222|2022,0.7939393939393937,0.75,0.5
SPATIAL_complete,missing_aware,CY-Bench_wheat_AU|AU-222|2023,0.6242424242424242,0.6,0.7777777777777777
SPATIAL_complete,missing_aware,CY-Bench_wheat_AU|AU-512|2001,0.17171717171717168,0.6,0.3333333333333333
SPATIAL_complete,missing_aware,CY-Bench_wheat_AU|AU-512|2002,0.26464646464646463,0.43333333333333335,0.3333333333333333
SPATIAL_complete,missing_aware,CY-Bench_wheat_AU|AU-512|2004,0.18787878787878784,0.5666666666666667,0.4444444444444444
SPATIAL_complete,missing_aware,CY-Bench_wheat_AU|AU-512|2013,0.24848484848484845,0.5666666666666667,0.4444444444444444
SPATIAL_complete,missing_aware,CY-Bench_wheat_AU|AU-512|2014,0.3212121212121211,0.5666666666666667,0.4444444444444444
SPATIAL_complete,missing_aware,CY-Bench_wheat_AU|AU-512|2015,0.24848484848484845,0.6,0.3333333333333333
SPATIAL_complete,missing_aware,CY-Bench_wheat_AU|AU-512|2022,0.305050505050505,0.5666666666666667,0.4444444444444444
SPATIAL_complete,missing_aware,CY-Bench_wheat_AU|AU-512|2023,0.4383838383838383,0.4666666666666666,0.5555555555555555
SPATIAL_complete,prediction_kd,CY-Bench_wheat_AU|AU-222|2001,0.6323232323232323,0.7666666666666666,0.6666666666666666
SPATIAL_complete,prediction_kd,CY-Bench_wheat_AU|AU-222|2002,0.5878787878787878,0.6666666666666666,0.5555555555555555
SPATIAL_complete,prediction_kd,CY-Bench_wheat_AU|AU-222|2003,0.705050505050505,0.7333333333333334,0.6666666666666666
SPATIAL_complete,prediction_kd,CY-Bench_wheat_AU|AU-222|2004,0.49494949494949486,0.6999999999999998,0.6666666666666666
SPATIAL_complete,prediction_kd,CY-Bench_wheat_AU|AU-222|2005,0.5393939393939393,0.7000000000000001,0.7777777777777778
SPATIAL_complete,prediction_kd,CY-Bench_wheat_AU|AU-222|2006,0.6565656565656565,0.6666666666666666,0.4444444444444444
SPATIAL_complete,prediction_kd,CY-Bench_wheat_AU|AU-222|2007,0.5353535353535354,0.6333333333333333,0.6666666666666666
SPATIAL_complete,prediction_kd,CY-Bench_wheat_AU|AU-222|2008,0.6363636363636364,0.6666666666666666,0.5555555555555555
SPATIAL_complete,prediction_kd,CY-Bench_wheat_AU|AU-222|2009,0.393939393939394,0.6,0.5555555555555555
SPATIAL_complete,prediction_kd,CY-Bench_wheat_AU|AU-222|2010,0.6323232323232323,0.7999999999999999,0.5555555555555555
SPATIAL_complete,prediction_kd,CY-Bench_wheat_AU|AU-222|2011,0.38181818181818183,0.6999999999999998,0.5555555555555555
SPATIAL_complete,prediction_kd,CY-Bench_wheat_AU|AU-222|2012,0.5555555555555555,0.7000000000000001,0.6666666666666666
SPATIAL_complete,prediction_kd,CY-Bench_wheat_AU|AU-222|2013,0.4989898989898989,0.6333333333333333,0.7777777777777778
SPATIAL_complete,prediction_kd,CY-Bench_wheat_AU|AU-222|2014,0.6080808080808081,0.6,0.5555555555555555
SPATIAL_complete,prediction_kd,CY-Bench_wheat_AU|AU-222|2015,0.4949494949494948,0.7333333333333334,0.5555555555555555
SPATIAL_complete,prediction_kd,CY-Bench_wheat_AU|AU-222|2016,0.6727272727272725,0.7333333333333334,0.7777777777777777
SPATIAL_complete,prediction_kd,CY-Bench_wheat_AU|AU-222|2017,0.36161616161616156,0.5666666666666667,0.6666666666666666
SPATIAL_complete,prediction_kd,CY-Bench_wheat_AU|AU-222|2018,0.5999999999999999,0.7000000000000001,0.7777777777777777
SPATIAL_complete,prediction_kd,CY-Bench_wheat_AU|AU-222|2019,0.6888888888888888,0.6666666666666666,0.6666666666666666
SPATIAL_complete,prediction_kd,CY-Bench_wheat_AU|AU-222|2020,0.46666666666666656,0.6333333333333333,0.5555555555555555
SPATIAL_complete,prediction_kd,CY-Bench_wheat_AU|AU-222|2021,0.6,0.7333333333333334,0.7777777777777778
SPATIAL_complete,prediction_kd,CY-Bench_wheat_AU|AU-222|2022,0.4828282828282828,0.7000000000000001,0.4444444444444444
SPATIAL_complete,prediction_kd,CY-Bench_wheat_AU|AU-222|2023,0.5313131313131313,0.7333333333333334,0.6666666666666666
SPATIAL_complete,prediction_kd,CY-Bench_wheat_AU|AU-512|2001,0.04242424242424241,0.5666666666666667,0.3333333333333333
SPATIAL_complete,prediction_kd,CY-Bench_wheat_AU|AU-512|2002,0.4222222222222222,0.5666666666666667,0.3333333333333333
SPATIAL_complete,prediction_kd,CY-Bench_wheat_AU|AU-512|2004,0.0707070707070707,0.6,0.2222222222222222
SPATIAL_complete,prediction_kd,CY-Bench_wheat_AU|AU-512|2013,0.22828282828282823,0.5666666666666667,0.3333333333333333
SPATIAL_complete,prediction_kd,CY-Bench_wheat_AU|AU-512|2014,0.34545454545454546,0.5666666666666667,0.2222222222222222
SPATIAL_complete,prediction_kd,CY-Bench_wheat_AU|AU-512|2015,0.07878787878787878,0.6666666666666666,0.3333333333333333
SPATIAL_complete,prediction_kd,CY-Bench_wheat_AU|AU-512|2022,0.1636363636363636,0.7666666666666666,0.2222222222222222
SPATIAL_complete,prediction_kd,CY-Bench_wheat_AU|AU-512|2023,0.6646464646464646,0.5666666666666667,0.4444444444444444
SPATIAL_complete,representation_kd,CY-Bench_wheat_AU|AU-222|2001,0.5111111111111111,0.7000000000000001,0.5555555555555555
SPATIAL_complete,representation_kd,CY-Bench_wheat_AU|AU-222|2002,0.6,0.6333333333333333,0.5555555555555555
SPATIAL_complete,representation_kd,CY-Bench_wheat_AU|AU-222|2003,0.5474747474747473,0.6,0.5555555555555555
SPATIAL_complete,representation_kd,CY-Bench_wheat_AU|AU-222|2004,0.7454545454545453,0.6666666666666666,0.6666666666666666
SPATIAL_complete,representation_kd,CY-Bench_wheat_AU|AU-222|2005,0.7333333333333333,0.6,0.6666666666666666
SPATIAL_complete,representation_kd,CY-Bench_wheat_AU|AU-222|2006,0.20808080808080806,0.5666666666666667,0.1111111111111111
SPATIAL_complete,representation_kd,CY-Bench_wheat_AU|AU-222|2007,0.604040404040404,0.6333333333333333,0.4444444444444444
SPATIAL_complete,representation_kd,CY-Bench_wheat_AU|AU-222|2008,0.604040404040404,0.6666666666666666,0.4444444444444444
SPATIAL_complete,representation_kd,CY-Bench_wheat_AU|AU-222|2009,0.709090909090909,0.7000000000000001,0.8888888888888888
SPATIAL_complete,representation_kd,CY-Bench_wheat_AU|AU-222|2010,0.5797979797979798,0.6666666666666666,0.5555555555555555
SPATIAL_complete,representation_kd,CY-Bench_wheat_AU|AU-222|2011,0.8222222222222221,0.6,0.7777777777777777
SPATIAL_complete,representation_kd,CY-Bench_wheat_AU|AU-222|2012,0.6282828282828282,0.6,0.5555555555555555
SPATIAL_complete,representation_kd,CY-Bench_wheat_AU|AU-222|2013,0.6606060606060605,0.7000000000000001,0.6666666666666666
SPATIAL_complete,representation_kd,CY-Bench_wheat_AU|AU-222|2014,0.5111111111111111,0.5666666666666667,0.4444444444444444
SPATIAL_complete,representation_kd,CY-Bench_wheat_AU|AU-222|2015,0.7010101010101009,0.5666666666666667,0.5555555555555555
SPATIAL_complete,representation_kd,CY-Bench_wheat_AU|AU-222|2016,0.6666666666666665,0.55,0.5
SPATIAL_complete,representation_kd,CY-Bench_wheat_AU|AU-222|2017,0.7494949494949493,0.6333333333333333,0.8888888888888888
SPATIAL_complete,representation_kd,CY-Bench_wheat_AU|AU-222|2018,0.5353535353535354,0.6333333333333333,0.4444444444444444
SPATIAL_complete,representation_kd,CY-Bench_wheat_AU|AU-222|2019,0.5757575757575757,0.6333333333333333,0.6666666666666666
SPATIAL_complete,representation_kd,CY-Bench_wheat_AU|AU-222|2020,0.7373737373737373,0.6333333333333333,0.7777777777777777
SPATIAL_complete,representation_kd,CY-Bench_wheat_AU|AU-222|2021,0.7696969696969697,0.6999999999999998,0.7777777777777777
SPATIAL_complete,representation_kd,CY-Bench_wheat_AU|AU-222|2022,0.604040404040404,0.6,0.6666666666666666
SPATIAL_complete,representation_kd,CY-Bench_wheat_AU|AU-222|2023,0.7575757575757575,0.6333333333333333,0.4444444444444444
SPATIAL_complete,representation_kd,CY-Bench_wheat_AU|AU-512|2001,0.6424242424242423,0.6499999999999999,0.5
SPATIAL_complete,representation_kd,CY-Bench_wheat_AU|AU-512|2002,0.5878787878787879,0.8,0.5
SPATIAL_complete,representation_kd,CY-Bench_wheat_AU|AU-512|2004,0.5151515151515151,0.6499999999999999,0.5
SPATIAL_complete,representation_kd,CY-Bench_wheat_AU|AU-512|2013,0.6242424242424242,0.75,0.3333333333333333
SPATIAL_complete,representation_kd,CY-Bench_wheat_AU|AU-512|2014,0.5272727272727272,0.8,0.3333333333333333
SPATIAL_complete,representation_kd,CY-Bench_wheat_AU|AU-512|2015,0.3696969696969697,0.5,0.3333333333333333
SPATIAL_complete,representation_kd,CY-Bench_wheat_AU|AU-512|2022,0.5353535353535352,0.7333333333333334,0.6666666666666666
SPATIAL_complete,representation_kd,CY-Bench_wheat_AU|AU-512|2023,0.6686868686868687,0.6666666666666666,0.5555555555555555
SPATIAL_complete,supervised,CY-Bench_wheat_AU|AU-222|2001,0.7050505050505049,0.5666666666666667,0.8888888888888888
SPATIAL_complete,supervised,CY-Bench_wheat_AU|AU-222|2002,0.7333333333333333,0.7333333333333334,0.6666666666666666
SPATIAL_complete,supervised,CY-Bench_wheat_AU|AU-222|2003,0.612121212121212,0.6666666666666666,0.6666666666666666
SPATIAL_complete,supervised,CY-Bench_wheat_AU|AU-222|2004,0.6969696969696969,0.6999999999999998,0.6666666666666666
SPATIAL_complete,supervised,CY-Bench_wheat_AU|AU-222|2005,0.6202020202020201,0.7666666666666666,0.7777777777777777
SPATIAL_complete,supervised,CY-Bench_wheat_AU|AU-222|2006,0.49898989898989893,0.7000000000000001,0.5555555555555555
SPATIAL_complete,supervised,CY-Bench_wheat_AU|AU-222|2007,0.4424242424242424,0.7000000000000001,0.5555555555555555
SPATIAL_complete,supervised,CY-Bench_wheat_AU|AU-222|2008,0.7696969696969695,0.6,0.6666666666666666
SPATIAL_complete,supervised,CY-Bench_wheat_AU|AU-222|2009,0.5555555555555555,0.7000000000000001,0.5555555555555555
SPATIAL_complete,supervised,CY-Bench_wheat_AU|AU-222|2010,0.818181818181818,0.6666666666666666,0.8888888888888888
SPATIAL_complete,supervised,CY-Bench_wheat_AU|AU-222|2011,0.6565656565656565,0.5333333333333333,0.6666666666666666
SPATIAL_complete,supervised,CY-Bench_wheat_AU|AU-222|2012,0.5757575757575757,0.6666666666666666,0.5555555555555555
SPATIAL_complete,supervised,CY-Bench_wheat_AU|AU-222|2013,0.6606060606060606,0.7000000000000001,0.7777777777777777
SPATIAL_complete,supervised,CY-Bench_wheat_AU|AU-222|2014,0.5434343434343433,0.7999999999999999,0.4444444444444444
SPATIAL_complete,supervised,CY-Bench_wheat_AU|AU-222|2015,0.7373737373737373,0.7000000000000001,0.7777777777777777
SPATIAL_complete,supervised,CY-Bench_wheat_AU|AU-222|2016,0.7131313131313131,0.6333333333333333,0.6666666666666666
SPATIAL_complete,supervised,CY-Bench_wheat_AU|AU-222|2017,0.5313131313131313,0.7333333333333334,0.5555555555555555
SPATIAL_complete,supervised,CY-Bench_wheat_AU|AU-222|2018,0.6,0.6,0.6666666666666666
SPATIAL_complete,supervised,CY-Bench_wheat_AU|AU-222|2019,0.6161616161616161,0.6666666666666666,0.5555555555555555
SPATIAL_complete,supervised,CY-Bench_wheat_AU|AU-222|2020,0.5030303030303029,0.6999999999999998,0.5555555555555555
SPATIAL_complete,supervised,CY-Bench_wheat_AU|AU-222|2021,0.6,0.6999999999999998,0.6666666666666666
SPATIAL_complete,supervised,CY-Bench_wheat_AU|AU-222|2022,0.23636363636363633,0.7,0.3333333333333333
SPATIAL_complete,supervised,CY-Bench_wheat_AU|AU-222|2023,0.7414141414141414,0.6333333333333333,0.7777777777777777
SPATIAL_complete,supervised,CY-Bench_wheat_AU|AU-512|2001,0.41818181818181815,0.5666666666666667,0.4444444444444444
SPATIAL_complete,supervised,CY-Bench_wheat_AU|AU-512|2002,0.17575757575757575,0.6,0.3333333333333333
SPATIAL_complete,supervised,CY-Bench_wheat_AU|AU-512|2004,0.3737373737373737,0.6333333333333333,0.4444444444444444
SPATIAL_complete,supervised,CY-Bench_wheat_AU|AU-512|2013,0.2686868686868687,0.6,0.2222222222222222
SPATIAL_complete,supervised,CY-Bench_wheat_AU|AU-512|2014,0.1272727272727273,0.6333333333333333,0.1111111111111111
SPATIAL_complete,supervised,CY-Bench_wheat_AU|AU-512|2015,0.4666666666666666,0.6333333333333333,0.2222222222222222
SPATIAL_complete,supervised,CY-Bench_wheat_AU|AU-512|2022,0.38585858585858585,0.6999999999999998,0.3333333333333333
SPATIAL_complete,supervised,CY-Bench_wheat_AU|AU-512|2023,0.09696969696969696,0.6,0.3333333333333333
