contract,route,sample_id,D_L1,delta_AE
GROUP_complete,combined_kd,CY-Bench_wheat_AU|AU-111|2001,1.1602995246648788,0.083532636642456
GROUP_complete,combined_kd,CY-Bench_wheat_AU|AU-111|2002,0.5293931514024734,0.3297897577285766
GROUP_complete,combined_kd,CY-Bench_wheat_AU|AU-111|2003,1.0619408898055551,0.4602737426757812
GROUP_complete,combined_kd,CY-Bench_wheat_AU|AU-111|2004,0.8875971995294094,0.4600067138671875
GROUP_complete,combined_kd,CY-Bench_wheat_AU|AU-111|2005,1.2176464833319187,0.3659310340881347
GROUP_complete,combined_kd,CY-Bench_wheat_AU|AU-111|2006,0.5717738159000874,0.4057257986068725
GROUP_complete,combined_kd,CY-Bench_wheat_AU|AU-111|2007,0.6451916769146919,0.3946965932846069
GROUP_complete,combined_kd,CY-Bench_wheat_AU|AU-111|2008,0.8468466773629189,0.5029914379119873
GROUP_complete,combined_kd,CY-Bench_wheat_AU|AU-111|2009,0.6719139441847801,0.1706212759017944
GROUP_complete,combined_kd,CY-Bench_wheat_AU|AU-111|2010,2.1578519456088543,0.756018877029419
GROUP_complete,combined_kd,CY-Bench_wheat_AU|AU-111|2011,0.98710385710001,0.0339759178161624
GROUP_complete,combined_kd,CY-Bench_wheat_AU|AU-111|2012,0.7196475304663181,0.2031469640731811
GROUP_complete,combined_kd,CY-Bench_wheat_AU|AU-111|2013,0.5932337529957294,0.4316489696502685
GROUP_complete,combined_kd,CY-Bench_wheat_AU|AU-111|2014,0.5759259164333344,0.4508426189422607
GROUP_complete,combined_kd,CY-Bench_wheat_AU|AU-111|2015,0.6497934050858021,0.3773289918899536
GROUP_complete,combined_kd,CY-Bench_wheat_AU|AU-111|2016,1.4922019988298416,0.323992371559143
GROUP_complete,combined_kd,CY-Bench_wheat_AU|AU-111|2017,0.7714319787919521,0.0874030265808105
GROUP_complete,combined_kd,CY-Bench_wheat_AU|AU-111|2018,0.6744904927909374,0.5179082155227661
GROUP_complete,combined_kd,CY-Bench_wheat_AU|AU-111|2019,0.5896982736885548,0.4853816032409668
GROUP_complete,combined_kd,CY-Bench_wheat_AU|AU-111|2020,0.8343129716813564,0.051680564880371
GROUP_complete,combined_kd,CY-Bench_wheat_AU|AU-111|2021,1.3556455187499523,0.3433414697647095
GROUP_complete,combined_kd,CY-Bench_wheat_AU|AU-111|2022,2.1867539659142494,1.0099797248840332
GROUP_complete,combined_kd,CY-Bench_wheat_AU|AU-111|2023,0.7018737569451332,-0.3531303405761719
GROUP_complete,combined_kd,CY-Bench_wheat_AU|AU-123|2001,1.5979960560798645,-0.6130509376525879
GROUP_complete,combined_kd,CY-Bench_wheat_AU|AU-123|2002,0.5411796048283577,-0.7254947423934937
GROUP_complete,combined_kd,CY-Bench_wheat_AU|AU-123|2003,1.6633395291864872,0.7059779167175293
GROUP_complete,combined_kd,CY-Bench_wheat_AU|AU-123|2004,1.7843805029988289,-0.5984981060028076
GROUP_complete,combined_kd,CY-Bench_wheat_AU|AU-123|2005,1.7069088704884052,-0.0636537723541259
GROUP_complete,combined_kd,CY-Bench_wheat_AU|AU-123|2006,0.4865609742701053,-0.5985525846481323
GROUP_complete,combined_kd,CY-Bench_wheat_AU|AU-123|2007,0.7663721926510334,0.5709893703460693
GROUP_complete,combined_kd,CY-Bench_wheat_AU|AU-123|2008,1.1329706981778145,0.5351274013519287
GROUP_complete,combined_kd,CY-Bench_wheat_AU|AU-123|2009,0.7535893842577934,0.4427056312561035
GROUP_complete,combined_kd,CY-Bench_wheat_AU|AU-123|2010,1.5521748587489128,0.5402184724807739
GROUP_complete,combined_kd,CY-Bench_wheat_AU|AU-123|2011,1.4355374053120613,-0.7023686170578003
GROUP_complete,combined_kd,CY-Bench_wheat_AU|AU-123|2012,0.7880136892199516,-0.5129361152648926
GROUP_complete,combined_kd,CY-Bench_wheat_AU|AU-123|2013,0.8824129402637482,-0.5874098539352417
GROUP_complete,combined_kd,CY-Bench_wheat_AU|AU-123|2014,0.6639229692518711,-0.5539665222167969
GROUP_complete,combined_kd,CY-Bench_wheat_AU|AU-123|2015,0.93357103317976,-0.6942102909088135
GROUP_complete,combined_kd,CY-Bench_wheat_AU|AU-123|2016,1.5242195650935173,-0.9388879537582396
GROUP_complete,combined_kd,CY-Bench_wheat_AU|AU-123|2017,0.9949112199246885,-0.5617527961730957
GROUP_complete,combined_kd,CY-Bench_wheat_AU|AU-123|2018,0.6164133176207542,-0.3424769639968872
GROUP_complete,combined_kd,CY-Bench_wheat_AU|AU-123|2019,0.6067324541509151,0.4793838262557983
GROUP_complete,combined_kd,CY-Bench_wheat_AU|AU-123|2020,1.5300654582679272,0.6825866699218749
GROUP_complete,combined_kd,CY-Bench_wheat_AU|AU-123|2021,1.7935780100524426,-0.988921284675598
GROUP_complete,combined_kd,CY-Bench_wheat_AU|AU-123|2022,1.8399024084210396,-0.3128707408905029
GROUP_complete,combined_kd,CY-Bench_wheat_AU|AU-123|2023,0.8015128672122955,-0.6485105752944946
GROUP_complete,combined_kd,CY-Bench_wheat_AU|AU-222|2001,3.233320001512766,0.555992603302002
GROUP_complete,combined_kd,CY-Bench_wheat_AU|AU-222|2002,1.6859727539122105,-0.1285896301269531
GROUP_complete,combined_kd,CY-Bench_wheat_AU|AU-222|2003,2.499500699341297,-0.2188589572906494
GROUP_complete,combined_kd,CY-Bench_wheat_AU|AU-222|2004,2.4913690984249115,-0.1744935512542724
GROUP_complete,combined_kd,CY-Bench_wheat_AU|AU-222|2005,2.4473133981227875,-0.0932283401489257
GROUP_complete,combined_kd,CY-Bench_wheat_AU|AU-222|2006,1.3922308087348938,-0.1374229192733764
GROUP_complete,combined_kd,CY-Bench_wheat_AU|AU-222|2007,1.5323524214327335,0.2250345945358276
GROUP_complete,combined_kd,CY-Bench_wheat_AU|AU-222|2008,1.9617335312068465,0.1912411451339721
GROUP_complete,combined_kd,CY-Bench_wheat_AU|AU-222|2009,1.9254532791674135,0.7146477699279785
GROUP_complete,combined_kd,CY-Bench_wheat_AU|AU-222|2010,3.0090856924653053,-0.5817611217498779
GROUP_complete,combined_kd,CY-Bench_wheat_AU|AU-222|2011,2.042055319994688,-0.316690444946289
GROUP_complete,combined_kd,CY-Bench_wheat_AU|AU-222|2012,1.7350230738520622,-0.2040655612945556
GROUP_complete,combined_kd,CY-Bench_wheat_AU|AU-222|2013,2.600167967379093,-0.0724804401397705
GROUP_complete,combined_kd,CY-Bench_wheat_AU|AU-222|2014,1.456315202638507,-0.2124931812286377
GROUP_complete,combined_kd,CY-Bench_wheat_AU|AU-222|2015,1.6980645395815372,0.1995739936828613
GROUP_complete,combined_kd,CY-Bench_wheat_AU|AU-222|2016,2.67023753374815,-0.4464271068572998
GROUP_complete,combined_kd,CY-Bench_wheat_AU|AU-222|2017,1.9759590420871973,-0.3708474636077881
GROUP_complete,combined_kd,CY-Bench_wheat_AU|AU-222|2018,1.7848910130560398,-0.2119468450546264
GROUP_complete,combined_kd,CY-Bench_wheat_AU|AU-222|2019,1.7759579997509718,0.0797955989837646
GROUP_complete,combined_kd,CY-Bench_wheat_AU|AU-222|2020,2.2954433895647526,-0.2509784698486328
GROUP_complete,combined_kd,CY-Bench_wheat_AU|AU-222|2021,2.659741386771202,0.0596857070922851
GROUP_complete,combined_kd,CY-Bench_wheat_AU|AU-222|2022,1.8935295213013887,-0.708017110824585
GROUP_complete,combined_kd,CY-Bench_wheat_AU|AU-222|2023,1.744025932624936,-0.0091710090637207
GROUP_complete,combined_kd,CY-Bench_wheat_AU|AU-231|2001,2.2108662091195583,-1.419921875
GROUP_complete,combined_kd,CY-Bench_wheat_AU|AU-231|2002,2.336477681994438,0.5220468044281006
GROUP_complete,combined_kd,CY-Bench_wheat_AU|AU-231|2003,1.688969653099775,0.697843074798584
GROUP_complete,combined_kd,CY-Bench_wheat_AU|AU-231|2004,1.8611816093325615,0.1366329193115234
GROUP_complete,combined_kd,CY-Bench_wheat_AU|AU-231|2005,2.0160079076886177,-0.1435688591003421
GROUP_complete,combined_kd,CY-Bench_wheat_AU|AU-231|2006,2.258440311998129,-0.6161844730377197
GROUP_complete,combined_kd,CY-Bench_wheat_AU|AU-231|2007,2.180154174566269,-0.086808443069458
GROUP_complete,combined_kd,CY-Bench_wheat_AU|AU-231|2008,2.339232921600342,0.6395127773284912
GROUP_complete,combined_kd,CY-Bench_wheat_AU|AU-231|2009,2.310477279126644,-0.3840117454528808
GROUP_complete,combined_kd,CY-Bench_wheat_AU|AU-231|2010,2.6398434080183506,-1.3823838233947754
GROUP_complete,combined_kd,CY-Bench_wheat_AU|AU-231|2011,2.184392400085926,-0.5417261123657227
GROUP_complete,combined_kd,CY-Bench_wheat_AU|AU-231|2012,2.1206065639853477,0.2032058143615724
GROUP_complete,combined_kd,CY-Bench_wheat_AU|AU-231|2013,2.1354198902845383,-0.2219342079162594
GROUP_complete,combined_kd,CY-Bench_wheat_AU|AU-231|2014,2.757928676903248,-0.0318844318389892
GROUP_complete,combined_kd,CY-Bench_wheat_AU|AU-231|2015,2.7372962571680546,0.4486000537872314
GROUP_complete,combined_kd,CY-Bench_wheat_AU|AU-231|2016,2.2300480641424656,-1.046933650970459
GROUP_complete,combined_kd,CY-Bench_wheat_AU|AU-231|2017,2.186097629368305,0.6176574230194092
GROUP_complete,combined_kd,CY-Bench_wheat_AU|AU-231|2018,2.263050451874733,-0.3772776126861572
GROUP_complete,combined_kd,CY-Bench_wheat_AU|AU-231|2019,2.085268769413233,0.3823299407958984
GROUP_complete,combined_kd,CY-Bench_wheat_AU|AU-231|2020,2.0686889719218016,0.9095656871795654
GROUP_complete,combined_kd,CY-Bench_wheat_AU|AU-231|2021,1.8366455473005772,1.3283123970031738
GROUP_complete,combined_kd,CY-Bench_wheat_AU|AU-231|2022,2.819609384983778,0.9879731559753412
GROUP_complete,combined_kd,CY-Bench_wheat_AU|AU-231|2023,2.6227117739617825,0.2146699428558349
GROUP_complete,combined_kd,CY-Bench_wheat_AU|AU-312|2003,1.4361222051084042,0.1211905479431152
GROUP_complete,combined_kd,CY-Bench_wheat_AU|AU-312|2009,1.4205571673810482,1.0344903469085691
GROUP_complete,combined_kd,CY-Bench_wheat_AU|AU-322|2001,0.5650355778634548,-0.28608238697052
GROUP_complete,combined_kd,CY-Bench_wheat_AU|AU-322|2002,0.6539586707949638,-0.2190786600112915
GROUP_complete,combined_kd,CY-Bench_wheat_AU|AU-322|2003,0.6540914922952652,-0.2680462598800659
GROUP_complete,combined_kd,CY-Bench_wheat_AU|AU-322|2004,0.4622465670108795,-0.1466363668441772
GROUP_complete,combined_kd,CY-Bench_wheat_AU|AU-322|2005,1.1979311630129814,-0.2051302194595337
GROUP_complete,combined_kd,CY-Bench_wheat_AU|AU-322|2006,0.6703843548893929,0.0256490478515623
GROUP_complete,combined_kd,CY-Bench_wheat_AU|AU-322|2007,1.077812548726797,-0.2543175220489502
GROUP_complete,combined_kd,CY-Bench_wheat_AU|AU-322|2008,0.615265429019928,-0.3171502351760864
GROUP_complete,combined_kd,CY-Bench_wheat_AU|AU-322|2009,0.6516843810677528,0.1473246812820434
GROUP_complete,combined_kd,CY-Bench_wheat_AU|AU-322|2010,1.110355608165264,-0.5145597457885742
GROUP_complete,combined_kd,CY-Bench_wheat_AU|AU-322|2011,0.6919223852455616,-0.3544334173202514
GROUP_complete,combined_kd,CY-Bench_wheat_AU|AU-322|2012,0.6993437744677067,0.0511232614517211
GROUP_complete,combined_kd,CY-Bench_wheat_AU|AU-322|2013,0.6543300338089466,0.2242195606231689
GROUP_complete,combined_kd,CY-Bench_wheat_AU|AU-322|2014,0.6956404745578766,-0.195290207862854
GROUP_complete,combined_kd,CY-Bench_wheat_AU|AU-322|2015,0.4774534031748771,-0.3182704448699951
GROUP_complete,combined_kd,CY-Bench_wheat_AU|AU-322|2016,1.1705025732517242,-0.0499563217163085
GROUP_complete,combined_kd,CY-Bench_wheat_AU|AU-322|2017,0.5068601816892624,0.1998428106307983
GROUP_complete,combined_kd,CY-Bench_wheat_AU|AU-322|2018,0.5502019971609116,-0.1711044311523437
GROUP_complete,combined_kd,CY-Bench_wheat_AU|AU-322|2019,1.1276871524751186,-0.027340292930603
GROUP_complete,combined_kd,CY-Bench_wheat_AU|AU-322|2020,0.6712012439966202,-0.2588796615600586
GROUP_complete,combined_kd,CY-Bench_wheat_AU|AU-322|2021,0.9766141138970852,0.3773143291473388
GROUP_complete,combined_kd,CY-Bench_wheat_AU|AU-322|2022,0.4302257038652897,0.1579024791717529
GROUP_complete,combined_kd,CY-Bench_wheat_AU|AU-322|2023,0.6648842580616474,0.1558002233505249
GROUP_complete,combined_kd,CY-Bench_wheat_AU|AU-331|2001,0.7966760359704494,-0.3140022754669189
GROUP_complete,combined_kd,CY-Bench_wheat_AU|AU-331|2002,0.7443118505179882,-0.1120526790618896
GROUP_complete,combined_kd,CY-Bench_wheat_AU|AU-331|2003,0.7728249840438366,-0.339906096458435
GROUP_complete,combined_kd,CY-Bench_wheat_AU|AU-331|2004,0.8205967918038368,-0.2945668697357178
GROUP_complete,combined_kd,CY-Bench_wheat_AU|AU-331|2005,0.6596627831459045,-0.3195635080337524
GROUP_complete,combined_kd,CY-Bench_wheat_AU|AU-331|2006,0.6830517016351223,-0.259114146232605
GROUP_complete,combined_kd,CY-Bench_wheat_AU|AU-331|2007,0.6091744750738144,0.3410496711730957
GROUP_complete,combined_kd,CY-Bench_wheat_AU|AU-331|2008,0.6487288028001785,-0.0003904342651366
GROUP_complete,combined_kd,CY-Bench_wheat_AU|AU-331|2009,0.9606292061507702,0.1050341129302978
GROUP_complete,combined_kd,CY-Bench_wheat_AU|AU-331|2010,1.463240496814251,0.7985961437225342
GROUP_complete,combined_kd,CY-Bench_wheat_AU|AU-331|2011,0.7014774158596992,-0.4472371339797973
GROUP_complete,combined_kd,CY-Bench_wheat_AU|AU-331|2012,0.7401987165212631,0.3690487146377563
GROUP_complete,combined_kd,CY-Bench_wheat_AU|AU-331|2013,0.7575970180332661,0.1622041463851928
GROUP_complete,combined_kd,CY-Bench_wheat_AU|AU-331|2014,0.815811600536108,0.3149023056030273
GROUP_complete,combined_kd,CY-Bench_wheat_AU|AU-331|2015,0.6162302307784557,0.3085474967956543
GROUP_complete,combined_kd,CY-Bench_wheat_AU|AU-331|2016,0.5660159736871719,-0.4266369342803955
GROUP_complete,combined_kd,CY-Bench_wheat_AU|AU-331|2017,0.718938484787941,0.3256261348724365
GROUP_complete,combined_kd,CY-Bench_wheat_AU|AU-331|2018,0.9357698410749437,-0.2710813283920288
GROUP_complete,combined_kd,CY-Bench_wheat_AU|AU-331|2019,1.0303784422576427,-0.1240797042846679
GROUP_complete,combined_kd,CY-Bench_wheat_AU|AU-331|2020,0.6855074241757393,-0.24673593044281
GROUP_complete,combined_kd,CY-Bench_wheat_AU|AU-331|2021,0.653838749974966,-0.4311361312866211
GROUP_complete,combined_kd,CY-Bench_wheat_AU|AU-331|2022,0.5769791789352894,-0.4743633270263672
GROUP_complete,combined_kd,CY-Bench_wheat_AU|AU-331|2023,0.8795032724738121,0.3052406311035156
GROUP_complete,combined_kd,CY-Bench_wheat_AU|AU-332|2015,2.8026002533733845,1.774247646331787
GROUP_complete,combined_kd,CY-Bench_wheat_AU|AU-411|2001,1.4012484196573496,0.0499597787857054
GROUP_complete,combined_kd,CY-Bench_wheat_AU|AU-411|2002,0.914048969745636,-0.301285982131958
GROUP_complete,combined_kd,CY-Bench_wheat_AU|AU-411|2003,1.014176819473505,0.0497491359710693
GROUP_complete,combined_kd,CY-Bench_wheat_AU|AU-411|2004,1.0681250765919683,0.0452232360839843
GROUP_complete,combined_kd,CY-Bench_wheat_AU|AU-411|2005,1.1267796121537683,0.29522967338562
GROUP_complete,combined_kd,CY-Bench_wheat_AU|AU-411|2006,1.1347884275019169,0.6010422706604004
GROUP_complete,combined_kd,CY-Bench_wheat_AU|AU-411|2007,1.158355500549078,0.8894376754760742
GROUP_complete,combined_kd,CY-Bench_wheat_AU|AU-411|2008,0.8088767305016518,0.0858103036880493
GROUP_complete,combined_kd,CY-Bench_wheat_AU|AU-411|2009,0.8572490494698286,0.4573075771331787
GROUP_complete,combined_kd,CY-Bench_wheat_AU|AU-411|2010,1.6358299925923347,0.070090651512146
GROUP_complete,combined_kd,CY-Bench_wheat_AU|AU-411|2011,0.8536096196621656,0.0440713596343993
GROUP_complete,combined_kd,CY-Bench_wheat_AU|AU-411|2012,0.9082387089729308,0.1635984182357788
GROUP_complete,combined_kd,CY-Bench_wheat_AU|AU-411|2013,0.8757144398987293,0.4932810068130493
GROUP_complete,combined_kd,CY-Bench_wheat_AU|AU-411|2014,1.2062093690037727,0.4957378644943238
GROUP_complete,combined_kd,CY-Bench_wheat_AU|AU-411|2015,0.7788144908845425,-0.0074031963348386
GROUP_complete,combined_kd,CY-Bench_wheat_AU|AU-411|2016,1.0785432048141956,0.0905590057373046
GROUP_complete,combined_kd,CY-Bench_wheat_AU|AU-411|2017,0.8830907195806503,0.113625539779663
GROUP_complete,combined_kd,CY-Bench_wheat_AU|AU-411|2018,0.7709436155855656,0.2699148654937743
GROUP_complete,combined_kd,CY-Bench_wheat_AU|AU-411|2019,1.179350312799215,0.7274975776672362
GROUP_complete,combined_kd,CY-Bench_wheat_AU|AU-411|2020,1.0078049637377262,0.3070735931396484
GROUP_complete,combined_kd,CY-Bench_wheat_AU|AU-411|2021,1.1082698740065098,0.0789792537689209
GROUP_complete,combined_kd,CY-Bench_wheat_AU|AU-411|2022,1.7052050810307264,0.1551508903503418
GROUP_complete,combined_kd,CY-Bench_wheat_AU|AU-411|2023,1.0567348394542933,-0.0552292251586914
GROUP_complete,combined_kd,CY-Bench_wheat_AU|AU-421|2001,0.6477374657988548,0.298583984375
GROUP_complete,combined_kd,CY-Bench_wheat_AU|AU-421|2002,0.4678932949900627,-0.0243487358093261
GROUP_complete,combined_kd,CY-Bench_wheat_AU|AU-421|2003,0.7369757480919361,0.1790502071380615
GROUP_complete,combined_kd,CY-Bench_wheat_AU|AU-421|2004,0.4739034734666347,0.0488111972808837
GROUP_complete,combined_kd,CY-Bench_wheat_AU|AU-421|2005,0.5576601326465607,0.054091453552246
GROUP_complete,combined_kd,CY-Bench_wheat_AU|AU-421|2006,0.5100081786513329,0.0124220705032347
GROUP_complete,combined_kd,CY-Bench_wheat_AU|AU-421|2007,0.4255532063543796,-0.0656152963638305
GROUP_complete,combined_kd,CY-Bench_wheat_AU|AU-421|2008,0.4688816778361797,-0.1278718709945678
GROUP_complete,combined_kd,CY-Bench_wheat_AU|AU-421|2009,0.1789128072559833,-0.096511960029602
GROUP_complete,combined_kd,CY-Bench_wheat_AU|AU-421|2010,0.9977312460541724,0.2405548095703125
GROUP_complete,combined_kd,CY-Bench_wheat_AU|AU-421|2011,0.4904639571905136,0.0843536853790283
GROUP_complete,combined_kd,CY-Bench_wheat_AU|AU-421|2012,0.4090848416090011,-0.1286688737869261
GROUP_complete,combined_kd,CY-Bench_wheat_AU|AU-421|2013,0.3181719817221164,0.1926805973052978
GROUP_complete,combined_kd,CY-Bench_wheat_AU|AU-421|2014,0.4109177254140377,0.0900753736495971
GROUP_complete,combined_kd,CY-Bench_wheat_AU|AU-421|2015,0.3328659124672413,0.0732108354568481
GROUP_complete,combined_kd,CY-Bench_wheat_AU|AU-421|2016,0.5694174244999886,0.1665093898773193
GROUP_complete,combined_kd,CY-Bench_wheat_AU|AU-421|2017,0.5523648485541344,-0.1949186325073242
GROUP_complete,combined_kd,CY-Bench_wheat_AU|AU-421|2018,0.5185654945671558,-0.0415980815887451
GROUP_complete,combined_kd,CY-Bench_wheat_AU|AU-421|2019,0.4794577546417713,0.012781334877014
GROUP_complete,combined_kd,CY-Bench_wheat_AU|AU-421|2020,0.3426233120262623,0.0879784822463989
GROUP_complete,combined_kd,CY-Bench_wheat_AU|AU-421|2021,0.9277958124876022,0.3603012561798095
GROUP_complete,combined_kd,CY-Bench_wheat_AU|AU-421|2022,0.91397687420249,0.2661375999450683
GROUP_complete,combined_kd,CY-Bench_wheat_AU|AU-421|2023,0.2348439283668995,0.0471863746643066
GROUP_complete,combined_kd,CY-Bench_wheat_AU|AU-422|2001,1.6466247122734785,0.2794009447097778
GROUP_complete,combined_kd,CY-Bench_wheat_AU|AU-422|2002,0.98141854070127,0.0842794179916381
GROUP_complete,combined_kd,CY-Bench_wheat_AU|AU-422|2003,1.2213186975568533,-0.3252987861633301
GROUP_complete,combined_kd,CY-Bench_wheat_AU|AU-422|2004,1.1853313110768795,0.3144172430038452
GROUP_complete,combined_kd,CY-Bench_wheat_AU|AU-422|2005,1.27717917971313,-0.029939489364624
GROUP_complete,combined_kd,CY-Bench_wheat_AU|AU-422|2006,0.7902896516025066,0.0019913911819458
GROUP_complete,combined_kd,CY-Bench_wheat_AU|AU-422|2007,0.7254099100828171,-0.0920983552932739
GROUP_complete,combined_kd,CY-Bench_wheat_AU|AU-422|2008,0.9990272466093302,-0.1005666742324828
GROUP_complete,combined_kd,CY-Bench_wheat_AU|AU-422|2009,0.4265292380005121,-0.2010143775939941
GROUP_complete,combined_kd,CY-Bench_wheat_AU|AU-422|2010,1.556781578809023,0.2589222192764282
GROUP_complete,combined_kd,CY-Bench_wheat_AU|AU-422|2011,1.0322579648345709,0.2858400344848633
GROUP_complete,combined_kd,CY-Bench_wheat_AU|AU-422|2012,1.014622624963522,0.2375465631484985
GROUP_complete,combined_kd,CY-Bench_wheat_AU|AU-422|2013,0.8652484621852636,0.3163924217224121
GROUP_complete,combined_kd,CY-Bench_wheat_AU|AU-422|2014,0.7890492863953114,0.0945544242858886
GROUP_complete,combined_kd,CY-Bench_wheat_AU|AU-422|2015,0.8456127010285854,0.2067973613739013
GROUP_complete,combined_kd,CY-Bench_wheat_AU|AU-422|2016,1.5703176707029345,0.1482430696487426
GROUP_complete,combined_kd,CY-Bench_wheat_AU|AU-422|2017,0.8082494772970676,0.2043942213058471
GROUP_complete,combined_kd,CY-Bench_wheat_AU|AU-422|2018,0.9140120949596168,0.1109098196029663
GROUP_complete,combined_kd,CY-Bench_wheat_AU|AU-422|2019,0.9023830257356168,0.1116946935653686
GROUP_complete,combined_kd,CY-Bench_wheat_AU|AU-422|2020,1.161182064563036,0.24320650100708
GROUP_complete,combined_kd,CY-Bench_wheat_AU|AU-422|2021,1.3263546340167522,0.3297017812728882
GROUP_complete,combined_kd,CY-Bench_wheat_AU|AU-422|2022,1.8271235935389996,0.099414207458496
GROUP_complete,combined_kd,CY-Bench_wheat_AU|AU-422|2023,0.7982492558658123,0.2114866971969604
GROUP_complete,combined_kd,CY-Bench_wheat_AU|AU-431|2001,2.50255423784256,-0.4141546716690065
GROUP_complete,combined_kd,CY-Bench_wheat_AU|AU-431|2002,1.9292956199496984,-0.49088138341903687
GROUP_complete,combined_kd,CY-Bench_wheat_AU|AU-431|2003,2.422192514874041,0.33638882637023926
GROUP_complete,combined_kd,CY-Bench_wheat_AU|AU-431|2004,2.197661003097892,-0.7322247624397278
GROUP_complete,combined_kd,CY-Bench_wheat_AU|AU-431|2005,2.3058873005211353,0.1596154928207398
GROUP_complete,combined_kd,CY-Bench_wheat_AU|AU-431|2006,1.1305862814188004,-0.4529760479927063
GROUP_complete,combined_kd,CY-Bench_wheat_AU|AU-431|2007,1.728317491710186,0.641780436038971
GROUP_complete,combined_kd,CY-Bench_wheat_AU|AU-431|2008,2.028074068017304,0.45623016357421875
GROUP_complete,combined_kd,CY-Bench_wheat_AU|AU-431|2009,2.2284465609118342,0.4641581296920776
GROUP_complete,combined_kd,CY-Bench_wheat_AU|AU-431|2010,2.358770625665784,0.40174388885498047
GROUP_complete,combined_kd,CY-Bench_wheat_AU|AU-431|2011,1.9035100191831589,-0.7292671837806703
GROUP_complete,combined_kd,CY-Bench_wheat_AU|AU-431|2012,1.7617344111204147,-0.5439589023590088
GROUP_complete,combined_kd,CY-Bench_wheat_AU|AU-431|2013,2.231192022562027,-0.6505867004394528
GROUP_complete,combined_kd,CY-Bench_wheat_AU|AU-431|2014,1.6611057259142399,-0.5524305701255798
GROUP_complete,combined_kd,CY-Bench_wheat_AU|AU-431|2015,1.7696993127465248,-0.40869010162353536
GROUP_complete,combined_kd,CY-Bench_wheat_AU|AU-431|2016,2.5171818220987916,0.5394785404205322
GROUP_complete,combined_kd,CY-Bench_wheat_AU|AU-431|2017,2.125158689916134,-1.0226992964744568
GROUP_complete,combined_kd,CY-Bench_wheat_AU|AU-431|2018,2.0946276634931564,-0.47388261556625366
GROUP_complete,combined_kd,CY-Bench_wheat_AU|AU-431|2019,1.8843144215643406,-0.4150235056877136
GROUP_complete,combined_kd,CY-Bench_wheat_AU|AU-431|2020,2.047857129946351,-0.6830151081085205
GROUP_complete,combined_kd,CY-Bench_wheat_AU|AU-431|2021,2.304128697142005,-0.6183962821960449
GROUP_complete,combined_kd,CY-Bench_wheat_AU|AU-431|2022,2.69366817176342,-0.26663415145874
GROUP_complete,combined_kd,CY-Bench_wheat_AU|AU-431|2023,1.7463798765093088,-0.45651012659072876
GROUP_complete,combined_kd,CY-Bench_wheat_AU|AU-521|2001,0.4682517163455486,-0.145035982131958
GROUP_complete,combined_kd,CY-Bench_wheat_AU|AU-521|2002,0.456943329423666,0.1948391199111938
GROUP_complete,combined_kd,CY-Bench_wheat_AU|AU-521|2003,0.6937438659369946,0.0274727344512939
GROUP_complete,combined_kd,CY-Bench_wheat_AU|AU-521|2004,0.548111367970705,0.1631896495819091
GROUP_complete,combined_kd,CY-Bench_wheat_AU|AU-521|2005,0.5343921817839146,0.1372010707855224
GROUP_complete,combined_kd,CY-Bench_wheat_AU|AU-521|2006,0.3152900971472263,-0.0685232877731323
GROUP_complete,combined_kd,CY-Bench_wheat_AU|AU-521|2007,0.5162109695374966,-0.0923604965209961
GROUP_complete,combined_kd,CY-Bench_wheat_AU|AU-521|2008,0.3523798882961273,-0.1972553730010986
GROUP_complete,combined_kd,CY-Bench_wheat_AU|AU-521|2009,0.6241182163357735,-0.0862622261047363
GROUP_complete,combined_kd,CY-Bench_wheat_AU|AU-521|2010,0.5638363286852837,0.0046566724777221
GROUP_complete,combined_kd,CY-Bench_wheat_AU|AU-521|2011,0.5560384280979633,0.054262638092041
GROUP_complete,combined_kd,CY-Bench_wheat_AU|AU-521|2012,0.4837220869958401,0.2198160886764526
GROUP_complete,combined_kd,CY-Bench_wheat_AU|AU-521|2013,0.6348056383430958,-0.149648904800415
GROUP_complete,combined_kd,CY-Bench_wheat_AU|AU-521|2014,0.5158860757946968,0.0957977771759033
GROUP_complete,combined_kd,CY-Bench_wheat_AU|AU-521|2015,0.3779795728623867,0.242331862449646
GROUP_complete,combined_kd,CY-Bench_wheat_AU|AU-521|2016,0.5241041667759418,-0.0517256259918212
GROUP_complete,combined_kd,CY-Bench_wheat_AU|AU-521|2017,0.570163369178772,0.0614964962005615
GROUP_complete,combined_kd,CY-Bench_wheat_AU|AU-521|2018,0.6009521745145321,-0.0563287734985351
GROUP_complete,combined_kd,CY-Bench_wheat_AU|AU-521|2019,0.294141486287117,-0.0022655725479125
GROUP_complete,combined_kd,CY-Bench_wheat_AU|AU-521|2020,0.5666194185614586,0.0064699649810791
GROUP_complete,combined_kd,CY-Bench_wheat_AU|AU-521|2021,0.5952203385531902,-0.0371588993072506
GROUP_complete,combined_kd,CY-Bench_wheat_AU|AU-521|2022,0.4070086851716041,0.1049015522003173
GROUP_complete,combined_kd,CY-Bench_wheat_AU|AU-521|2023,0.3004302568733692,-0.1312359571456909
GROUP_complete,combined_kd,CY-Bench_wheat_AU|AU-522|2001,2.0520113110542297,-1.4278597831726074
GROUP_complete,combined_kd,CY-Bench_wheat_AU|AU-522|2002,1.3243330977857113,-0.2294868879318237
GROUP_complete,combined_kd,CY-Bench_wheat_AU|AU-522|2003,1.7341753877699375,-0.7314362525939941
GROUP_complete,combined_kd,CY-Bench_wheat_AU|AU-522|2004,2.0393828600645065,-0.3812112236022948
GROUP_complete,combined_kd,CY-Bench_wheat_AU|AU-522|2005,2.0722769871354103,-1.3329429626464844
GROUP_complete,combined_kd,CY-Bench_wheat_AU|AU-522|2006,1.2736977823078632,-0.1123565883636472
GROUP_complete,combined_kd,CY-Bench_wheat_AU|AU-522|2007,1.5977140963077543,-1.1466789245605469
GROUP_complete,combined_kd,CY-Bench_wheat_AU|AU-522|2008,2.11289232224226,-1.3359663486480713
GROUP_complete,combined_kd,CY-Bench_wheat_AU|AU-522|2009,1.841712925583124,-0.8152759647369385
GROUP_complete,combined_kd,CY-Bench_wheat_AU|AU-522|2010,0.9672334939241408,-0.1950386762619018
GROUP_complete,combined_kd,CY-Bench_wheat_AU|AU-522|2011,2.078281130641699,-1.7006256580352783
GROUP_complete,combined_kd,CY-Bench_wheat_AU|AU-522|2012,1.0854495652019978,0.1506698436737061
GROUP_complete,combined_kd,CY-Bench_wheat_AU|AU-522|2013,1.454834520816803,-0.8976018428802489
GROUP_complete,combined_kd,CY-Bench_wheat_AU|AU-522|2014,1.8281634375452995,-1.37092488861084
GROUP_complete,combined_kd,CY-Bench_wheat_AU|AU-522|2015,1.1892175748944285,-0.7246963977813721
GROUP_complete,combined_kd,CY-Bench_wheat_AU|AU-522|2016,2.549683343619108,-1.2479729404449462
GROUP_complete,combined_kd,CY-Bench_wheat_AU|AU-522|2017,1.5744288079440594,-1.0163185596466064
GROUP_complete,combined_kd,CY-Bench_wheat_AU|AU-522|2018,2.2646054103970528,-1.625697135925293
GROUP_complete,combined_kd,CY-Bench_wheat_AU|AU-522|2019,1.0237184166908264,0.1732077598571777
GROUP_complete,combined_kd,CY-Bench_wheat_AU|AU-522|2020,1.7523593790829182,-1.360945224761963
GROUP_complete,combined_kd,CY-Bench_wheat_AU|AU-522|2021,1.752646591514349,-1.1156957149505615
GROUP_complete,combined_kd,CY-Bench_wheat_AU|AU-522|2022,1.580036336556077,-0.1384243774414066
GROUP_complete,combined_kd,CY-Bench_wheat_AU|AU-522|2023,1.087547343224287,0.1823213100433349
GROUP_complete,missing_aware,CY-Bench_wheat_AU|AU-111|2001,0.9548416882753372,-0.0686203784942627
GROUP_complete,missing_aware,CY-Bench_wheat_AU|AU-111|2002,0.7636471502482891,0.6368899345397949
GROUP_complete,missing_aware,CY-Bench_wheat_AU|AU-111|2003,0.9551857635378838,0.076862096786499
GROUP_complete,missing_aware,CY-Bench_wheat_AU|AU-111|2004,0.6210354156792164,0.2506415843963623
GROUP_complete,missing_aware,CY-Bench_wheat_AU|AU-111|2005,0.7085054703056812,0.0719754695892334
GROUP_complete,missing_aware,CY-Bench_wheat_AU|AU-111|2006,0.5463474281132221,0.3881139373779296
GROUP_complete,missing_aware,CY-Bench_wheat_AU|AU-111|2007,0.520952470600605,0.3985465764999389
GROUP_complete,missing_aware,CY-Bench_wheat_AU|AU-111|2008,0.5869846753776073,0.3421986103057861
GROUP_complete,missing_aware,CY-Bench_wheat_AU|AU-111|2009,0.7639211565256119,0.2552495002746582
GROUP_complete,missing_aware,CY-Bench_wheat_AU|AU-111|2010,1.329969234764576,0.4936401844024658
GROUP_complete,missing_aware,CY-Bench_wheat_AU|AU-111|2011,0.7777357324957848,-0.0775244235992431
GROUP_complete,missing_aware,CY-Bench_wheat_AU|AU-111|2012,0.6317174285650253,0.2354113159179687
GROUP_complete,missing_aware,CY-Bench_wheat_AU|AU-111|2013,0.6130967848002911,0.5375429391860962
GROUP_complete,missing_aware,CY-Bench_wheat_AU|AU-111|2014,0.5880261845886707,0.4268423318862915
GROUP_complete,missing_aware,CY-Bench_wheat_AU|AU-111|2015,0.4745444655418396,0.2432029247283935
GROUP_complete,missing_aware,CY-Bench_wheat_AU|AU-111|2016,0.8506639190018177,0.165995717048645
GROUP_complete,missing_aware,CY-Bench_wheat_AU|AU-111|2017,0.6149463094770908,0.0268656883239746
GROUP_complete,missing_aware,CY-Bench_wheat_AU|AU-111|2018,0.6322150640189648,0.5460851192474365
GROUP_complete,missing_aware,CY-Bench_wheat_AU|AU-111|2019,0.6801722384989262,0.64393150806427
GROUP_complete,missing_aware,CY-Bench_wheat_AU|AU-111|2020,0.6014302298426628,-0.1234271526336669
GROUP_complete,missing_aware,CY-Bench_wheat_AU|AU-111|2021,0.8324047103524208,0.2161880731582641
GROUP_complete,missing_aware,CY-Bench_wheat_AU|AU-111|2022,1.2485908530652523,0.8378241062164307
GROUP_complete,missing_aware,CY-Bench_wheat_AU|AU-111|2023,0.5685166195034981,-0.4760291576385498
GROUP_complete,missing_aware,CY-Bench_wheat_AU|AU-123|2001,1.739515371620655,-0.575217604637146
GROUP_complete,missing_aware,CY-Bench_wheat_AU|AU-123|2002,0.5234232917428017,-0.5821994543075562
GROUP_complete,missing_aware,CY-Bench_wheat_AU|AU-123|2003,1.9510754942893984,0.6475756168365479
GROUP_complete,missing_aware,CY-Bench_wheat_AU|AU-123|2004,1.6512766256928444,-0.5931458473205566
GROUP_complete,missing_aware,CY-Bench_wheat_AU|AU-123|2005,1.7697244547307491,-0.258600299835205
GROUP_complete,missing_aware,CY-Bench_wheat_AU|AU-123|2006,0.4782555848360061,-0.5350652933120728
GROUP_complete,missing_aware,CY-Bench_wheat_AU|AU-123|2007,0.8024148866534233,0.4709745645523071
GROUP_complete,missing_aware,CY-Bench_wheat_AU|AU-123|2008,1.2806747294962406,0.5524476766586304
GROUP_complete,missing_aware,CY-Bench_wheat_AU|AU-123|2009,0.6699431464076042,0.2392959594726562
GROUP_complete,missing_aware,CY-Bench_wheat_AU|AU-123|2010,1.3436986543238163,0.6847459077835083
GROUP_complete,missing_aware,CY-Bench_wheat_AU|AU-123|2011,1.2592026628553867,-0.726392388343811
GROUP_complete,missing_aware,CY-Bench_wheat_AU|AU-123|2012,1.0999776534736156,-0.4940304756164551
GROUP_complete,missing_aware,CY-Bench_wheat_AU|AU-123|2013,1.1425552926957607,-0.5369746685028076
GROUP_complete,missing_aware,CY-Bench_wheat_AU|AU-123|2014,0.8184649050235748,-0.4197772741317749
GROUP_complete,missing_aware,CY-Bench_wheat_AU|AU-123|2015,0.7980030849575996,-0.6773970127105713
GROUP_complete,missing_aware,CY-Bench_wheat_AU|AU-123|2016,1.1449132226407528,-0.7985037565231323
GROUP_complete,missing_aware,CY-Bench_wheat_AU|AU-123|2017,0.9911921434104444,-0.5874594449996948
GROUP_complete,missing_aware,CY-Bench_wheat_AU|AU-123|2018,0.8977444097399712,-0.294964075088501
GROUP_complete,missing_aware,CY-Bench_wheat_AU|AU-123|2019,0.6964893937110901,0.4640829563140869
GROUP_complete,missing_aware,CY-Bench_wheat_AU|AU-123|2020,1.298785585910082,0.6809192895889281
GROUP_complete,missing_aware,CY-Bench_wheat_AU|AU-123|2021,1.742784712463617,-0.8810731172561646
GROUP_complete,missing_aware,CY-Bench_wheat_AU|AU-123|2022,1.4641145914793017,-0.393512487411499
GROUP_complete,missing_aware,CY-Bench_wheat_AU|AU-123|2023,0.8655933663249016,-0.5471974611282349
GROUP_complete,missing_aware,CY-Bench_wheat_AU|AU-222|2001,2.487485073506832,0.1857958602905274
GROUP_complete,missing_aware,CY-Bench_wheat_AU|AU-222|2002,1.173732407391071,-0.304114818572998
GROUP_complete,missing_aware,CY-Bench_wheat_AU|AU-222|2003,2.2259312570095062,0.7414114475250244
GROUP_complete,missing_aware,CY-Bench_wheat_AU|AU-222|2004,1.776122871786356,-0.2789556522369381
GROUP_complete,missing_aware,CY-Bench_wheat_AU|AU-222|2005,2.2350991033017635,0.7896568775177002
GROUP_complete,missing_aware,CY-Bench_wheat_AU|AU-222|2006,1.215362075716257,-0.0552271604537963
GROUP_complete,missing_aware,CY-Bench_wheat_AU|AU-222|2007,1.3776499330997467,0.5311976671218872
GROUP_complete,missing_aware,CY-Bench_wheat_AU|AU-222|2008,1.234002664685249,0.757771372795105
GROUP_complete,missing_aware,CY-Bench_wheat_AU|AU-222|2009,2.2643807157874107,1.0274724960327148
GROUP_complete,missing_aware,CY-Bench_wheat_AU|AU-222|2010,2.3629280775785446,0.4201662540435791
GROUP_complete,missing_aware,CY-Bench_wheat_AU|AU-222|2011,1.876839194446802,-0.8750214576721191
GROUP_complete,missing_aware,CY-Bench_wheat_AU|AU-222|2012,1.3157777190208435,-0.7568469047546387
GROUP_complete,missing_aware,CY-Bench_wheat_AU|AU-222|2013,2.2317086420953274,0.003167413711548
GROUP_complete,missing_aware,CY-Bench_wheat_AU|AU-222|2014,1.3946138806641102,-0.2886395454406738
GROUP_complete,missing_aware,CY-Bench_wheat_AU|AU-222|2015,1.4710915572941303,0.3820283412933349
GROUP_complete,missing_aware,CY-Bench_wheat_AU|AU-222|2016,2.3783897385001183,0.4551436901092531
GROUP_complete,missing_aware,CY-Bench_wheat_AU|AU-222|2017,1.8393398821353912,-0.9643239974975586
GROUP_complete,missing_aware,CY-Bench_wheat_AU|AU-222|2018,1.2018147483468056,-0.7367619276046753
GROUP_complete,missing_aware,CY-Bench_wheat_AU|AU-222|2019,1.1825020667165518,0.7031521797180176
GROUP_complete,missing_aware,CY-Bench_wheat_AU|AU-222|2020,1.8750356771051884,-1.0379574298858645
GROUP_complete,missing_aware,CY-Bench_wheat_AU|AU-222|2021,2.420400645583868,-1.0970005989074707
GROUP_complete,missing_aware,CY-Bench_wheat_AU|AU-222|2022,1.9289737585932016,-0.7820463180541992
GROUP_complete,missing_aware,CY-Bench_wheat_AU|AU-222|2023,1.6952137425541878,-0.5652837753295898
GROUP_complete,missing_aware,CY-Bench_wheat_AU|AU-231|2001,2.8118764236569405,-0.770949125289917
GROUP_complete,missing_aware,CY-Bench_wheat_AU|AU-231|2002,2.235072795301676,0.0549309253692626
GROUP_complete,missing_aware,CY-Bench_wheat_AU|AU-231|2003,2.307461205869913,0.2722897529602051
GROUP_complete,missing_aware,CY-Bench_wheat_AU|AU-231|2004,2.5669779777526855,-0.1022913455963134
GROUP_complete,missing_aware,CY-Bench_wheat_AU|AU-231|2005,2.4983132109045982,-0.3959847545623782
GROUP_complete,missing_aware,CY-Bench_wheat_AU|AU-231|2006,1.914327058941126,-0.582984447479248
GROUP_complete,missing_aware,CY-Bench_wheat_AU|AU-231|2007,2.582915961742401,0.2905936241149904
GROUP_complete,missing_aware,CY-Bench_wheat_AU|AU-231|2008,2.344635482877493,0.0865886211395263
GROUP_complete,missing_aware,CY-Bench_wheat_AU|AU-231|2009,3.092586927115917,-0.1240003108978271
GROUP_complete,missing_aware,CY-Bench_wheat_AU|AU-231|2010,2.3378881700336933,-1.3450593948364258
GROUP_complete,missing_aware,CY-Bench_wheat_AU|AU-231|2011,2.4510169103741646,-0.4360618591308594
GROUP_complete,missing_aware,CY-Bench_wheat_AU|AU-231|2012,2.4643707908689976,-0.034151554107666
GROUP_complete,missing_aware,CY-Bench_wheat_AU|AU-231|2013,2.547206874936819,-0.7129753913879391
GROUP_complete,missing_aware,CY-Bench_wheat_AU|AU-231|2014,2.6556129567325115,-0.3681373596191406
GROUP_complete,missing_aware,CY-Bench_wheat_AU|AU-231|2015,2.4831010811030865,0.1083550453186035
GROUP_complete,missing_aware,CY-Bench_wheat_AU|AU-231|2016,2.3399397544562817,-1.107576847076416
GROUP_complete,missing_aware,CY-Bench_wheat_AU|AU-231|2017,3.031900469213724,0.1973507404327392
GROUP_complete,missing_aware,CY-Bench_wheat_AU|AU-231|2018,2.3480828665196896,0.140359878540039
GROUP_complete,missing_aware,CY-Bench_wheat_AU|AU-231|2019,2.245566602796316,-0.2141056060791015
GROUP_complete,missing_aware,CY-Bench_wheat_AU|AU-231|2020,2.6771364212036133,0.5578632354736328
GROUP_complete,missing_aware,CY-Bench_wheat_AU|AU-231|2021,2.4941982589662075,0.912752628326416
GROUP_complete,missing_aware,CY-Bench_wheat_AU|AU-231|2022,2.082397785037756,0.8528122329711909
GROUP_complete,missing_aware,CY-Bench_wheat_AU|AU-231|2023,2.515397071838379,-0.0931403636932373
GROUP_complete,missing_aware,CY-Bench_wheat_AU|AU-312|2003,1.652304381132126,0.4568288326263428
GROUP_complete,missing_aware,CY-Bench_wheat_AU|AU-312|2009,1.828466963022947,1.3470673561096191
GROUP_complete,missing_aware,CY-Bench_wheat_AU|AU-322|2001,0.7109287474304438,-0.1717067956924438
GROUP_complete,missing_aware,CY-Bench_wheat_AU|AU-322|2002,0.9652024004608392,-0.1283133029937744
GROUP_complete,missing_aware,CY-Bench_wheat_AU|AU-322|2003,0.8383447919040918,0.2762671709060669
GROUP_complete,missing_aware,CY-Bench_wheat_AU|AU-322|2004,0.6001058723777533,0.0223143100738525
GROUP_complete,missing_aware,CY-Bench_wheat_AU|AU-322|2005,0.8830903489142656,-0.1346997022628784
GROUP_complete,missing_aware,CY-Bench_wheat_AU|AU-322|2006,0.7624670546501875,0.0119529962539672
GROUP_complete,missing_aware,CY-Bench_wheat_AU|AU-322|2007,0.7901629339903593,-0.2330827713012695
GROUP_complete,missing_aware,CY-Bench_wheat_AU|AU-322|2008,0.7528378870338202,-0.1888825893402099
GROUP_complete,missing_aware,CY-Bench_wheat_AU|AU-322|2009,1.084472393617034,0.2390975952148437
GROUP_complete,missing_aware,CY-Bench_wheat_AU|AU-322|2010,1.1783026959747076,-0.3238723278045654
GROUP_complete,missing_aware,CY-Bench_wheat_AU|AU-322|2011,0.8266085814684629,-0.3135969638824463
GROUP_complete,missing_aware,CY-Bench_wheat_AU|AU-322|2012,0.7361490372568369,0.1465275287628173
GROUP_complete,missing_aware,CY-Bench_wheat_AU|AU-322|2013,0.8190489839762449,0.0842299461364746
GROUP_complete,missing_aware,CY-Bench_wheat_AU|AU-322|2014,0.81893047131598,-0.0090306997299194
GROUP_complete,missing_aware,CY-Bench_wheat_AU|AU-322|2015,0.5555119197815657,-0.0381933450698852
GROUP_complete,missing_aware,CY-Bench_wheat_AU|AU-322|2016,0.7245730552822351,0.1943823099136352
GROUP_complete,missing_aware,CY-Bench_wheat_AU|AU-322|2017,0.9479062128812076,-0.200208306312561
GROUP_complete,missing_aware,CY-Bench_wheat_AU|AU-322|2018,0.6533751394599676,0.0545109510421752
GROUP_complete,missing_aware,CY-Bench_wheat_AU|AU-322|2019,1.539774565026164,-0.121860384941101
GROUP_complete,missing_aware,CY-Bench_wheat_AU|AU-322|2020,0.7410297710448503,-0.0486913919448852
GROUP_complete,missing_aware,CY-Bench_wheat_AU|AU-322|2021,0.9446393679827452,0.2830588817596435
GROUP_complete,missing_aware,CY-Bench_wheat_AU|AU-322|2022,0.8119543138891459,0.2236028909683227
GROUP_complete,missing_aware,CY-Bench_wheat_AU|AU-322|2023,0.8005400020629168,-0.0523154735565185
GROUP_complete,missing_aware,CY-Bench_wheat_AU|AU-331|2001,0.9224380720406772,-0.3081481456756592
GROUP_complete,missing_aware,CY-Bench_wheat_AU|AU-331|2002,0.6747340615838766,-0.1388119459152221
GROUP_complete,missing_aware,CY-Bench_wheat_AU|AU-331|2003,0.6176016349345446,-0.2859323024749756
GROUP_complete,missing_aware,CY-Bench_wheat_AU|AU-331|2004,1.0219829101115463,-0.3053921461105346
GROUP_complete,missing_aware,CY-Bench_wheat_AU|AU-331|2005,0.6139268185943365,-0.3302655220031738
GROUP_complete,missing_aware,CY-Bench_wheat_AU|AU-331|2006,0.5259015504270792,-0.3235563039779663
GROUP_complete,missing_aware,CY-Bench_wheat_AU|AU-331|2007,0.7477088924497366,0.2212945222854614
GROUP_complete,missing_aware,CY-Bench_wheat_AU|AU-331|2008,0.9600919019430876,-0.0371415853500365
GROUP_complete,missing_aware,CY-Bench_wheat_AU|AU-331|2009,0.8334135804325342,0.2496664524078369
GROUP_complete,missing_aware,CY-Bench_wheat_AU|AU-331|2010,1.4179052878171206,0.7990423440933228
GROUP_complete,missing_aware,CY-Bench_wheat_AU|AU-331|2011,0.9312042985111476,-0.3385859727859497
GROUP_complete,missing_aware,CY-Bench_wheat_AU|AU-331|2012,0.8310335073620081,0.3182399272918701
GROUP_complete,missing_aware,CY-Bench_wheat_AU|AU-331|2013,0.5337399002164602,0.2146281003952026
GROUP_complete,missing_aware,CY-Bench_wheat_AU|AU-331|2014,0.8925882186740637,0.2848149538040161
GROUP_complete,missing_aware,CY-Bench_wheat_AU|AU-331|2015,0.5606590081006289,0.3661501407623291
GROUP_complete,missing_aware,CY-Bench_wheat_AU|AU-331|2016,0.6435479167848825,-0.316374659538269
GROUP_complete,missing_aware,CY-Bench_wheat_AU|AU-331|2017,0.8905864786356688,0.3249913454055786
GROUP_complete,missing_aware,CY-Bench_wheat_AU|AU-331|2018,0.7099406104534864,-0.0586006641387939
GROUP_complete,missing_aware,CY-Bench_wheat_AU|AU-331|2019,0.9229707662016152,-0.2843151092529297
GROUP_complete,missing_aware,CY-Bench_wheat_AU|AU-331|2020,0.6699767354875803,-0.3184059858322143
GROUP_complete,missing_aware,CY-Bench_wheat_AU|AU-331|2021,0.9258025754243135,-0.2175523042678833
GROUP_complete,missing_aware,CY-Bench_wheat_AU|AU-331|2022,0.9634041171520948,-0.392864465713501
GROUP_complete,missing_aware,CY-Bench_wheat_AU|AU-331|2023,0.9328387025743724,0.2805267572402954
GROUP_complete,missing_aware,CY-Bench_wheat_AU|AU-332|2015,1.8695283941924572,0.9020400047302246
GROUP_complete,missing_aware,CY-Bench_wheat_AU|AU-411|2001,1.1276898197829723,0.4337357282638548
GROUP_complete,missing_aware,CY-Bench_wheat_AU|AU-411|2002,1.1659035962074995,0.1833208799362182
GROUP_complete,missing_aware,CY-Bench_wheat_AU|AU-411|2003,1.1559539064764977,0.0641508102416992
GROUP_complete,missing_aware,CY-Bench_wheat_AU|AU-411|2004,1.1611679904162884,0.091174840927124
GROUP_complete,missing_aware,CY-Bench_wheat_AU|AU-411|2005,1.1580171901732683,0.2956917285919188
GROUP_complete,missing_aware,CY-Bench_wheat_AU|AU-411|2006,1.1908544674515724,-0.201532244682312
GROUP_complete,missing_aware,CY-Bench_wheat_AU|AU-411|2007,1.029476199299097,-0.1016056537628173
GROUP_complete,missing_aware,CY-Bench_wheat_AU|AU-411|2008,1.2312367297708988,-0.1439261436462402
GROUP_complete,missing_aware,CY-Bench_wheat_AU|AU-411|2009,1.069956323131919,-0.2169185876846313
GROUP_complete,missing_aware,CY-Bench_wheat_AU|AU-411|2010,1.132443156093359,0.4218662977218628
GROUP_complete,missing_aware,CY-Bench_wheat_AU|AU-411|2011,1.0361696146428585,0.1864551734924315
GROUP_complete,missing_aware,CY-Bench_wheat_AU|AU-411|2012,1.2486899122595787,-0.2287356853485107
GROUP_complete,missing_aware,CY-Bench_wheat_AU|AU-411|2013,0.9755829237401484,-0.2860209941864013
GROUP_complete,missing_aware,CY-Bench_wheat_AU|AU-411|2014,1.0638377163559198,0.0564978122711181
GROUP_complete,missing_aware,CY-Bench_wheat_AU|AU-411|2015,1.287006227299571,0.0043525695800781
GROUP_complete,missing_aware,CY-Bench_wheat_AU|AU-411|2016,1.0631996281445026,0.1238887310028076
GROUP_complete,missing_aware,CY-Bench_wheat_AU|AU-411|2017,1.14344285055995,0.3067610263824463
GROUP_complete,missing_aware,CY-Bench_wheat_AU|AU-411|2018,1.2071594223380089,-0.1852697134017944
GROUP_complete,missing_aware,CY-Bench_wheat_AU|AU-411|2019,1.1222163941711187,0.0058950185775756
GROUP_complete,missing_aware,CY-Bench_wheat_AU|AU-411|2020,1.1407971642911434,-0.0753700733184814
GROUP_complete,missing_aware,CY-Bench_wheat_AU|AU-411|2021,1.0384868793189526,0.0036543607711791
GROUP_complete,missing_aware,CY-Bench_wheat_AU|AU-411|2022,1.2441496830433607,0.3671193122863769
GROUP_complete,missing_aware,CY-Bench_wheat_AU|AU-411|2023,1.182563703507185,0.285934567451477
GROUP_complete,missing_aware,CY-Bench_wheat_AU|AU-421|2001,1.345846327021718,1.3372254371643069
GROUP_complete,missing_aware,CY-Bench_wheat_AU|AU-421|2002,0.5765045750886202,0.0052134990692138
GROUP_complete,missing_aware,CY-Bench_wheat_AU|AU-421|2003,0.7735776249319315,0.3476576805114746
GROUP_complete,missing_aware,CY-Bench_wheat_AU|AU-421|2004,0.7463064845651388,0.3020868301391601
GROUP_complete,missing_aware,CY-Bench_wheat_AU|AU-421|2005,0.7065006624907255,0.2969794273376465
GROUP_complete,missing_aware,CY-Bench_wheat_AU|AU-421|2006,0.3394804205745458,-0.0017380857467652
GROUP_complete,missing_aware,CY-Bench_wheat_AU|AU-421|2007,0.3114485424011946,-0.0644950866699218
GROUP_complete,missing_aware,CY-Bench_wheat_AU|AU-421|2008,0.763084976002574,0.1032885313034057
GROUP_complete,missing_aware,CY-Bench_wheat_AU|AU-421|2009,0.937202351167798,0.6083704233169556
GROUP_complete,missing_aware,CY-Bench_wheat_AU|AU-421|2010,0.8621993232518435,0.0336148738861084
GROUP_complete,missing_aware,CY-Bench_wheat_AU|AU-421|2011,0.7277124021202326,0.3619670867919922
GROUP_complete,missing_aware,CY-Bench_wheat_AU|AU-421|2012,0.3821105975657701,-0.0064832859039305
GROUP_complete,missing_aware,CY-Bench_wheat_AU|AU-421|2013,0.5641577672213316,0.4411697387695312
GROUP_complete,missing_aware,CY-Bench_wheat_AU|AU-421|2014,0.293587377294898,-0.0302006006240844
GROUP_complete,missing_aware,CY-Bench_wheat_AU|AU-421|2015,0.4268615897744894,-0.2624633312225342
GROUP_complete,missing_aware,CY-Bench_wheat_AU|AU-421|2016,1.073114300146699,-0.0372369289398193
GROUP_complete,missing_aware,CY-Bench_wheat_AU|AU-421|2017,0.6634303722530603,-0.0486680717468264
GROUP_complete,missing_aware,CY-Bench_wheat_AU|AU-421|2018,0.7882574517279863,0.1204533576965332
GROUP_complete,missing_aware,CY-Bench_wheat_AU|AU-421|2019,0.3651790339499712,0.1766999492645262
GROUP_complete,missing_aware,CY-Bench_wheat_AU|AU-421|2020,0.6270583141595125,0.3411580324172973
GROUP_complete,missing_aware,CY-Bench_wheat_AU|AU-421|2021,0.7544343192130327,0.6932203769683838
GROUP_complete,missing_aware,CY-Bench_wheat_AU|AU-421|2022,1.2035861033946276,1.0000877380371092
GROUP_complete,missing_aware,CY-Bench_wheat_AU|AU-421|2023,0.542232746258378,-0.3777401447296142
GROUP_complete,missing_aware,CY-Bench_wheat_AU|AU-422|2001,1.483345665037632,0.1115782260894775
GROUP_complete,missing_aware,CY-Bench_wheat_AU|AU-422|2002,1.3409795388579369,0.0669564008712768
GROUP_complete,missing_aware,CY-Bench_wheat_AU|AU-422|2003,1.4151187408715489,-0.0145691633224487
GROUP_complete,missing_aware,CY-Bench_wheat_AU|AU-422|2004,1.503268601372838,0.0737216472625732
GROUP_complete,missing_aware,CY-Bench_wheat_AU|AU-422|2005,1.5551828723400831,-0.1313890218734741
GROUP_complete,missing_aware,CY-Bench_wheat_AU|AU-422|2006,1.128785340115428,-0.0251719951629638
GROUP_complete,missing_aware,CY-Bench_wheat_AU|AU-422|2007,1.074234576895833,-0.125218391418457
GROUP_complete,missing_aware,CY-Bench_wheat_AU|AU-422|2008,1.569540424272418,-0.1531277894973755
GROUP_complete,missing_aware,CY-Bench_wheat_AU|AU-422|2009,1.2400697488337755,-0.1759203672409057
GROUP_complete,missing_aware,CY-Bench_wheat_AU|AU-422|2010,1.452942946925759,0.3872206211090088
GROUP_complete,missing_aware,CY-Bench_wheat_AU|AU-422|2011,1.296154322102666,0.2776941061019897
GROUP_complete,missing_aware,CY-Bench_wheat_AU|AU-422|2012,1.5026999935507774,0.1514112949371338
GROUP_complete,missing_aware,CY-Bench_wheat_AU|AU-422|2013,1.2704413924366236,0.3241558074951172
GROUP_complete,missing_aware,CY-Bench_wheat_AU|AU-422|2014,1.1433256212621927,0.0472962856292724
GROUP_complete,missing_aware,CY-Bench_wheat_AU|AU-422|2015,1.30887190438807,0.1586406230926513
GROUP_complete,missing_aware,CY-Bench_wheat_AU|AU-422|2016,1.418389616534114,0.1717485189437866
GROUP_complete,missing_aware,CY-Bench_wheat_AU|AU-422|2017,1.3899949677288532,0.2603932619094848
GROUP_complete,missing_aware,CY-Bench_wheat_AU|AU-422|2018,1.3069393076002598,0.1362967491149902
GROUP_complete,missing_aware,CY-Bench_wheat_AU|AU-422|2019,1.2225915156304836,0.0883468389511108
GROUP_complete,missing_aware,CY-Bench_wheat_AU|AU-422|2020,1.4464545603841543,0.1937803030014038
GROUP_complete,missing_aware,CY-Bench_wheat_AU|AU-422|2021,1.5092464666813612,0.0807528495788574
GROUP_complete,missing_aware,CY-Bench_wheat_AU|AU-422|2022,1.6951203178614378,0.4400245923995971
GROUP_complete,missing_aware,CY-Bench_wheat_AU|AU-422|2023,1.2123839017003777,0.07169771194458
GROUP_complete,missing_aware,CY-Bench_wheat_AU|AU-431|2001,2.372597036883235,0.05176565742492655
GROUP_complete,missing_aware,CY-Bench_wheat_AU|AU-431|2002,1.5752523634582758,-0.6314194798469543
GROUP_complete,missing_aware,CY-Bench_wheat_AU|AU-431|2003,1.993391228839755,0.6428607702255249
GROUP_complete,missing_aware,CY-Bench_wheat_AU|AU-431|2004,1.855713490396738,-0.73861163854599
GROUP_complete,missing_aware,CY-Bench_wheat_AU|AU-431|2005,2.1101838890463114,0.0056870937347413
GROUP_complete,missing_aware,CY-Bench_wheat_AU|AU-431|2006,1.4704446848481894,-0.3798490762710571
GROUP_complete,missing_aware,CY-Bench_wheat_AU|AU-431|2007,1.5867633651942015,0.5442586541175842
GROUP_complete,missing_aware,CY-Bench_wheat_AU|AU-431|2008,1.5608209278434515,0.7406806945800781
GROUP_complete,missing_aware,CY-Bench_wheat_AU|AU-431|2009,1.9022862501442432,0.3941981315612792
GROUP_complete,missing_aware,CY-Bench_wheat_AU|AU-431|2010,2.3356899973005056,0.8391377925872803
GROUP_complete,missing_aware,CY-Bench_wheat_AU|AU-431|2011,1.7009091787040234,-0.6829515137672426
GROUP_complete,missing_aware,CY-Bench_wheat_AU|AU-431|2012,1.549079928547144,-0.6780811319351194
GROUP_complete,missing_aware,CY-Bench_wheat_AU|AU-431|2013,2.0604547541588545,-0.5772037982940672
GROUP_complete,missing_aware,CY-Bench_wheat_AU|AU-431|2014,1.6300295684486628,-0.4993937611579895
GROUP_complete,missing_aware,CY-Bench_wheat_AU|AU-431|2015,1.6863471176475286,-0.3865914478302006
GROUP_complete,missing_aware,CY-Bench_wheat_AU|AU-431|2016,2.4574286602437496,0.4830336570739746
GROUP_complete,missing_aware,CY-Bench_wheat_AU|AU-431|2017,1.9537426158785822,-0.7521713376045227
GROUP_complete,missing_aware,CY-Bench_wheat_AU|AU-431|2018,1.6667866595089436,-0.6893587708473206
GROUP_complete,missing_aware,CY-Bench_wheat_AU|AU-431|2019,1.4730529598891735,-0.6011309027671814
GROUP_complete,missing_aware,CY-Bench_wheat_AU|AU-431|2020,1.932947212830186,-0.6997896432876587
GROUP_complete,missing_aware,CY-Bench_wheat_AU|AU-431|2021,1.9929697401821613,-0.7233662605285645
GROUP_complete,missing_aware,CY-Bench_wheat_AU|AU-431|2022,2.2516427151858807,-0.1718442440032959
GROUP_complete,missing_aware,CY-Bench_wheat_AU|AU-431|2023,1.697462411597371,-0.45698434114456177
GROUP_complete,missing_aware,CY-Bench_wheat_AU|AU-521|2001,0.9459222685545684,-0.3191919326782226
GROUP_complete,missing_aware,CY-Bench_wheat_AU|AU-521|2002,0.7944022323936224,0.0818254947662353
GROUP_complete,missing_aware,CY-Bench_wheat_AU|AU-521|2003,0.6308289393782616,0.0120086669921875
GROUP_complete,missing_aware,CY-Bench_wheat_AU|AU-521|2004,0.8711004834622145,0.1851320266723632
GROUP_complete,missing_aware,CY-Bench_wheat_AU|AU-521|2005,0.8272588308900595,-0.0833306312561035
GROUP_complete,missing_aware,CY-Bench_wheat_AU|AU-521|2006,0.4180299881845712,0.0149780511856079
GROUP_complete,missing_aware,CY-Bench_wheat_AU|AU-521|2007,0.8049515839666128,-0.0828363895416259
GROUP_complete,missing_aware,CY-Bench_wheat_AU|AU-521|2008,1.014471160247922,-0.4806797504425049
GROUP_complete,missing_aware,CY-Bench_wheat_AU|AU-521|2009,0.7849833127111197,0.240818977355957
GROUP_complete,missing_aware,CY-Bench_wheat_AU|AU-521|2010,0.5996084678918123,-0.1152288913726806
GROUP_complete,missing_aware,CY-Bench_wheat_AU|AU-521|2011,0.8121455404907465,0.3084208965301513
GROUP_complete,missing_aware,CY-Bench_wheat_AU|AU-521|2012,0.7265525702387094,0.0296747684478759
GROUP_complete,missing_aware,CY-Bench_wheat_AU|AU-521|2013,0.690206041559577,0.3046362400054931
GROUP_complete,missing_aware,CY-Bench_wheat_AU|AU-521|2014,0.8125178869813681,-0.0509841403961184
GROUP_complete,missing_aware,CY-Bench_wheat_AU|AU-521|2015,0.5262445043772459,-0.0523952474594118
GROUP_complete,missing_aware,CY-Bench_wheat_AU|AU-521|2016,1.079199830070138,0.145158612251282
GROUP_complete,missing_aware,CY-Bench_wheat_AU|AU-521|2017,0.792699096724391,0.3772489585876464
GROUP_complete,missing_aware,CY-Bench_wheat_AU|AU-521|2018,0.7161460723727942,-0.0252406597137451
GROUP_complete,missing_aware,CY-Bench_wheat_AU|AU-521|2019,0.2400481570512056,-0.1358183622360229
GROUP_complete,missing_aware,CY-Bench_wheat_AU|AU-521|2020,0.8215964492410421,0.151087999343872
GROUP_complete,missing_aware,CY-Bench_wheat_AU|AU-521|2021,0.7285744696855545,0.1801145744323733
GROUP_complete,missing_aware,CY-Bench_wheat_AU|AU-521|2022,1.23956741951406,0.3064808845520019
GROUP_complete,missing_aware,CY-Bench_wheat_AU|AU-521|2023,0.2230331543833017,-0.1744084358215332
GROUP_complete,missing_aware,CY-Bench_wheat_AU|AU-522|2001,1.6904744319617748,-0.9554364681243896
GROUP_complete,missing_aware,CY-Bench_wheat_AU|AU-522|2002,0.9659067690372468,-0.1836914472579955
GROUP_complete,missing_aware,CY-Bench_wheat_AU|AU-522|2003,1.466941524296999,-0.4342941045761108
GROUP_complete,missing_aware,CY-Bench_wheat_AU|AU-522|2004,1.720226213335991,-0.6977356672286987
GROUP_complete,missing_aware,CY-Bench_wheat_AU|AU-522|2005,1.604422114789486,-0.779876708984375
GROUP_complete,missing_aware,CY-Bench_wheat_AU|AU-522|2006,1.0220440365374088,-0.1340585203170774
GROUP_complete,missing_aware,CY-Bench_wheat_AU|AU-522|2007,1.4651636220514774,-1.060299515724182
GROUP_complete,missing_aware,CY-Bench_wheat_AU|AU-522|2008,1.7204001732170582,-0.9198064804077148
GROUP_complete,missing_aware,CY-Bench_wheat_AU|AU-522|2009,1.5775737427175045,-0.7387317419052124
GROUP_complete,missing_aware,CY-Bench_wheat_AU|AU-522|2010,0.9173612110316752,-0.2966110706329345
GROUP_complete,missing_aware,CY-Bench_wheat_AU|AU-522|2011,1.6592097878456116,-1.4615978002548218
GROUP_complete,missing_aware,CY-Bench_wheat_AU|AU-522|2012,0.990262284874916,0.1333980865478516
GROUP_complete,missing_aware,CY-Bench_wheat_AU|AU-522|2013,1.488119911402464,-0.8466538190841674
GROUP_complete,missing_aware,CY-Bench_wheat_AU|AU-522|2014,1.6093008741736412,-1.2334004640579224
GROUP_complete,missing_aware,CY-Bench_wheat_AU|AU-522|2015,0.9973444640636444,-0.6336766481399536
GROUP_complete,missing_aware,CY-Bench_wheat_AU|AU-522|2016,1.7503664456307888,-0.8638231754302979
GROUP_complete,missing_aware,CY-Bench_wheat_AU|AU-522|2017,1.5127340406179428,-0.938084363937378
GROUP_complete,missing_aware,CY-Bench_wheat_AU|AU-522|2018,1.9572994224727152,-1.3168327808380127
GROUP_complete,missing_aware,CY-Bench_wheat_AU|AU-522|2019,0.6421989426016808,0.3056639432907104
GROUP_complete,missing_aware,CY-Bench_wheat_AU|AU-522|2020,1.6155631318688393,-1.2126041650772097
GROUP_complete,missing_aware,CY-Bench_wheat_AU|AU-522|2021,1.3160503171384337,-0.573678731918335
GROUP_complete,missing_aware,CY-Bench_wheat_AU|AU-522|2022,1.2285997606813908,-0.3700735569000244
GROUP_complete,missing_aware,CY-Bench_wheat_AU|AU-522|2023,0.7352902665734291,0.315468430519104
GROUP_complete,prediction_kd,CY-Bench_wheat_AU|AU-111|2001,1.1989613007754087,0.0539758853912353
GROUP_complete,prediction_kd,CY-Bench_wheat_AU|AU-111|2002,0.7537053506821394,0.6412069797515869
GROUP_complete,prediction_kd,CY-Bench_wheat_AU|AU-111|2003,1.17759701423347,0.3510990142822265
GROUP_complete,prediction_kd,CY-Bench_wheat_AU|AU-111|2004,0.8564592432230711,0.3929522037506103
GROUP_complete,prediction_kd,CY-Bench_wheat_AU|AU-111|2005,1.1250169668346643,0.5164628028869629
GROUP_complete,prediction_kd,CY-Bench_wheat_AU|AU-111|2006,0.8197603616863489,0.5497620916366577
GROUP_complete,prediction_kd,CY-Bench_wheat_AU|AU-111|2007,0.660011226311326,0.5823191404342651
GROUP_complete,prediction_kd,CY-Bench_wheat_AU|AU-111|2008,0.7631014417856932,0.4617664813995361
GROUP_complete,prediction_kd,CY-Bench_wheat_AU|AU-111|2009,0.5893277581781149,0.6752984523773193
GROUP_complete,prediction_kd,CY-Bench_wheat_AU|AU-111|2010,2.375368131324649,0.3777284622192383
GROUP_complete,prediction_kd,CY-Bench_wheat_AU|AU-111|2011,0.7330623548477888,0.1120701618194583
GROUP_complete,prediction_kd,CY-Bench_wheat_AU|AU-111|2012,0.6668469775468111,0.1145416793823241
GROUP_complete,prediction_kd,CY-Bench_wheat_AU|AU-111|2013,0.7928724978119135,0.6343487501144409
GROUP_complete,prediction_kd,CY-Bench_wheat_AU|AU-111|2014,0.8782673832029104,0.7136355638504028
GROUP_complete,prediction_kd,CY-Bench_wheat_AU|AU-111|2015,0.6560260150581598,0.5250630378723145
GROUP_complete,prediction_kd,CY-Bench_wheat_AU|AU-111|2016,1.485983246937394,0.3620449304580688
GROUP_complete,prediction_kd,CY-Bench_wheat_AU|AU-111|2017,0.8251739647239447,0.1672141227722168
GROUP_complete,prediction_kd,CY-Bench_wheat_AU|AU-111|2018,0.735451178625226,0.5623972415924072
GROUP_complete,prediction_kd,CY-Bench_wheat_AU|AU-111|2019,0.7051877696067095,0.5390874147415161
GROUP_complete,prediction_kd,CY-Bench_wheat_AU|AU-111|2020,0.6688273344188929,0.2977032661437988
GROUP_complete,prediction_kd,CY-Bench_wheat_AU|AU-111|2021,1.3340476509183643,0.4796329736709595
GROUP_complete,prediction_kd,CY-Bench_wheat_AU|AU-111|2022,2.198102178052068,0.6792299747467041
GROUP_complete,prediction_kd,CY-Bench_wheat_AU|AU-111|2023,0.9849299732595682,-0.4841208457946777
GROUP_complete,prediction_kd,CY-Bench_wheat_AU|AU-123|2001,1.120212210342288,-0.5922449827194214
GROUP_complete,prediction_kd,CY-Bench_wheat_AU|AU-123|2002,0.753821587190032,-0.378606915473938
GROUP_complete,prediction_kd,CY-Bench_wheat_AU|AU-123|2003,1.1802809853106735,0.4300541877746582
GROUP_complete,prediction_kd,CY-Bench_wheat_AU|AU-123|2004,1.1428452637046576,-0.3788685798645019
GROUP_complete,prediction_kd,CY-Bench_wheat_AU|AU-123|2005,1.2666164170950651,-0.4838681869506835
GROUP_complete,prediction_kd,CY-Bench_wheat_AU|AU-123|2006,0.7700354624539614,-0.0851458311080932
GROUP_complete,prediction_kd,CY-Bench_wheat_AU|AU-123|2007,0.9514891039580108,0.3670552968978882
GROUP_complete,prediction_kd,CY-Bench_wheat_AU|AU-123|2008,1.009697863832116,0.4499329328536987
GROUP_complete,prediction_kd,CY-Bench_wheat_AU|AU-123|2009,0.921235727146268,0.2531509399414062
GROUP_complete,prediction_kd,CY-Bench_wheat_AU|AU-123|2010,1.0586533825844526,0.5278481245040894
GROUP_complete,prediction_kd,CY-Bench_wheat_AU|AU-123|2011,0.8991974201053381,-0.528947114944458
GROUP_complete,prediction_kd,CY-Bench_wheat_AU|AU-123|2012,1.0773895252496004,-0.4089107513427734
GROUP_complete,prediction_kd,CY-Bench_wheat_AU|AU-123|2013,1.023842507973313,-0.5004866123199463
GROUP_complete,prediction_kd,CY-Bench_wheat_AU|AU-123|2014,1.0060961488634348,-0.2164369821548462
GROUP_complete,prediction_kd,CY-Bench_wheat_AU|AU-123|2015,0.7666546199470758,-0.4096317291259765
GROUP_complete,prediction_kd,CY-Bench_wheat_AU|AU-123|2016,0.9687815140932798,-0.6570092439651489
GROUP_complete,prediction_kd,CY-Bench_wheat_AU|AU-123|2017,0.9610763285309076,-0.3327189683914184
GROUP_complete,prediction_kd,CY-Bench_wheat_AU|AU-123|2018,1.0654489379376173,-0.237746000289917
GROUP_complete,prediction_kd,CY-Bench_wheat_AU|AU-123|2019,1.0435059573501348,0.3013989925384521
GROUP_complete,prediction_kd,CY-Bench_wheat_AU|AU-123|2020,0.9489721190184356,0.4753843545913696
GROUP_complete,prediction_kd,CY-Bench_wheat_AU|AU-123|2021,1.1113749127835035,-0.6653279066085815
GROUP_complete,prediction_kd,CY-Bench_wheat_AU|AU-123|2022,1.0963201615959406,-0.3013916015625
GROUP_complete,prediction_kd,CY-Bench_wheat_AU|AU-123|2023,0.9442901071161032,-0.4402381181716919
GROUP_complete,prediction_kd,CY-Bench_wheat_AU|AU-222|2001,2.714203789830208,-0.1946029663085937
GROUP_complete,prediction_kd,CY-Bench_wheat_AU|AU-222|2002,2.555904597043991,-0.6387040615081787
GROUP_complete,prediction_kd,CY-Bench_wheat_AU|AU-222|2003,1.83731073141098,0.2728970050811767
GROUP_complete,prediction_kd,CY-Bench_wheat_AU|AU-222|2004,1.8067733757197857,-0.6386187076568604
GROUP_complete,prediction_kd,CY-Bench_wheat_AU|AU-222|2005,1.8143267128616571,0.5479044914245605
GROUP_complete,prediction_kd,CY-Bench_wheat_AU|AU-222|2006,2.2265877136960626,-0.2411040067672729
GROUP_complete,prediction_kd,CY-Bench_wheat_AU|AU-222|2007,2.3565986081957817,0.5818856954574585
GROUP_complete,prediction_kd,CY-Bench_wheat_AU|AU-222|2008,2.1202764064073563,0.6507636308670044
GROUP_complete,prediction_kd,CY-Bench_wheat_AU|AU-222|2009,2.626495474949479,0.8714830875396729
GROUP_complete,prediction_kd,CY-Bench_wheat_AU|AU-222|2010,2.9242123141884804,0.1819672584533691
GROUP_complete,prediction_kd,CY-Bench_wheat_AU|AU-222|2011,1.9986363388597963,-0.9017796516418456
GROUP_complete,prediction_kd,CY-Bench_wheat_AU|AU-222|2012,2.22695068642497,-0.6662437915802002
GROUP_complete,prediction_kd,CY-Bench_wheat_AU|AU-222|2013,1.8920984864234924,-0.3554055461883543
GROUP_complete,prediction_kd,CY-Bench_wheat_AU|AU-222|2014,2.4878625441342592,-0.4490134716033935
GROUP_complete,prediction_kd,CY-Bench_wheat_AU|AU-222|2015,2.5571929570287466,0.650376558303833
GROUP_complete,prediction_kd,CY-Bench_wheat_AU|AU-222|2016,2.8961709626019,-0.0942685604095459
GROUP_complete,prediction_kd,CY-Bench_wheat_AU|AU-222|2017,2.1244955472648144,-0.6635830402374268
GROUP_complete,prediction_kd,CY-Bench_wheat_AU|AU-222|2018,2.3662786465138197,-0.625259518623352
GROUP_complete,prediction_kd,CY-Bench_wheat_AU|AU-222|2019,2.175098780542612,0.5419008731842041
GROUP_complete,prediction_kd,CY-Bench_wheat_AU|AU-222|2020,2.031546898186207,-0.571972131729126
GROUP_complete,prediction_kd,CY-Bench_wheat_AU|AU-222|2021,1.996000450104475,-0.5034580230712891
GROUP_complete,prediction_kd,CY-Bench_wheat_AU|AU-222|2022,2.9267366994172335,-0.7127885780334475
GROUP_complete,prediction_kd,CY-Bench_wheat_AU|AU-222|2023,1.9580593220889568,-0.5645835399627686
GROUP_complete,prediction_kd,CY-Bench_wheat_AU|AU-231|2001,1.683402618393302,-0.7264068126678467
GROUP_complete,prediction_kd,CY-Bench_wheat_AU|AU-231|2002,1.5834135841578243,0.3909351825714111
GROUP_complete,prediction_kd,CY-Bench_wheat_AU|AU-231|2003,1.578431410714984,0.645688533782959
GROUP_complete,prediction_kd,CY-Bench_wheat_AU|AU-231|2004,1.5958973560482264,-0.0489289760589599
GROUP_complete,prediction_kd,CY-Bench_wheat_AU|AU-231|2005,1.6458670813590288,-0.1382452106475833
GROUP_complete,prediction_kd,CY-Bench_wheat_AU|AU-231|2006,1.382812125608325,-0.2483985424041748
GROUP_complete,prediction_kd,CY-Bench_wheat_AU|AU-231|2007,1.650624180212617,-0.0643060207366943
GROUP_complete,prediction_kd,CY-Bench_wheat_AU|AU-231|2008,1.6332630086690187,0.4791450500488281
GROUP_complete,prediction_kd,CY-Bench_wheat_AU|AU-231|2009,2.096730438992381,-0.3697855472564697
GROUP_complete,prediction_kd,CY-Bench_wheat_AU|AU-231|2010,2.13282067514956,-0.22467041015625
GROUP_complete,prediction_kd,CY-Bench_wheat_AU|AU-231|2011,1.779551750048995,-0.751007080078125
GROUP_complete,prediction_kd,CY-Bench_wheat_AU|AU-231|2012,1.6544350888580084,0.2689056301116945
GROUP_complete,prediction_kd,CY-Bench_wheat_AU|AU-231|2013,1.7595555428415537,-0.7324999656677242
GROUP_complete,prediction_kd,CY-Bench_wheat_AU|AU-231|2014,1.8875130619853735,-0.1142635345458984
GROUP_complete,prediction_kd,CY-Bench_wheat_AU|AU-231|2015,1.713717332109809,0.3297543525695801
GROUP_complete,prediction_kd,CY-Bench_wheat_AU|AU-231|2016,1.526271214708686,-0.385235071182251
GROUP_complete,prediction_kd,CY-Bench_wheat_AU|AU-231|2017,2.0751402247697115,0.4707527160644531
GROUP_complete,prediction_kd,CY-Bench_wheat_AU|AU-231|2018,1.6339541878551245,-0.2646989822387695
GROUP_complete,prediction_kd,CY-Bench_wheat_AU|AU-231|2019,1.6040537673979998,0.2626686096191406
GROUP_complete,prediction_kd,CY-Bench_wheat_AU|AU-231|2020,1.78190996684134,0.7772698402404785
GROUP_complete,prediction_kd,CY-Bench_wheat_AU|AU-231|2021,1.6370485443621874,1.0127298831939695
GROUP_complete,prediction_kd,CY-Bench_wheat_AU|AU-231|2022,2.1793194096535444,-0.0034527778625488
GROUP_complete,prediction_kd,CY-Bench_wheat_AU|AU-231|2023,1.8862801548093555,0.222804307937622
GROUP_complete,prediction_kd,CY-Bench_wheat_AU|AU-312|2003,2.273253846913576,-0.2490928173065185
GROUP_complete,prediction_kd,CY-Bench_wheat_AU|AU-312|2009,3.1743862368166447,0.4130053520202636
GROUP_complete,prediction_kd,CY-Bench_wheat_AU|AU-322|2001,1.5218020658940077,0.1024030447006225
GROUP_complete,prediction_kd,CY-Bench_wheat_AU|AU-322|2002,1.5215352708473802,-0.2405204324722292
GROUP_complete,prediction_kd,CY-Bench_wheat_AU|AU-322|2003,1.789352035149932,0.087748646736145
GROUP_complete,prediction_kd,CY-Bench_wheat_AU|AU-322|2004,1.5450821528211236,-0.0549298524856567
GROUP_complete,prediction_kd,CY-Bench_wheat_AU|AU-322|2005,1.5501181660220027,-0.026421308517456
GROUP_complete,prediction_kd,CY-Bench_wheat_AU|AU-322|2006,1.5003551365807652,0.1341161727905273
GROUP_complete,prediction_kd,CY-Bench_wheat_AU|AU-322|2007,1.4245678083971145,0.1594295501708984
GROUP_complete,prediction_kd,CY-Bench_wheat_AU|AU-322|2008,1.533189171925187,0.1548181772232055
GROUP_complete,prediction_kd,CY-Bench_wheat_AU|AU-322|2009,1.6047807289287448,-0.0687905550003051
GROUP_complete,prediction_kd,CY-Bench_wheat_AU|AU-322|2010,2.076734305359423,-0.4216892719268799
GROUP_complete,prediction_kd,CY-Bench_wheat_AU|AU-322|2011,1.4256433565169573,0.172521710395813
GROUP_complete,prediction_kd,CY-Bench_wheat_AU|AU-322|2012,1.4188390914350748,0.138457179069519
GROUP_complete,prediction_kd,CY-Bench_wheat_AU|AU-322|2013,1.5622075223363936,0.1931148767471313
GROUP_complete,prediction_kd,CY-Bench_wheat_AU|AU-322|2014,1.4626805111765862,0.0062639713287353
GROUP_complete,prediction_kd,CY-Bench_wheat_AU|AU-322|2015,1.560288011096418,0.149957537651062
GROUP_complete,prediction_kd,CY-Bench_wheat_AU|AU-322|2016,1.4781129211187365,-0.0582737922668457
GROUP_complete,prediction_kd,CY-Bench_wheat_AU|AU-322|2017,1.7919618403539062,-0.1947977542877197
GROUP_complete,prediction_kd,CY-Bench_wheat_AU|AU-322|2018,1.4567004600539804,0.0751044750213623
GROUP_complete,prediction_kd,CY-Bench_wheat_AU|AU-322|2019,1.809042701497674,-0.2114630937576294
GROUP_complete,prediction_kd,CY-Bench_wheat_AU|AU-322|2020,1.4588365256786346,0.1404522657394409
GROUP_complete,prediction_kd,CY-Bench_wheat_AU|AU-322|2021,1.5653178580105305,-0.0783531665802002
GROUP_complete,prediction_kd,CY-Bench_wheat_AU|AU-322|2022,1.3785645309835672,0.5187076330184937
GROUP_complete,prediction_kd,CY-Bench_wheat_AU|AU-322|2023,1.6360757304355502,-0.2437533140182495
GROUP_complete,prediction_kd,CY-Bench_wheat_AU|AU-331|2001,2.0512901386246085,0.1216449737548828
GROUP_complete,prediction_kd,CY-Bench_wheat_AU|AU-331|2002,2.0479113943874836,0.4447956085205078
GROUP_complete,prediction_kd,CY-Bench_wheat_AU|AU-331|2003,2.118415550328791,0.6520851850509644
GROUP_complete,prediction_kd,CY-Bench_wheat_AU|AU-331|2004,2.0847057793289423,0.0949420928955078
GROUP_complete,prediction_kd,CY-Bench_wheat_AU|AU-331|2005,2.028747158125043,1.2049814462661743
GROUP_complete,prediction_kd,CY-Bench_wheat_AU|AU-331|2006,2.03949152585119,1.1098166704177856
GROUP_complete,prediction_kd,CY-Bench_wheat_AU|AU-331|2007,1.5162811372429132,0.2593569755554199
GROUP_complete,prediction_kd,CY-Bench_wheat_AU|AU-331|2008,1.9803284453228116,0.2810652256011963
GROUP_complete,prediction_kd,CY-Bench_wheat_AU|AU-331|2009,2.316407784819603,0.4829926357269287
GROUP_complete,prediction_kd,CY-Bench_wheat_AU|AU-331|2010,2.023384756408632,0.4342659711837768
GROUP_complete,prediction_kd,CY-Bench_wheat_AU|AU-331|2011,1.7365857027471066,0.3294912576675415
GROUP_complete,prediction_kd,CY-Bench_wheat_AU|AU-331|2012,2.014685107395053,0.093414174079895
GROUP_complete,prediction_kd,CY-Bench_wheat_AU|AU-331|2013,2.51104106195271,-0.7205849885940552
GROUP_complete,prediction_kd,CY-Bench_wheat_AU|AU-331|2014,1.9737603748217225,-0.082252025604248
GROUP_complete,prediction_kd,CY-Bench_wheat_AU|AU-331|2015,2.209170313552022,-0.9661729335784912
GROUP_complete,prediction_kd,CY-Bench_wheat_AU|AU-331|2016,1.644523499533534,0.2752261161804199
GROUP_complete,prediction_kd,CY-Bench_wheat_AU|AU-331|2017,2.166085391305387,0.811917781829834
GROUP_complete,prediction_kd,CY-Bench_wheat_AU|AU-331|2018,2.1039449954405427,0.8592015504837036
GROUP_complete,prediction_kd,CY-Bench_wheat_AU|AU-331|2019,2.101141219958663,0.6855616569519043
GROUP_complete,prediction_kd,CY-Bench_wheat_AU|AU-331|2020,2.1664373129606247,1.1929632425308228
GROUP_complete,prediction_kd,CY-Bench_wheat_AU|AU-331|2021,1.2661536019295454,-0.1166987419128418
GROUP_complete,prediction_kd,CY-Bench_wheat_AU|AU-331|2022,1.4418320376425982,-0.3932857513427734
GROUP_complete,prediction_kd,CY-Bench_wheat_AU|AU-331|2023,2.232925560325384,-1.038022756576538
GROUP_complete,prediction_kd,CY-Bench_wheat_AU|AU-332|2015,1.4578979182988403,-0.585625171661377
GROUP_complete,prediction_kd,CY-Bench_wheat_AU|AU-411|2001,1.9438908956944945,0.0675600767135619
GROUP_complete,prediction_kd,CY-Bench_wheat_AU|AU-411|2002,2.159295253455639,0.2978138923645019
GROUP_complete,prediction_kd,CY-Bench_wheat_AU|AU-411|2003,1.9375555608421564,-0.3727716207504272
GROUP_complete,prediction_kd,CY-Bench_wheat_AU|AU-411|2004,1.9757257420569656,-0.3439105749130249
GROUP_complete,prediction_kd,CY-Bench_wheat_AU|AU-411|2005,1.9991225134581327,-0.1160246133804321
GROUP_complete,prediction_kd,CY-Bench_wheat_AU|AU-411|2006,1.6622903738170862,-0.013628035545349
GROUP_complete,prediction_kd,CY-Bench_wheat_AU|AU-411|2007,1.6648973263800144,-0.7109095454216002
GROUP_complete,prediction_kd,CY-Bench_wheat_AU|AU-411|2008,2.1948363380506635,-0.5146468877792358
GROUP_complete,prediction_kd,CY-Bench_wheat_AU|AU-411|2009,1.455652687698603,0.1756936311721801
GROUP_complete,prediction_kd,CY-Bench_wheat_AU|AU-411|2010,1.9379692692309616,0.0436896085739135
GROUP_complete,prediction_kd,CY-Bench_wheat_AU|AU-411|2011,1.7022248227149248,0.1714581251144409
GROUP_complete,prediction_kd,CY-Bench_wheat_AU|AU-411|2012,2.280203999951482,-0.0848605632781982
GROUP_complete,prediction_kd,CY-Bench_wheat_AU|AU-411|2013,1.55417693965137,-0.6519073529243471
GROUP_complete,prediction_kd,CY-Bench_wheat_AU|AU-411|2014,1.664112562313676,0.6303215026855469
GROUP_complete,prediction_kd,CY-Bench_wheat_AU|AU-411|2015,1.8451507296413183,0.0831798315048217
GROUP_complete,prediction_kd,CY-Bench_wheat_AU|AU-411|2016,2.209479631856084,-0.1863759756088256
GROUP_complete,prediction_kd,CY-Bench_wheat_AU|AU-411|2017,1.799369475804269,0.4982622861862182
GROUP_complete,prediction_kd,CY-Bench_wheat_AU|AU-411|2018,1.999917658045888,-0.1844984292984008
GROUP_complete,prediction_kd,CY-Bench_wheat_AU|AU-411|2019,1.6076228618621826,-0.5459111928939819
GROUP_complete,prediction_kd,CY-Bench_wheat_AU|AU-411|2020,1.9291870817542076,0.0359869003295898
GROUP_complete,prediction_kd,CY-Bench_wheat_AU|AU-411|2021,1.9596823919564488,-0.2335145473480224
GROUP_complete,prediction_kd,CY-Bench_wheat_AU|AU-411|2022,2.083751492202282,0.1763960123062133
GROUP_complete,prediction_kd,CY-Bench_wheat_AU|AU-411|2023,1.6843962538987398,0.7675367593765259
GROUP_complete,prediction_kd,CY-Bench_wheat_AU|AU-421|2001,1.779744773171842,0.3171045780181885
GROUP_complete,prediction_kd,CY-Bench_wheat_AU|AU-421|2002,1.1154880793765187,-0.148473858833313
GROUP_complete,prediction_kd,CY-Bench_wheat_AU|AU-421|2003,1.6941522867418826,0.010094404220581
GROUP_complete,prediction_kd,CY-Bench_wheat_AU|AU-421|2004,1.658901554532349,0.5204448699951172
GROUP_complete,prediction_kd,CY-Bench_wheat_AU|AU-421|2005,1.712529519572854,0.2660245895385742
GROUP_complete,prediction_kd,CY-Bench_wheat_AU|AU-421|2006,0.8316225092858076,-0.003488540649414
GROUP_complete,prediction_kd,CY-Bench_wheat_AU|AU-421|2007,0.8592822942882776,0.0091621875762939
GROUP_complete,prediction_kd,CY-Bench_wheat_AU|AU-421|2008,1.0756146917119622,0.1099551916122436
GROUP_complete,prediction_kd,CY-Bench_wheat_AU|AU-421|2009,1.1922481060028076,0.993493914604187
GROUP_complete,prediction_kd,CY-Bench_wheat_AU|AU-421|2010,1.8850792478770015,0.3240983486175537
GROUP_complete,prediction_kd,CY-Bench_wheat_AU|AU-421|2011,1.7947876388207078,0.5222530364990234
GROUP_complete,prediction_kd,CY-Bench_wheat_AU|AU-421|2012,1.1339547438547015,0.0082321166992187
GROUP_complete,prediction_kd,CY-Bench_wheat_AU|AU-421|2013,1.1526488875970244,0.5498800277709961
GROUP_complete,prediction_kd,CY-Bench_wheat_AU|AU-421|2014,0.8305224012583494,-0.2098853588104248
GROUP_complete,prediction_kd,CY-Bench_wheat_AU|AU-421|2015,0.9056127234362066,-0.1610910892486572
GROUP_complete,prediction_kd,CY-Bench_wheat_AU|AU-421|2016,1.9670475404709575,-0.0811836719512939
GROUP_complete,prediction_kd,CY-Bench_wheat_AU|AU-421|2017,1.6568984035402536,0.2505255489349363
GROUP_complete,prediction_kd,CY-Bench_wheat_AU|AU-421|2018,1.53880948247388,0.6198089122772217
GROUP_complete,prediction_kd,CY-Bench_wheat_AU|AU-421|2019,1.0308234374970198,-0.0174580087661744
GROUP_complete,prediction_kd,CY-Bench_wheat_AU|AU-421|2020,1.4859640141949058,1.0040987730026243
GROUP_complete,prediction_kd,CY-Bench_wheat_AU|AU-421|2021,1.8780155694112184,-0.1805813312530517
GROUP_complete,prediction_kd,CY-Bench_wheat_AU|AU-421|2022,1.701203922741115,0.0821309089660644
GROUP_complete,prediction_kd,CY-Bench_wheat_AU|AU-421|2023,0.9034302867949008,-0.131404161453247
GROUP_complete,prediction_kd,CY-Bench_wheat_AU|AU-422|2001,3.2233824213035405,0.6583834886550903
GROUP_complete,prediction_kd,CY-Bench_wheat_AU|AU-422|2002,2.7653492148965597,0.7053743600845337
GROUP_complete,prediction_kd,CY-Bench_wheat_AU|AU-422|2003,2.625812917482108,-0.27843327999115
GROUP_complete,prediction_kd,CY-Bench_wheat_AU|AU-422|2004,2.707096408121288,0.4165136814117431
GROUP_complete,prediction_kd,CY-Bench_wheat_AU|AU-422|2005,3.2450589328072965,-0.0251522827148438
GROUP_complete,prediction_kd,CY-Bench_wheat_AU|AU-422|2006,2.7393157621845603,0.8623731136322021
GROUP_complete,prediction_kd,CY-Bench_wheat_AU|AU-422|2007,2.727400091011077,0.1263912057876586
GROUP_complete,prediction_kd,CY-Bench_wheat_AU|AU-422|2008,2.6373150926083326,0.1150038948059082
GROUP_complete,prediction_kd,CY-Bench_wheat_AU|AU-422|2009,2.586685317568481,0.4533772687911988
GROUP_complete,prediction_kd,CY-Bench_wheat_AU|AU-422|2010,3.1188183962367475,0.4975460767745971
GROUP_complete,prediction_kd,CY-Bench_wheat_AU|AU-422|2011,2.5518630519509315,0.477878212928772
GROUP_complete,prediction_kd,CY-Bench_wheat_AU|AU-422|2012,2.655422657728195,0.5115904808044434
GROUP_complete,prediction_kd,CY-Bench_wheat_AU|AU-422|2013,2.49944962002337,0.4427807331085205
GROUP_complete,prediction_kd,CY-Bench_wheat_AU|AU-422|2014,2.747422920539975,0.8106262981891632
GROUP_complete,prediction_kd,CY-Bench_wheat_AU|AU-422|2015,2.7013284349814057,0.6801002025604248
GROUP_complete,prediction_kd,CY-Bench_wheat_AU|AU-422|2016,3.3391571417450905,0.2423361539840698
GROUP_complete,prediction_kd,CY-Bench_wheat_AU|AU-422|2017,2.699688021093607,0.5680429935455322
GROUP_complete,prediction_kd,CY-Bench_wheat_AU|AU-422|2018,2.7748557897284627,0.6673433780670166
GROUP_complete,prediction_kd,CY-Bench_wheat_AU|AU-422|2019,2.762212298810482,0.7361639142036438
GROUP_complete,prediction_kd,CY-Bench_wheat_AU|AU-422|2020,2.8522309539839625,0.3411740064620971
GROUP_complete,prediction_kd,CY-Bench_wheat_AU|AU-422|2021,2.888013952411711,0.4478670358657837
GROUP_complete,prediction_kd,CY-Bench_wheat_AU|AU-422|2022,3.327891329303384,0.3613661308288574
GROUP_complete,prediction_kd,CY-Bench_wheat_AU|AU-422|2023,2.6785945664159954,0.7604934573173523
GROUP_complete,prediction_kd,CY-Bench_wheat_AU|AU-431|2001,2.2375346682965755,-0.0498054256439211
GROUP_complete,prediction_kd,CY-Bench_wheat_AU|AU-431|2002,2.295985044911504,-0.6745502352714539
GROUP_complete,prediction_kd,CY-Bench_wheat_AU|AU-431|2003,2.0032935412600636,0.6408169269561768
GROUP_complete,prediction_kd,CY-Bench_wheat_AU|AU-431|2004,2.3580692494288087,-0.7869608998298645
GROUP_complete,prediction_kd,CY-Bench_wheat_AU|AU-431|2005,2.4935667105019093,0.36196777820587167
GROUP_complete,prediction_kd,CY-Bench_wheat_AU|AU-431|2006,1.9752387385815382,-0.24360889196395877
GROUP_complete,prediction_kd,CY-Bench_wheat_AU|AU-431|2007,2.3315147599205375,0.7580252289772033
GROUP_complete,prediction_kd,CY-Bench_wheat_AU|AU-431|2008,2.407877660356462,0.7033135890960693
GROUP_complete,prediction_kd,CY-Bench_wheat_AU|AU-431|2009,2.4168085837736726,0.3817858219146728
GROUP_complete,prediction_kd,CY-Bench_wheat_AU|AU-431|2010,2.330063223838806,0.678164839744568
GROUP_complete,prediction_kd,CY-Bench_wheat_AU|AU-431|2011,2.5799065390601754,-0.4398426451683046
GROUP_complete,prediction_kd,CY-Bench_wheat_AU|AU-431|2012,2.3052537767216563,-0.5512206325531004
GROUP_complete,prediction_kd,CY-Bench_wheat_AU|AU-431|2013,2.647670869715512,-0.3652045011520384
GROUP_complete,prediction_kd,CY-Bench_wheat_AU|AU-431|2014,2.2740380987524986,-0.49969059228897095
GROUP_complete,prediction_kd,CY-Bench_wheat_AU|AU-431|2015,2.457685351371765,-0.2932989664077761
GROUP_complete,prediction_kd,CY-Bench_wheat_AU|AU-431|2016,2.2617405503988266,0.4726526737213135
GROUP_complete,prediction_kd,CY-Bench_wheat_AU|AU-431|2017,2.4580011162906885,-0.7868643403053284
GROUP_complete,prediction_kd,CY-Bench_wheat_AU|AU-431|2018,2.389436292462051,-0.6612711548805237
GROUP_complete,prediction_kd,CY-Bench_wheat_AU|AU-431|2019,2.1719679152593017,-0.6810999512672423
GROUP_complete,prediction_kd,CY-Bench_wheat_AU|AU-431|2020,2.483144293539226,-0.6847718954086304
GROUP_complete,prediction_kd,CY-Bench_wheat_AU|AU-431|2021,2.374781407415867,-0.8525497913360596
GROUP_complete,prediction_kd,CY-Bench_wheat_AU|AU-431|2022,2.7747495528310537,-0.3085328340530395
GROUP_complete,prediction_kd,CY-Bench_wheat_AU|AU-431|2023,2.286877380684018,-0.8289653658866882
GROUP_complete,prediction_kd,CY-Bench_wheat_AU|AU-521|2001,1.9909930024296043,0.1866977214813232
GROUP_complete,prediction_kd,CY-Bench_wheat_AU|AU-521|2002,0.7070265570655465,-0.0200315713882446
GROUP_complete,prediction_kd,CY-Bench_wheat_AU|AU-521|2003,1.7427828488871455,0.0823571681976318
GROUP_complete,prediction_kd,CY-Bench_wheat_AU|AU-521|2004,1.260074076242745,0.0422699451446533
GROUP_complete,prediction_kd,CY-Bench_wheat_AU|AU-521|2005,1.4263628339394927,0.1828968524932861
GROUP_complete,prediction_kd,CY-Bench_wheat_AU|AU-521|2006,0.5645538135431707,0.0277183055877685
GROUP_complete,prediction_kd,CY-Bench_wheat_AU|AU-521|2007,0.7433037776499987,0.0372531414031982
GROUP_complete,prediction_kd,CY-Bench_wheat_AU|AU-521|2008,1.7053096750751138,0.2686307430267334
GROUP_complete,prediction_kd,CY-Bench_wheat_AU|AU-521|2009,1.3297746442258358,-0.0684068202972412
GROUP_complete,prediction_kd,CY-Bench_wheat_AU|AU-521|2010,0.7323472385760397,0.0117877721786499
GROUP_complete,prediction_kd,CY-Bench_wheat_AU|AU-521|2011,1.5932621899992228,0.2192952632904052
GROUP_complete,prediction_kd,CY-Bench_wheat_AU|AU-521|2012,0.7380897188559175,-0.1655160188674926
GROUP_complete,prediction_kd,CY-Bench_wheat_AU|AU-521|2013,1.1961278431117537,0.1318800449371338
GROUP_complete,prediction_kd,CY-Bench_wheat_AU|AU-521|2014,1.1602343055419624,-0.1820452213287353
GROUP_complete,prediction_kd,CY-Bench_wheat_AU|AU-521|2015,1.1924329418689013,0.2795902261734007
GROUP_complete,prediction_kd,CY-Bench_wheat_AU|AU-521|2016,1.0122890379279852,-0.0298624401092526
GROUP_complete,prediction_kd,CY-Bench_wheat_AU|AU-521|2017,1.196464824024588,0.0888457298278808
GROUP_complete,prediction_kd,CY-Bench_wheat_AU|AU-521|2018,1.740863272920251,0.0397851467132568
GROUP_complete,prediction_kd,CY-Bench_wheat_AU|AU-521|2019,0.7873899810947478,-0.455119252204895
GROUP_complete,prediction_kd,CY-Bench_wheat_AU|AU-521|2020,0.7524039447307587,-0.0222017765045166
GROUP_complete,prediction_kd,CY-Bench_wheat_AU|AU-521|2021,1.6653540888801217,-0.0382027626037597
GROUP_complete,prediction_kd,CY-Bench_wheat_AU|AU-521|2022,1.7806288013234737,-0.1402552127838134
GROUP_complete,prediction_kd,CY-Bench_wheat_AU|AU-521|2023,0.6615714719519019,0.0599883794784545
GROUP_complete,prediction_kd,CY-Bench_wheat_AU|AU-522|2001,4.840487642213702,3.2693428993225098
GROUP_complete,prediction_kd,CY-Bench_wheat_AU|AU-522|2002,3.815185759216547,2.56714928150177
GROUP_complete,prediction_kd,CY-Bench_wheat_AU|AU-522|2003,5.672483488917351,5.075437545776367
GROUP_complete,prediction_kd,CY-Bench_wheat_AU|AU-522|2004,5.344229411333799,4.7777509689331055
GROUP_complete,prediction_kd,CY-Bench_wheat_AU|AU-522|2005,4.640990499407053,3.5546286106109615
GROUP_complete,prediction_kd,CY-Bench_wheat_AU|AU-522|2006,2.971280863508582,0.8933360576629639
GROUP_complete,prediction_kd,CY-Bench_wheat_AU|AU-522|2007,3.41544627584517,1.25282621383667
GROUP_complete,prediction_kd,CY-Bench_wheat_AU|AU-522|2008,5.6966440957039595,4.965277671813965
GROUP_complete,prediction_kd,CY-Bench_wheat_AU|AU-522|2009,5.7332496382296085,4.610714912414551
GROUP_complete,prediction_kd,CY-Bench_wheat_AU|AU-522|2010,3.5962405893951654,2.949208378791809
GROUP_complete,prediction_kd,CY-Bench_wheat_AU|AU-522|2011,4.750930109992623,2.0004448890686035
GROUP_complete,prediction_kd,CY-Bench_wheat_AU|AU-522|2012,4.104423679411411,2.130998373031616
GROUP_complete,prediction_kd,CY-Bench_wheat_AU|AU-522|2013,4.323657296597958,2.2047297954559326
GROUP_complete,prediction_kd,CY-Bench_wheat_AU|AU-522|2014,2.4279118813574314,0.1081514358520507
GROUP_complete,prediction_kd,CY-Bench_wheat_AU|AU-522|2015,1.9815699122846129,0.0119569301605224
GROUP_complete,prediction_kd,CY-Bench_wheat_AU|AU-522|2016,3.409927634522319,2.602555751800537
GROUP_complete,prediction_kd,CY-Bench_wheat_AU|AU-522|2017,4.086715847253799,2.202112197875977
GROUP_complete,prediction_kd,CY-Bench_wheat_AU|AU-522|2018,5.5060900785028934,3.8678834438323975
GROUP_complete,prediction_kd,CY-Bench_wheat_AU|AU-522|2019,1.956948947161436,0.2724724769592286
GROUP_complete,prediction_kd,CY-Bench_wheat_AU|AU-522|2020,3.542889643460512,1.2650678157806396
GROUP_complete,prediction_kd,CY-Bench_wheat_AU|AU-522|2021,5.498864885419607,4.993932008743286
GROUP_complete,prediction_kd,CY-Bench_wheat_AU|AU-522|2022,5.895799495279789,4.875943899154663
GROUP_complete,prediction_kd,CY-Bench_wheat_AU|AU-522|2023,2.169474338181317,-0.3895223140716553
GROUP_complete,representation_kd,CY-Bench_wheat_AU|AU-111|2001,1.4757818933576343,0.4377363376617431
GROUP_complete,representation_kd,CY-Bench_wheat_AU|AU-111|2002,1.2606595437973738,0.7206597328186035
GROUP_complete,representation_kd,CY-Bench_wheat_AU|AU-111|2003,1.3696932923048737,0.8113293647766113
GROUP_complete,representation_kd,CY-Bench_wheat_AU|AU-111|2004,1.118630012497306,0.8383841514587402
GROUP_complete,representation_kd,CY-Bench_wheat_AU|AU-111|2005,1.2913363855332136,0.6564512252807619
GROUP_complete,representation_kd,CY-Bench_wheat_AU|AU-111|2006,1.1269071903079748,0.7533368682861328
GROUP_complete,representation_kd,CY-Bench_wheat_AU|AU-111|2007,1.041084883734584,0.833715558052063
GROUP_complete,representation_kd,CY-Bench_wheat_AU|AU-111|2008,1.155606059357524,0.8357446193695068
GROUP_complete,representation_kd,CY-Bench_wheat_AU|AU-111|2009,1.0744005125015974,0.5875489711761475
GROUP_complete,representation_kd,CY-Bench_wheat_AU|AU-111|2010,2.196477634832263,0.4536898136138916
GROUP_complete,representation_kd,CY-Bench_wheat_AU|AU-111|2011,1.0956053975969553,0.4441150016784672
GROUP_complete,representation_kd,CY-Bench_wheat_AU|AU-111|2012,1.1540234480053186,0.5380693969726562
GROUP_complete,representation_kd,CY-Bench_wheat_AU|AU-111|2013,1.1449314411729574,0.7900389432907104
GROUP_complete,representation_kd,CY-Bench_wheat_AU|AU-111|2014,1.012425245717168,0.8225888013839722
GROUP_complete,representation_kd,CY-Bench_wheat_AU|AU-111|2015,1.0547496397048235,0.874931812286377
GROUP_complete,representation_kd,CY-Bench_wheat_AU|AU-111|2016,1.4075836036354303,0.4865061044692993
GROUP_complete,representation_kd,CY-Bench_wheat_AU|AU-111|2017,1.0049233678728342,0.5360924873352051
GROUP_complete,representation_kd,CY-Bench_wheat_AU|AU-111|2018,1.0845491122454405,0.8123104572296143
GROUP_complete,representation_kd,CY-Bench_wheat_AU|AU-111|2019,1.1836056653410196,0.7755876779556274
GROUP_complete,representation_kd,CY-Bench_wheat_AU|AU-111|2020,0.9981514792889356,0.5327894687652588
GROUP_complete,representation_kd,CY-Bench_wheat_AU|AU-111|2021,1.330193979665637,0.5275095701217651
GROUP_complete,representation_kd,CY-Bench_wheat_AU|AU-111|2022,2.2014031317085028,0.8272583484649658
GROUP_complete,representation_kd,CY-Bench_wheat_AU|AU-111|2023,0.9878960903733968,-0.9119594097137452
GROUP_complete,representation_kd,CY-Bench_wheat_AU|AU-123|2001,1.4916678164154291,-0.5157785415649414
GROUP_complete,representation_kd,CY-Bench_wheat_AU|AU-123|2002,0.6144449207931757,-0.4291096925735473
GROUP_complete,representation_kd,CY-Bench_wheat_AU|AU-123|2003,1.7572827842086554,0.589580774307251
GROUP_complete,representation_kd,CY-Bench_wheat_AU|AU-123|2004,1.5504444222897291,-0.5511569976806641
GROUP_complete,representation_kd,CY-Bench_wheat_AU|AU-123|2005,1.8066434543579817,-0.3371940307617187
GROUP_complete,representation_kd,CY-Bench_wheat_AU|AU-123|2006,0.4877179767936468,-0.3781945705413818
GROUP_complete,representation_kd,CY-Bench_wheat_AU|AU-123|2007,0.7560578305274248,0.6009632349014282
GROUP_complete,representation_kd,CY-Bench_wheat_AU|AU-123|2008,1.0490257870405912,0.5403223037719727
GROUP_complete,representation_kd,CY-Bench_wheat_AU|AU-123|2009,0.6899380628019571,0.44827401638031
GROUP_complete,representation_kd,CY-Bench_wheat_AU|AU-123|2010,1.693255526944995,0.3455525636672973
GROUP_complete,representation_kd,CY-Bench_wheat_AU|AU-123|2011,1.1214211415499449,-0.6851184368133545
GROUP_complete,representation_kd,CY-Bench_wheat_AU|AU-123|2012,0.9600571375340224,-0.4924980401992798
GROUP_complete,representation_kd,CY-Bench_wheat_AU|AU-123|2013,0.9318186733871698,-0.577845573425293
GROUP_complete,representation_kd,CY-Bench_wheat_AU|AU-123|2014,0.539648799225688,-0.5211056470870972
GROUP_complete,representation_kd,CY-Bench_wheat_AU|AU-123|2015,0.8243564832955599,-0.6427385807037354
GROUP_complete,representation_kd,CY-Bench_wheat_AU|AU-123|2016,1.6108278390020132,-0.7083491086959839
GROUP_complete,representation_kd,CY-Bench_wheat_AU|AU-123|2017,0.8613480944186449,-0.5123083591461182
GROUP_complete,representation_kd,CY-Bench_wheat_AU|AU-123|2018,0.6617838013917208,-0.390557050704956
GROUP_complete,representation_kd,CY-Bench_wheat_AU|AU-123|2019,0.7296520452946424,0.3740642070770263
GROUP_complete,representation_kd,CY-Bench_wheat_AU|AU-123|2020,1.222187640145421,0.6579675674438475
GROUP_complete,representation_kd,CY-Bench_wheat_AU|AU-123|2021,1.8306507300585508,-0.5686167478561401
GROUP_complete,representation_kd,CY-Bench_wheat_AU|AU-123|2022,1.9074861612170937,-0.1353123188018798
GROUP_complete,representation_kd,CY-Bench_wheat_AU|AU-123|2023,0.7789915967732668,-0.6764864921569824
GROUP_complete,representation_kd,CY-Bench_wheat_AU|AU-222|2001,2.319709774106741,-0.1968123149871825
GROUP_complete,representation_kd,CY-Bench_wheat_AU|AU-222|2002,1.666133126243949,-0.5162818431854248
GROUP_complete,representation_kd,CY-Bench_wheat_AU|AU-222|2003,2.2200905326753855,0.33984375
GROUP_complete,representation_kd,CY-Bench_wheat_AU|AU-222|2004,1.9269565884023905,-0.5942353744506832
GROUP_complete,representation_kd,CY-Bench_wheat_AU|AU-222|2005,2.216874649748206,0.3552701473236084
GROUP_complete,representation_kd,CY-Bench_wheat_AU|AU-222|2006,1.275472404435277,-0.0951603651046752
GROUP_complete,representation_kd,CY-Bench_wheat_AU|AU-222|2007,1.4815595094114542,0.3717447519302368
GROUP_complete,representation_kd,CY-Bench_wheat_AU|AU-222|2008,1.7806692142039535,0.6835178136825562
GROUP_complete,representation_kd,CY-Bench_wheat_AU|AU-222|2009,1.9670739974826577,0.93220853805542
GROUP_complete,representation_kd,CY-Bench_wheat_AU|AU-222|2010,2.264340279623866,-0.008646011352539
GROUP_complete,representation_kd,CY-Bench_wheat_AU|AU-222|2011,1.8987977374345064,-0.7857749462127686
GROUP_complete,representation_kd,CY-Bench_wheat_AU|AU-222|2012,1.6960007641464472,-0.5463025569915771
GROUP_complete,representation_kd,CY-Bench_wheat_AU|AU-222|2013,2.1062409691512585,-0.4072155723571775
GROUP_complete,representation_kd,CY-Bench_wheat_AU|AU-222|2014,1.5091148614883425,-0.3525824546813965
GROUP_complete,representation_kd,CY-Bench_wheat_AU|AU-222|2015,1.6383688393980265,0.5322282314300537
GROUP_complete,representation_kd,CY-Bench_wheat_AU|AU-222|2016,2.6392371132969856,0.0082221031188964
GROUP_complete,representation_kd,CY-Bench_wheat_AU|AU-222|2017,1.944519069045782,-0.8263182640075684
GROUP_complete,representation_kd,CY-Bench_wheat_AU|AU-222|2018,1.844368798658252,-0.784293532371521
GROUP_complete,representation_kd,CY-Bench_wheat_AU|AU-222|2019,1.859980657696724,0.6852843761444092
GROUP_complete,representation_kd,CY-Bench_wheat_AU|AU-222|2020,1.947709256783128,-0.8330690860748291
GROUP_complete,representation_kd,CY-Bench_wheat_AU|AU-222|2021,2.24718801304698,-0.6114208698272705
GROUP_complete,representation_kd,CY-Bench_wheat_AU|AU-222|2022,1.412443770095706,-0.8149070739746094
GROUP_complete,representation_kd,CY-Bench_wheat_AU|AU-222|2023,1.673255242407322,-0.1912994384765625
GROUP_complete,representation_kd,CY-Bench_wheat_AU|AU-231|2001,3.095839710906148,-1.1068235549926762
GROUP_complete,representation_kd,CY-Bench_wheat_AU|AU-231|2002,2.4592100139707327,0.6346004009246826
GROUP_complete,representation_kd,CY-Bench_wheat_AU|AU-231|2003,2.409862441942096,1.2292022705078125
GROUP_complete,representation_kd,CY-Bench_wheat_AU|AU-231|2004,2.9160404596477747,0.7142899036407471
GROUP_complete,representation_kd,CY-Bench_wheat_AU|AU-231|2005,2.5676199812442064,0.3473295116424557
GROUP_complete,representation_kd,CY-Bench_wheat_AU|AU-231|2006,2.259863195940852,-0.2056114673614502
GROUP_complete,representation_kd,CY-Bench_wheat_AU|AU-231|2007,2.3207163345068693,-0.3568007946014404
GROUP_complete,representation_kd,CY-Bench_wheat_AU|AU-231|2008,2.5652061123400927,0.7356688976287842
GROUP_complete,representation_kd,CY-Bench_wheat_AU|AU-231|2009,2.6734330412000418,-0.7350883483886719
GROUP_complete,representation_kd,CY-Bench_wheat_AU|AU-231|2010,2.459760183468461,-1.3484693851470944
GROUP_complete,representation_kd,CY-Bench_wheat_AU|AU-231|2011,2.3927351627498865,-0.7330293197631832
GROUP_complete,representation_kd,CY-Bench_wheat_AU|AU-231|2012,2.4169197287410498,0.5629899406433108
GROUP_complete,representation_kd,CY-Bench_wheat_AU|AU-231|2013,2.970238419249654,0.2264913234710697
GROUP_complete,representation_kd,CY-Bench_wheat_AU|AU-231|2014,2.410966059193015,0.0965287685394287
GROUP_complete,representation_kd,CY-Bench_wheat_AU|AU-231|2015,2.4313834700733423,0.6986417770385742
GROUP_complete,representation_kd,CY-Bench_wheat_AU|AU-231|2016,2.2154835145920515,-1.371634006500244
GROUP_complete,representation_kd,CY-Bench_wheat_AU|AU-231|2017,2.4989574272185564,1.0261366367340088
GROUP_complete,representation_kd,CY-Bench_wheat_AU|AU-231|2018,2.468785373494029,-0.4040628376007076
GROUP_complete,representation_kd,CY-Bench_wheat_AU|AU-231|2019,2.3857986386865377,0.6896905899047852
GROUP_complete,representation_kd,CY-Bench_wheat_AU|AU-231|2020,2.705100202932954,1.48866868019104
GROUP_complete,representation_kd,CY-Bench_wheat_AU|AU-231|2021,2.877125533297658,1.848315715789795
GROUP_complete,representation_kd,CY-Bench_wheat_AU|AU-231|2022,2.433738673105836,1.2707023048400874
GROUP_complete,representation_kd,CY-Bench_wheat_AU|AU-231|2023,2.211659135296941,0.43190598487854
GROUP_complete,representation_kd,CY-Bench_wheat_AU|AU-312|2003,1.9953868705779312,0.139219045639038
GROUP_complete,representation_kd,CY-Bench_wheat_AU|AU-312|2009,2.145372310653329,1.0190598964691162
GROUP_complete,representation_kd,CY-Bench_wheat_AU|AU-322|2001,1.2105574384331703,0.271232008934021
GROUP_complete,representation_kd,CY-Bench_wheat_AU|AU-322|2002,0.8700298815965652,0.1593421697616577
GROUP_complete,representation_kd,CY-Bench_wheat_AU|AU-322|2003,1.2265593484044075,0.1604458093643188
GROUP_complete,representation_kd,CY-Bench_wheat_AU|AU-322|2004,1.1359658911824226,0.1122694015502929
GROUP_complete,representation_kd,CY-Bench_wheat_AU|AU-322|2005,1.3832394778728485,0.034319519996643
GROUP_complete,representation_kd,CY-Bench_wheat_AU|AU-322|2006,1.0481520034372809,0.2681820392608642
GROUP_complete,representation_kd,CY-Bench_wheat_AU|AU-322|2007,1.404180008918047,0.3555519580841064
GROUP_complete,representation_kd,CY-Bench_wheat_AU|AU-322|2008,1.3594209663569927,0.2804807424545288
GROUP_complete,representation_kd,CY-Bench_wheat_AU|AU-322|2009,0.9870868884027004,0.0159310712814328
GROUP_complete,representation_kd,CY-Bench_wheat_AU|AU-322|2010,2.0448770970106125,-0.0384933948516845
GROUP_complete,representation_kd,CY-Bench_wheat_AU|AU-322|2011,1.3133489787578585,0.3149362802505493
GROUP_complete,representation_kd,CY-Bench_wheat_AU|AU-322|2012,1.037214420735836,-0.3265770673751831
GROUP_complete,representation_kd,CY-Bench_wheat_AU|AU-322|2013,0.9652747251093388,-0.3683178424835205
GROUP_complete,representation_kd,CY-Bench_wheat_AU|AU-322|2014,1.0629730448126793,0.4086891412734985
GROUP_complete,representation_kd,CY-Bench_wheat_AU|AU-322|2015,1.283019743859768,-0.2433288097381591
GROUP_complete,representation_kd,CY-Bench_wheat_AU|AU-322|2016,1.4098893739283085,-0.2020450611114501
GROUP_complete,representation_kd,CY-Bench_wheat_AU|AU-322|2017,1.1594632677733898,0.0912947654724121
GROUP_complete,representation_kd,CY-Bench_wheat_AU|AU-322|2018,1.081112165004015,0.0169204473495483
GROUP_complete,representation_kd,CY-Bench_wheat_AU|AU-322|2019,1.1108898669481275,0.3624413013458252
GROUP_complete,representation_kd,CY-Bench_wheat_AU|AU-322|2020,1.126372680068016,-0.01308274269104
GROUP_complete,representation_kd,CY-Bench_wheat_AU|AU-322|2021,1.4440971352159977,-0.0657473526000975
GROUP_complete,representation_kd,CY-Bench_wheat_AU|AU-322|2022,1.1754284538328648,-0.3064446449279785
GROUP_complete,representation_kd,CY-Bench_wheat_AU|AU-322|2023,1.1268366649746897,-0.2497464418411255
GROUP_complete,representation_kd,CY-Bench_wheat_AU|AU-331|2001,1.0605083778500557,-0.0975410938262939
GROUP_complete,representation_kd,CY-Bench_wheat_AU|AU-331|2002,1.1763358674943447,0.6481130123138428
GROUP_complete,representation_kd,CY-Bench_wheat_AU|AU-331|2003,1.085939671844244,-0.1102174520492553
GROUP_complete,representation_kd,CY-Bench_wheat_AU|AU-331|2004,1.1438981927931309,-0.1013343334197998
GROUP_complete,representation_kd,CY-Bench_wheat_AU|AU-331|2005,1.182395976036787,0.014085054397583
GROUP_complete,representation_kd,CY-Bench_wheat_AU|AU-331|2006,1.1005828641355038,-0.172392725944519
GROUP_complete,representation_kd,CY-Bench_wheat_AU|AU-331|2007,1.3416313044726849,0.0164061784744262
GROUP_complete,representation_kd,CY-Bench_wheat_AU|AU-331|2008,1.1878483332693577,-0.1474906206130981
GROUP_complete,representation_kd,CY-Bench_wheat_AU|AU-331|2009,1.1950165331363678,0.0723767147064209
GROUP_complete,representation_kd,CY-Bench_wheat_AU|AU-331|2010,1.9512534253299236,0.8082528114318848
GROUP_complete,representation_kd,CY-Bench_wheat_AU|AU-331|2011,0.9584149345755576,-0.2952070236206054
GROUP_complete,representation_kd,CY-Bench_wheat_AU|AU-331|2012,1.220127139240503,0.2681633234024048
GROUP_complete,representation_kd,CY-Bench_wheat_AU|AU-331|2013,1.0486696735024452,-0.3571218252182007
GROUP_complete,representation_kd,CY-Bench_wheat_AU|AU-331|2014,1.1114005073904991,0.0829509496688842
GROUP_complete,representation_kd,CY-Bench_wheat_AU|AU-331|2015,1.0375103689730167,0.1456060409545898
GROUP_complete,representation_kd,CY-Bench_wheat_AU|AU-331|2016,1.3554255738854408,0.0067217350006103
GROUP_complete,representation_kd,CY-Bench_wheat_AU|AU-331|2017,1.1406936012208462,0.1445029973983764
GROUP_complete,representation_kd,CY-Bench_wheat_AU|AU-331|2018,1.2644649893045423,0.2243129014968872
GROUP_complete,representation_kd,CY-Bench_wheat_AU|AU-331|2019,1.1596181876957417,0.3471472263336181
GROUP_complete,representation_kd,CY-Bench_wheat_AU|AU-331|2020,1.0188454538583755,0.0448518991470336
GROUP_complete,representation_kd,CY-Bench_wheat_AU|AU-331|2021,1.3967506662011149,0.1375668048858642
GROUP_complete,representation_kd,CY-Bench_wheat_AU|AU-331|2022,1.2850718200206757,-0.4901630878448486
GROUP_complete,representation_kd,CY-Bench_wheat_AU|AU-331|2023,1.0278655961155891,0.1283075809478759
GROUP_complete,representation_kd,CY-Bench_wheat_AU|AU-332|2015,4.106742268428206,2.15814208984375
GROUP_complete,representation_kd,CY-Bench_wheat_AU|AU-411|2001,1.5912325512617826,0.6830900907516478
GROUP_complete,representation_kd,CY-Bench_wheat_AU|AU-411|2002,0.7407387625426054,-0.0546863079071044
GROUP_complete,representation_kd,CY-Bench_wheat_AU|AU-411|2003,1.1587608363479376,0.0152626037597656
GROUP_complete,representation_kd,CY-Bench_wheat_AU|AU-411|2004,1.1974874678999186,0.0607626438140869
GROUP_complete,representation_kd,CY-Bench_wheat_AU|AU-411|2005,1.3031305689364672,0.5195498466491698
GROUP_complete,representation_kd,CY-Bench_wheat_AU|AU-411|2006,0.7571900356560946,0.1289997100830078
GROUP_complete,representation_kd,CY-Bench_wheat_AU|AU-411|2007,0.7655717823654413,0.2363320589065551
GROUP_complete,representation_kd,CY-Bench_wheat_AU|AU-411|2008,1.054164046421647,-0.0304828882217407
GROUP_complete,representation_kd,CY-Bench_wheat_AU|AU-411|2009,0.960578627884388,0.4466884136199951
GROUP_complete,representation_kd,CY-Bench_wheat_AU|AU-411|2010,1.7635368835180998,0.8196266889572144
GROUP_complete,representation_kd,CY-Bench_wheat_AU|AU-411|2011,1.0511232819408178,0.1312829685211181
GROUP_complete,representation_kd,CY-Bench_wheat_AU|AU-411|2012,0.8218176309019327,0.0233179330825805
GROUP_complete,representation_kd,CY-Bench_wheat_AU|AU-411|2013,0.7147382814437151,0.1843745708465576
GROUP_complete,representation_kd,CY-Bench_wheat_AU|AU-411|2014,0.8005756083875895,-0.1583987932205199
GROUP_complete,representation_kd,CY-Bench_wheat_AU|AU-411|2015,1.036567660048604,-0.1218993082046506
GROUP_complete,representation_kd,CY-Bench_wheat_AU|AU-411|2016,1.3804805483669045,0.3207409381866455
GROUP_complete,representation_kd,CY-Bench_wheat_AU|AU-411|2017,0.8166057001799345,0.0344451799392699
GROUP_complete,representation_kd,CY-Bench_wheat_AU|AU-411|2018,0.8986733611673117,0.1549963951110838
GROUP_complete,representation_kd,CY-Bench_wheat_AU|AU-411|2019,0.8114150408655405,0.2644877433776854
GROUP_complete,representation_kd,CY-Bench_wheat_AU|AU-411|2020,1.1577340494841335,0.3324577808380127
GROUP_complete,representation_kd,CY-Bench_wheat_AU|AU-411|2021,1.2009285669773817,0.2795836925506592
GROUP_complete,representation_kd,CY-Bench_wheat_AU|AU-411|2022,1.8413661941885948,0.9401443004608154
GROUP_complete,representation_kd,CY-Bench_wheat_AU|AU-411|2023,0.7599019054323435,-0.0698437690734863
GROUP_complete,representation_kd,CY-Bench_wheat_AU|AU-421|2001,0.9987826757133008,0.2614526748657226
GROUP_complete,representation_kd,CY-Bench_wheat_AU|AU-421|2002,0.6954758502542973,-0.0800468196868893
GROUP_complete,representation_kd,CY-Bench_wheat_AU|AU-421|2003,0.6528356932103634,0.5600926876068115
GROUP_complete,representation_kd,CY-Bench_wheat_AU|AU-421|2004,0.658314410597086,0.2353630065917968
GROUP_complete,representation_kd,CY-Bench_wheat_AU|AU-421|2005,0.6189484521746635,0.4311223030090332
GROUP_complete,representation_kd,CY-Bench_wheat_AU|AU-421|2006,0.2544094510376453,0.2110480070114135
GROUP_complete,representation_kd,CY-Bench_wheat_AU|AU-421|2007,0.586748942732811,0.4879714250564575
GROUP_complete,representation_kd,CY-Bench_wheat_AU|AU-421|2008,0.6034723371267319,0.3602825403213501
GROUP_complete,representation_kd,CY-Bench_wheat_AU|AU-421|2009,0.73447310552001,0.7493225336074829
GROUP_complete,representation_kd,CY-Bench_wheat_AU|AU-421|2010,1.638515952974558,0.576934814453125
GROUP_complete,representation_kd,CY-Bench_wheat_AU|AU-421|2011,0.7857551611959934,0.0934414863586425
GROUP_complete,representation_kd,CY-Bench_wheat_AU|AU-421|2012,1.118397019803524,0.6204151220321656
GROUP_complete,representation_kd,CY-Bench_wheat_AU|AU-421|2013,0.7331223227083683,0.656134843826294
GROUP_complete,representation_kd,CY-Bench_wheat_AU|AU-421|2014,0.7993337623775005,-0.1596455259323121
GROUP_complete,representation_kd,CY-Bench_wheat_AU|AU-421|2015,0.5673632808029652,-0.1241830987930301
GROUP_complete,representation_kd,CY-Bench_wheat_AU|AU-421|2016,1.023221094161272,-0.1269629001617431
GROUP_complete,representation_kd,CY-Bench_wheat_AU|AU-421|2017,0.6650853492319584,-0.2022544593811037
GROUP_complete,representation_kd,CY-Bench_wheat_AU|AU-421|2018,0.7330944165587425,0.5743255615234375
GROUP_complete,representation_kd,CY-Bench_wheat_AU|AU-421|2019,1.0102850198745728,0.8392188081741332
GROUP_complete,representation_kd,CY-Bench_wheat_AU|AU-421|2020,0.7033003345131874,0.5941437482833862
GROUP_complete,representation_kd,CY-Bench_wheat_AU|AU-421|2021,0.7039624415338039,0.4426271915435791
GROUP_complete,representation_kd,CY-Bench_wheat_AU|AU-421|2022,1.6335530169308186,0.3039495944976806
GROUP_complete,representation_kd,CY-Bench_wheat_AU|AU-421|2023,0.6189976893365383,-0.4662864208221435
GROUP_complete,representation_kd,CY-Bench_wheat_AU|AU-422|2001,1.3465652763843536,0.3178845643997192
GROUP_complete,representation_kd,CY-Bench_wheat_AU|AU-422|2002,0.6266175899654627,0.1972583532333374
GROUP_complete,representation_kd,CY-Bench_wheat_AU|AU-422|2003,1.0898661501705649,-0.3516089487075806
GROUP_complete,representation_kd,CY-Bench_wheat_AU|AU-422|2004,1.1395228765904903,0.3647732734680176
GROUP_complete,representation_kd,CY-Bench_wheat_AU|AU-422|2005,1.2586679197847843,-0.0129051208496093
GROUP_complete,representation_kd,CY-Bench_wheat_AU|AU-422|2006,0.6615211479365826,0.2070844173431396
GROUP_complete,representation_kd,CY-Bench_wheat_AU|AU-422|2007,0.633397925645113,-0.2368593215942382
GROUP_complete,representation_kd,CY-Bench_wheat_AU|AU-422|2008,0.9099959824234248,0.0797713508605957
GROUP_complete,representation_kd,CY-Bench_wheat_AU|AU-422|2009,0.8555086180567741,-0.0911754150390624
GROUP_complete,representation_kd,CY-Bench_wheat_AU|AU-422|2010,1.3416992034763098,0.4060860872268677
GROUP_complete,representation_kd,CY-Bench_wheat_AU|AU-422|2011,0.6940392851829529,0.3023042678833008
GROUP_complete,representation_kd,CY-Bench_wheat_AU|AU-422|2012,0.884196013212204,0.3986144065856933
GROUP_complete,representation_kd,CY-Bench_wheat_AU|AU-422|2013,0.6996379904448986,0.3081597089767456
GROUP_complete,representation_kd,CY-Bench_wheat_AU|AU-422|2014,0.5149679146707058,0.2065464258193969
GROUP_complete,representation_kd,CY-Bench_wheat_AU|AU-422|2015,0.7489960044622421,0.2077233791351318
GROUP_complete,representation_kd,CY-Bench_wheat_AU|AU-422|2016,1.282970143482089,0.4110342264175415
GROUP_complete,representation_kd,CY-Bench_wheat_AU|AU-422|2017,0.7536638453602791,0.19186532497406
GROUP_complete,representation_kd,CY-Bench_wheat_AU|AU-422|2018,0.6527593657374382,0.1687110662460327
GROUP_complete,representation_kd,CY-Bench_wheat_AU|AU-422|2019,0.6048917360603809,0.1826684474945068
GROUP_complete,representation_kd,CY-Bench_wheat_AU|AU-422|2020,0.9982144646346568,0.2351496219635009
GROUP_complete,representation_kd,CY-Bench_wheat_AU|AU-422|2021,1.2630154192447662,0.3608345985412597
GROUP_complete,representation_kd,CY-Bench_wheat_AU|AU-422|2022,1.6815330144017937,0.2022382993698119
GROUP_complete,representation_kd,CY-Bench_wheat_AU|AU-422|2023,0.7451923973858356,0.2954753637313843
GROUP_complete,representation_kd,CY-Bench_wheat_AU|AU-431|2001,2.264669282361865,-0.4149070014953615
GROUP_complete,representation_kd,CY-Bench_wheat_AU|AU-431|2002,1.5198076665401459,-0.6822448372840881
GROUP_complete,representation_kd,CY-Bench_wheat_AU|AU-431|2003,2.2161484323441982,0.44005417823791504
GROUP_complete,representation_kd,CY-Bench_wheat_AU|AU-431|2004,1.7286045737564564,-0.7322989106178284
GROUP_complete,representation_kd,CY-Bench_wheat_AU|AU-431|2005,2.095167411491275,0.07713541984558114
GROUP_complete,representation_kd,CY-Bench_wheat_AU|AU-431|2006,1.1824909560382366,-0.4013943672180175
GROUP_complete,representation_kd,CY-Bench_wheat_AU|AU-431|2007,1.4150276631116867,0.6445550322532654
GROUP_complete,representation_kd,CY-Bench_wheat_AU|AU-431|2008,1.6552359256893396,0.7248061895370483
GROUP_complete,representation_kd,CY-Bench_wheat_AU|AU-431|2009,1.3167053069919348,0.30700905323028554
GROUP_complete,representation_kd,CY-Bench_wheat_AU|AU-431|2010,2.304541896097362,0.2368940114974975
GROUP_complete,representation_kd,CY-Bench_wheat_AU|AU-431|2011,1.636507287621498,-0.7228460946083071
GROUP_complete,representation_kd,CY-Bench_wheat_AU|AU-431|2012,1.6121304836124182,-0.6368039846420288
GROUP_complete,representation_kd,CY-Bench_wheat_AU|AU-431|2013,1.7700023856014013,-0.7161099195480345
GROUP_complete,representation_kd,CY-Bench_wheat_AU|AU-431|2014,1.2582323048263788,-0.6109196543693542
GROUP_complete,representation_kd,CY-Bench_wheat_AU|AU-431|2015,1.3170891478657722,-0.3244966402053837
GROUP_complete,representation_kd,CY-Bench_wheat_AU|AU-431|2016,2.740812190808356,0.05484199523925781
GROUP_complete,representation_kd,CY-Bench_wheat_AU|AU-431|2017,1.4939429983496666,-0.8186308741569519
GROUP_complete,representation_kd,CY-Bench_wheat_AU|AU-431|2018,1.5968651864677668,-0.7027893662452698
GROUP_complete,representation_kd,CY-Bench_wheat_AU|AU-431|2019,1.6559273693710566,-0.6115475296974182
GROUP_complete,representation_kd,CY-Bench_wheat_AU|AU-431|2020,1.5920227523893118,-0.7218091487884521
GROUP_complete,representation_kd,CY-Bench_wheat_AU|AU-431|2021,2.014346895739436,-0.5926264524459839
GROUP_complete,representation_kd,CY-Bench_wheat_AU|AU-431|2022,2.706962482072413,-0.5230848493576046
GROUP_complete,representation_kd,CY-Bench_wheat_AU|AU-431|2023,1.5202719159424305,-0.5834278464317323
GROUP_complete,representation_kd,CY-Bench_wheat_AU|AU-521|2001,0.8103571906685829,-0.0941872596740722
GROUP_complete,representation_kd,CY-Bench_wheat_AU|AU-521|2002,0.5735807046294212,0.1444388628005981
GROUP_complete,representation_kd,CY-Bench_wheat_AU|AU-521|2003,0.4916333816945553,0.3892598152160644
GROUP_complete,representation_kd,CY-Bench_wheat_AU|AU-521|2004,0.9616947248578072,0.3032023906707763
GROUP_complete,representation_kd,CY-Bench_wheat_AU|AU-521|2005,1.3242117427289486,-0.2823648452758789
GROUP_complete,representation_kd,CY-Bench_wheat_AU|AU-521|2006,0.4875001832842827,-0.2865499315261841
GROUP_complete,representation_kd,CY-Bench_wheat_AU|AU-521|2007,0.5270723514258862,0.1045737266540527
GROUP_complete,representation_kd,CY-Bench_wheat_AU|AU-521|2008,0.8203986138105392,0.3192610740661621
GROUP_complete,representation_kd,CY-Bench_wheat_AU|AU-521|2009,0.5861660055816174,0.5490152835845947
GROUP_complete,representation_kd,CY-Bench_wheat_AU|AU-521|2010,0.7340584546327591,-0.2355862855911255
GROUP_complete,representation_kd,CY-Bench_wheat_AU|AU-521|2011,0.8444263637065887,0.3064126968383789
GROUP_complete,representation_kd,CY-Bench_wheat_AU|AU-521|2012,0.6615913286805153,0.0248068571090698
GROUP_complete,representation_kd,CY-Bench_wheat_AU|AU-521|2013,0.5196158699691296,0.4222767353057861
GROUP_complete,representation_kd,CY-Bench_wheat_AU|AU-521|2014,0.6052610240876675,-0.1281018218994143
GROUP_complete,representation_kd,CY-Bench_wheat_AU|AU-521|2015,0.7430119775235653,0.1900578508377073
GROUP_complete,representation_kd,CY-Bench_wheat_AU|AU-521|2016,1.26411235332489,0.2158017988204958
GROUP_complete,representation_kd,CY-Bench_wheat_AU|AU-521|2017,0.533440787345171,0.4413849868774413
GROUP_complete,representation_kd,CY-Bench_wheat_AU|AU-521|2018,0.5037777163088322,0.4862921237945556
GROUP_complete,representation_kd,CY-Bench_wheat_AU|AU-521|2019,0.4435224048793316,-0.2376853227615356
GROUP_complete,representation_kd,CY-Bench_wheat_AU|AU-521|2020,0.6518485061824322,0.5550751686096191
GROUP_complete,representation_kd,CY-Bench_wheat_AU|AU-521|2021,0.560353472828865,0.4945316314697265
GROUP_complete,representation_kd,CY-Bench_wheat_AU|AU-521|2022,0.8449943326413631,-0.4307239055633545
GROUP_complete,representation_kd,CY-Bench_wheat_AU|AU-521|2023,0.6926666498184204,-0.6623502969741821
GROUP_complete,representation_kd,CY-Bench_wheat_AU|AU-522|2001,1.594609888270497,-0.967155694961548
GROUP_complete,representation_kd,CY-Bench_wheat_AU|AU-522|2002,0.9537511635571718,-0.2370977401733398
GROUP_complete,representation_kd,CY-Bench_wheat_AU|AU-522|2003,1.2311816420406103,0.4373669624328611
GROUP_complete,representation_kd,CY-Bench_wheat_AU|AU-522|2004,1.5437936913222077,-0.0861384868621826
GROUP_complete,representation_kd,CY-Bench_wheat_AU|AU-522|2005,1.5154647212475538,-0.8977034091949463
GROUP_complete,representation_kd,CY-Bench_wheat_AU|AU-522|2006,0.9287636559456588,-0.370337963104248
GROUP_complete,representation_kd,CY-Bench_wheat_AU|AU-522|2007,1.2667078245431185,-0.6414289474487305
GROUP_complete,representation_kd,CY-Bench_wheat_AU|AU-522|2008,1.2314372789114714,-0.0245656967163085
GROUP_complete,representation_kd,CY-Bench_wheat_AU|AU-522|2009,1.3013321328908205,-0.3668510913848877
GROUP_complete,representation_kd,CY-Bench_wheat_AU|AU-522|2010,0.9726470615714788,-0.0493208169937133
GROUP_complete,representation_kd,CY-Bench_wheat_AU|AU-522|2011,1.0237259771674871,-0.5362033843994141
GROUP_complete,representation_kd,CY-Bench_wheat_AU|AU-522|2012,0.8956552650779486,-0.0215604000091551
GROUP_complete,representation_kd,CY-Bench_wheat_AU|AU-522|2013,1.092393958941102,-0.2817151546478271
GROUP_complete,representation_kd,CY-Bench_wheat_AU|AU-522|2014,1.0353544745594263,-0.7166996002197266
GROUP_complete,representation_kd,CY-Bench_wheat_AU|AU-522|2015,0.7523756939917803,-0.2475466728210449
GROUP_complete,representation_kd,CY-Bench_wheat_AU|AU-522|2016,1.6071716416627169,-1.0283501148223877
GROUP_complete,representation_kd,CY-Bench_wheat_AU|AU-522|2017,1.1230269614607096,-0.1737978458404541
GROUP_complete,representation_kd,CY-Bench_wheat_AU|AU-522|2018,1.362306559458375,-0.570397138595581
GROUP_complete,representation_kd,CY-Bench_wheat_AU|AU-522|2019,0.5320503301918507,0.19126558303833
GROUP_complete,representation_kd,CY-Bench_wheat_AU|AU-522|2020,1.0905788782984018,-0.5918095111846924
GROUP_complete,representation_kd,CY-Bench_wheat_AU|AU-522|2021,0.917047644034028,-0.0525963306427001
GROUP_complete,representation_kd,CY-Bench_wheat_AU|AU-522|2022,0.8788060490041971,-0.0429973602294921
GROUP_complete,representation_kd,CY-Bench_wheat_AU|AU-522|2023,0.5738559011369944,0.0520770549774169
SPATIAL_complete,combined_kd,CY-Bench_wheat_AU|AU-222|2001,1.517275773609678,-0.1894253889719645
SPATIAL_complete,combined_kd,CY-Bench_wheat_AU|AU-222|2002,2.0552485970159373,0.3671903006235757
SPATIAL_complete,combined_kd,CY-Bench_wheat_AU|AU-222|2003,1.7745008471732338,-0.3597188393274943
SPATIAL_complete,combined_kd,CY-Bench_wheat_AU|AU-222|2004,1.6601246477415164,-0.07786160246531185
SPATIAL_complete,combined_kd,CY-Bench_wheat_AU|AU-222|2005,1.7559809799616535,-0.29996445624033613
SPATIAL_complete,combined_kd,CY-Bench_wheat_AU|AU-222|2006,1.531558891137441,0.06815528869628908
SPATIAL_complete,combined_kd,CY-Bench_wheat_AU|AU-222|2007,1.9271788286666076,-0.7112323045730591
SPATIAL_complete,combined_kd,CY-Bench_wheat_AU|AU-222|2008,1.8877090454722445,-0.7918421824773153
SPATIAL_complete,combined_kd,CY-Bench_wheat_AU|AU-222|2009,1.8880381329605977,-0.13914942741394035
SPATIAL_complete,combined_kd,CY-Bench_wheat_AU|AU-222|2010,1.8450123079431553,0.052862842877705894
SPATIAL_complete,combined_kd,CY-Bench_wheat_AU|AU-222|2011,1.601812448973457,0.1625910997390747
SPATIAL_complete,combined_kd,CY-Bench_wheat_AU|AU-222|2012,1.922715947420026,0.34510501289367684
SPATIAL_complete,combined_kd,CY-Bench_wheat_AU|AU-222|2013,1.622449205101778,-0.08451188373565682
SPATIAL_complete,combined_kd,CY-Bench_wheat_AU|AU-222|2014,2.093169544978688,0.23484102948506683
SPATIAL_complete,combined_kd,CY-Bench_wheat_AU|AU-222|2015,1.977438470814377,-0.8874373435974121
SPATIAL_complete,combined_kd,CY-Bench_wheat_AU|AU-222|2016,1.5229386949601273,0.10461000601450599
SPATIAL_complete,combined_kd,CY-Bench_wheat_AU|AU-222|2017,1.7017217713097732,0.4381211366653443
SPATIAL_complete,combined_kd,CY-Bench_wheat_AU|AU-222|2018,1.9581775995126616,0.3647514053980509
SPATIAL_complete,combined_kd,CY-Bench_wheat_AU|AU-222|2019,1.9647735813632607,-0.9315975904464722
SPATIAL_complete,combined_kd,CY-Bench_wheat_AU|AU-222|2020,1.6962174706471462,0.26434734725952147
SPATIAL_complete,combined_kd,CY-Bench_wheat_AU|AU-222|2021,1.7273053155901532,0.39887821674346924
SPATIAL_complete,combined_kd,CY-Bench_wheat_AU|AU-222|2022,2.4014523942023516,-0.3465410073598226
SPATIAL_complete,combined_kd,CY-Bench_wheat_AU|AU-222|2023,1.7757782369541626,0.4466039339701335
SPATIAL_complete,combined_kd,CY-Bench_wheat_AU|AU-512|2001,2.138382677299281,0.37849654754002887
SPATIAL_complete,combined_kd,CY-Bench_wheat_AU|AU-512|2002,2.7648202961621187,0.4576376477877298
SPATIAL_complete,combined_kd,CY-Bench_wheat_AU|AU-512|2004,2.080970225545267,-0.4197537104288737
SPATIAL_complete,combined_kd,CY-Bench_wheat_AU|AU-512|2013,2.4440046700959406,0.5026650230089823
SPATIAL_complete,combined_kd,CY-Bench_wheat_AU|AU-512|2014,2.5584694483938315,-0.22746924448013317
SPATIAL_complete,combined_kd,CY-Bench_wheat_AU|AU-512|2015,2.4061556815480194,0.14433056116104126
SPATIAL_complete,combined_kd,CY-Bench_wheat_AU|AU-512|2022,2.0357686690986156,-0.1540669260025025
SPATIAL_complete,combined_kd,CY-Bench_wheat_AU|AU-512|2023,3.2583240419626236,-0.3239671786626181
SPATIAL_complete,missing_aware,CY-Bench_wheat_AU|AU-222|2001,2.5876313283418617,-0.2652631203333537
SPATIAL_complete,missing_aware,CY-Bench_wheat_AU|AU-222|2002,1.3563195600484808,-0.11129826227823882
SPATIAL_complete,missing_aware,CY-Bench_wheat_AU|AU-222|2003,1.8519001662110288,-0.05436380704243976
SPATIAL_complete,missing_aware,CY-Bench_wheat_AU|AU-222|2004,2.1204093107953668,0.26668645477294933
SPATIAL_complete,missing_aware,CY-Bench_wheat_AU|AU-222|2005,2.01640288795655,0.20854655901590982
SPATIAL_complete,missing_aware,CY-Bench_wheat_AU|AU-222|2006,1.7382672109330695,0.310258566538493
SPATIAL_complete,missing_aware,CY-Bench_wheat_AU|AU-222|2007,1.2538601402193308,0.5837978521982828
SPATIAL_complete,missing_aware,CY-Bench_wheat_AU|AU-222|2008,1.567312496714294,0.6065504550933838
SPATIAL_complete,missing_aware,CY-Bench_wheat_AU|AU-222|2009,1.8844641726464033,0.8427817821502687
SPATIAL_complete,missing_aware,CY-Bench_wheat_AU|AU-222|2010,2.7452981539536268,-0.07169949499766037
SPATIAL_complete,missing_aware,CY-Bench_wheat_AU|AU-222|2011,1.735833140090108,-0.4016694901784262
SPATIAL_complete,missing_aware,CY-Bench_wheat_AU|AU-222|2012,1.3437219473222892,0.152217705408732
SPATIAL_complete,missing_aware,CY-Bench_wheat_AU|AU-222|2013,2.082335986973097,0.021367875417073634
SPATIAL_complete,missing_aware,CY-Bench_wheat_AU|AU-222|2014,1.4191457070410252,0.08979352251688627
SPATIAL_complete,missing_aware,CY-Bench_wheat_AU|AU-222|2015,1.4483336663494508,0.6214388211568197
SPATIAL_complete,missing_aware,CY-Bench_wheat_AU|AU-222|2016,2.4581443375597396,0.17209442456563318
SPATIAL_complete,missing_aware,CY-Bench_wheat_AU|AU-222|2017,1.5439474570254486,-0.04796800676981611
SPATIAL_complete,missing_aware,CY-Bench_wheat_AU|AU-222|2018,1.2728194937420387,-0.08636302439371742
SPATIAL_complete,missing_aware,CY-Bench_wheat_AU|AU-222|2019,1.6074872290870796,-0.21625097592671713
SPATIAL_complete,missing_aware,CY-Bench_wheat_AU|AU-222|2020,1.892786396977802,-0.025682767232259134
SPATIAL_complete,missing_aware,CY-Bench_wheat_AU|AU-222|2021,2.14064055448398,-0.14198795954386392
SPATIAL_complete,missing_aware,CY-Bench_wheat_AU|AU-222|2022,3.4890018437678614,0.1521423657735189
SPATIAL_complete,missing_aware,CY-Bench_wheat_AU|AU-222|2023,1.599720231257379,-0.43115703264872235
SPATIAL_complete,missing_aware,CY-Bench_wheat_AU|AU-512|2001,2.9775174629564085,0.21261292695999148
SPATIAL_complete,missing_aware,CY-Bench_wheat_AU|AU-512|2002,3.729260705721875,0.19529734055201217
SPATIAL_complete,missing_aware,CY-Bench_wheat_AU|AU-512|2004,2.963125979838272,-0.21794458230336503
SPATIAL_complete,missing_aware,CY-Bench_wheat_AU|AU-512|2013,3.344446126061181,0.1696328123410543
SPATIAL_complete,missing_aware,CY-Bench_wheat_AU|AU-512|2014,3.495254506201794,-0.09245973825454708
SPATIAL_complete,missing_aware,CY-Bench_wheat_AU|AU-512|2015,3.3560200622305274,-0.15277943086624143
SPATIAL_complete,missing_aware,CY-Bench_wheat_AU|AU-512|2022,2.917070282623172,-0.18261667378743499
SPATIAL_complete,missing_aware,CY-Bench_wheat_AU|AU-512|2023,4.412489648442715,0.05540871620178226
SPATIAL_complete,prediction_kd,CY-Bench_wheat_AU|AU-222|2001,2.1894947364150235,-0.36399205525716144
SPATIAL_complete,prediction_kd,CY-Bench_wheat_AU|AU-222|2002,2.017388709510366,-0.4397326310475667
SPATIAL_complete,prediction_kd,CY-Bench_wheat_AU|AU-222|2003,1.9651660537347198,0.18663199742635092
SPATIAL_complete,prediction_kd,CY-Bench_wheat_AU|AU-222|2004,1.9139272531804938,-0.2861172205607095
SPATIAL_complete,prediction_kd,CY-Bench_wheat_AU|AU-222|2005,1.7906089421982567,0.282360315322876
SPATIAL_complete,prediction_kd,CY-Bench_wheat_AU|AU-222|2006,1.8795727895728003,-0.2001380125681559
SPATIAL_complete,prediction_kd,CY-Bench_wheat_AU|AU-222|2007,1.8637294458846252,0.12687166531880698
SPATIAL_complete,prediction_kd,CY-Bench_wheat_AU|AU-222|2008,1.7560302483228345,0.09601696332295744
SPATIAL_complete,prediction_kd,CY-Bench_wheat_AU|AU-222|2009,2.025003949413076,0.4597434202829997
SPATIAL_complete,prediction_kd,CY-Bench_wheat_AU|AU-222|2010,2.657217117414499,0.01186275482177727
SPATIAL_complete,prediction_kd,CY-Bench_wheat_AU|AU-222|2011,2.0387559903319925,-0.3858080705006917
SPATIAL_complete,prediction_kd,CY-Bench_wheat_AU|AU-222|2012,1.6559128750426073,-0.23304645284016937
SPATIAL_complete,prediction_kd,CY-Bench_wheat_AU|AU-222|2013,1.8214857478160411,-0.15534376335144037
SPATIAL_complete,prediction_kd,CY-Bench_wheat_AU|AU-222|2014,2.1706045529960343,-0.2317181428273519
SPATIAL_complete,prediction_kd,CY-Bench_wheat_AU|AU-222|2015,1.706386857200414,0.03514671325683594
SPATIAL_complete,prediction_kd,CY-Bench_wheat_AU|AU-222|2016,2.616991577669978,0.44068455696105957
SPATIAL_complete,prediction_kd,CY-Bench_wheat_AU|AU-222|2017,2.1412854532245547,-0.20148468017578125
SPATIAL_complete,prediction_kd,CY-Bench_wheat_AU|AU-222|2018,2.21578656649217,-0.4333248933156331
SPATIAL_complete,prediction_kd,CY-Bench_wheat_AU|AU-222|2019,2.2736689609785876,-0.46505250390370695
SPATIAL_complete,prediction_kd,CY-Bench_wheat_AU|AU-222|2020,2.104861811734736,-0.24525019264221193
SPATIAL_complete,prediction_kd,CY-Bench_wheat_AU|AU-222|2021,1.6870488681209583,-0.12921031316121417
SPATIAL_complete,prediction_kd,CY-Bench_wheat_AU|AU-222|2022,3.26919067868342,0.09321983655293785
SPATIAL_complete,prediction_kd,CY-Bench_wheat_AU|AU-222|2023,1.725991884013638,-0.1913240750630697
SPATIAL_complete,prediction_kd,CY-Bench_wheat_AU|AU-512|2001,2.817868291089932,-0.16684897740681967
SPATIAL_complete,prediction_kd,CY-Bench_wheat_AU|AU-512|2002,3.70023448827366,0.1033670703570048
SPATIAL_complete,prediction_kd,CY-Bench_wheat_AU|AU-512|2004,2.8190983744959035,0.13934040069580075
SPATIAL_complete,prediction_kd,CY-Bench_wheat_AU|AU-512|2013,3.01236703277876,-0.08620140949885054
SPATIAL_complete,prediction_kd,CY-Bench_wheat_AU|AU-512|2014,3.3625281862914562,0.1687007943789164
SPATIAL_complete,prediction_kd,CY-Bench_wheat_AU|AU-512|2015,2.668354107066989,-0.003895779450734438
SPATIAL_complete,prediction_kd,CY-Bench_wheat_AU|AU-512|2022,2.3043067026883364,-0.03164148616790774
SPATIAL_complete,prediction_kd,CY-Bench_wheat_AU|AU-512|2023,4.18976466730237,-0.0683518648147583
SPATIAL_complete,representation_kd,CY-Bench_wheat_AU|AU-222|2001,1.9176078257150948,0.0569727023442587
SPATIAL_complete,representation_kd,CY-Bench_wheat_AU|AU-222|2002,2.103346324680994,-0.29024489720662433
SPATIAL_complete,representation_kd,CY-Bench_wheat_AU|AU-222|2003,2.170812600913147,-0.25453941027323407
SPATIAL_complete,representation_kd,CY-Bench_wheat_AU|AU-222|2004,2.574209211394191,-0.23297897974650064
SPATIAL_complete,representation_kd,CY-Bench_wheat_AU|AU-222|2005,2.241909110142539,0.03770160675048825
SPATIAL_complete,representation_kd,CY-Bench_wheat_AU|AU-222|2006,1.730923787690699,-0.2400850454966227
SPATIAL_complete,representation_kd,CY-Bench_wheat_AU|AU-222|2007,2.2933698634927473,0.0200806458791097
SPATIAL_complete,representation_kd,CY-Bench_wheat_AU|AU-222|2008,2.4742038630259535,-0.11332829793294273
SPATIAL_complete,representation_kd,CY-Bench_wheat_AU|AU-222|2009,2.2721815453842282,0.3423984845479328
SPATIAL_complete,representation_kd,CY-Bench_wheat_AU|AU-222|2010,2.0329047815563777,0.18813029925028482
SPATIAL_complete,representation_kd,CY-Bench_wheat_AU|AU-222|2011,2.655013374829044,-0.43968787574768076
SPATIAL_complete,representation_kd,CY-Bench_wheat_AU|AU-222|2012,2.3659988888539374,-0.2326629956563314
SPATIAL_complete,representation_kd,CY-Bench_wheat_AU|AU-222|2013,2.5300775123760104,-0.1524966557820638
SPATIAL_complete,representation_kd,CY-Bench_wheat_AU|AU-222|2014,2.175764141138643,-0.09865538279215495
SPATIAL_complete,representation_kd,CY-Bench_wheat_AU|AU-222|2015,2.3149888943880796,-0.14447371164957684
SPATIAL_complete,representation_kd,CY-Bench_wheat_AU|AU-222|2016,2.182857987470925,0.2640376091003418
SPATIAL_complete,representation_kd,CY-Bench_wheat_AU|AU-222|2017,2.410876125252495,-0.09753060340881341
SPATIAL_complete,representation_kd,CY-Bench_wheat_AU|AU-222|2018,2.2673875329395137,-0.2256993185679119
SPATIAL_complete,representation_kd,CY-Bench_wheat_AU|AU-222|2019,2.1488754263458154,-0.4954202175140381
SPATIAL_complete,representation_kd,CY-Bench_wheat_AU|AU-222|2020,2.516495414543897,-0.1330929597218831
SPATIAL_complete,representation_kd,CY-Bench_wheat_AU|AU-222|2021,2.1008310390946767,0.059877872467041036
SPATIAL_complete,representation_kd,CY-Bench_wheat_AU|AU-222|2022,3.025445711798966,0.07993272940317793
SPATIAL_complete,representation_kd,CY-Bench_wheat_AU|AU-222|2023,2.381483308815708,-0.08285435040791829
SPATIAL_complete,representation_kd,CY-Bench_wheat_AU|AU-512|2001,3.0979201244190335,0.9986545840899149
SPATIAL_complete,representation_kd,CY-Bench_wheat_AU|AU-512|2002,3.7595734565208354,1.0529942711194356
SPATIAL_complete,representation_kd,CY-Bench_wheat_AU|AU-512|2004,3.154575058569511,-0.943135142326355
SPATIAL_complete,representation_kd,CY-Bench_wheat_AU|AU-512|2013,3.576712547801435,1.0323385993639629
SPATIAL_complete,representation_kd,CY-Bench_wheat_AU|AU-512|2014,3.6770681740405657,-0.17297631279627504
SPATIAL_complete,representation_kd,CY-Bench_wheat_AU|AU-512|2015,3.2978692281370363,0.41002415545781457
SPATIAL_complete,representation_kd,CY-Bench_wheat_AU|AU-512|2022,2.9257396471997104,-0.036265501022338914
SPATIAL_complete,representation_kd,CY-Bench_wheat_AU|AU-512|2023,3.7099997801706195,-0.48897016048431396
