contract,method,sample_id,feature_index,feature_name,feature_value_raw,permutation_shap,seed_rows,feature_group,constant_within_contract,feature_value_colour,feature_value_scale
GROUP_complete,supervised,CY-Bench_wheat_AU|AU-111|2001,0,weather_observed_days,173.0,0.1085071209818124,1,observation_support,False,0.5,pooled_feature_p02_p98
GROUP_complete,supervised,CY-Bench_wheat_AU|AU-111|2002,0,weather_observed_days,173.0,0.0259268041700124,1,observation_support,False,0.5,pooled_feature_p02_p98
GROUP_complete,supervised,CY-Bench_wheat_AU|AU-111|2003,0,weather_observed_days,173.0,0.1051621213555336,1,observation_support,False,0.5,pooled_feature_p02_p98
GROUP_complete,supervised,CY-Bench_wheat_AU|AU-111|2004,0,weather_observed_days,173.0,0.0846667308360338,1,observation_support,False,0.5,pooled_feature_p02_p98
GROUP_complete,supervised,CY-Bench_wheat_AU|AU-111|2005,0,weather_observed_days,173.0,0.1255931574851274,1,observation_support,False,0.5,pooled_feature_p02_p98
GROUP_complete,supervised,CY-Bench_wheat_AU|AU-111|2006,0,weather_observed_days,173.0,0.0229537412524223,1,observation_support,False,0.5,pooled_feature_p02_p98
GROUP_complete,supervised,CY-Bench_wheat_AU|AU-111|2007,0,weather_observed_days,173.0,0.0353428795933723,1,observation_support,False,0.5,pooled_feature_p02_p98
GROUP_complete,supervised,CY-Bench_wheat_AU|AU-111|2008,0,weather_observed_days,173.0,0.0767219699919223,1,observation_support,False,0.5,pooled_feature_p02_p98
GROUP_complete,supervised,CY-Bench_wheat_AU|AU-111|2009,0,weather_observed_days,173.0,0.0165309980511665,1,observation_support,False,0.5,pooled_feature_p02_p98
GROUP_complete,supervised,CY-Bench_wheat_AU|AU-111|2010,0,weather_observed_days,173.0,0.1946019455790519,1,observation_support,False,0.5,pooled_feature_p02_p98
GROUP_complete,supervised,CY-Bench_wheat_AU|AU-111|2011,0,weather_observed_days,173.0,0.1063773911446333,1,observation_support,False,0.5,pooled_feature_p02_p98
GROUP_complete,supervised,CY-Bench_wheat_AU|AU-111|2012,0,weather_observed_days,173.0,0.0360910799354314,1,observation_support,False,0.5,pooled_feature_p02_p98
GROUP_complete,supervised,CY-Bench_wheat_AU|AU-111|2013,0,weather_observed_days,173.0,0.02274701744318,1,observation_support,False,0.5,pooled_feature_p02_p98
GROUP_complete,supervised,CY-Bench_wheat_AU|AU-111|2014,0,weather_observed_days,173.0,0.0201467610895633,1,observation_support,False,0.5,pooled_feature_p02_p98
GROUP_complete,supervised,CY-Bench_wheat_AU|AU-111|2015,0,weather_observed_days,173.0,0.0521077811717987,1,observation_support,False,0.5,pooled_feature_p02_p98
GROUP_complete,supervised,CY-Bench_wheat_AU|AU-111|2016,0,weather_observed_days,173.0,0.1513497103005647,1,observation_support,False,0.5,pooled_feature_p02_p98
GROUP_complete,supervised,CY-Bench_wheat_AU|AU-111|2017,0,weather_observed_days,173.0,0.0512857791036367,1,observation_support,False,0.5,pooled_feature_p02_p98
GROUP_complete,supervised,CY-Bench_wheat_AU|AU-111|2018,0,weather_observed_days,173.0,0.0264044031500816,1,observation_support,False,0.5,pooled_feature_p02_p98
GROUP_complete,supervised,CY-Bench_wheat_AU|AU-111|2019,0,weather_observed_days,173.0,0.0329660680145025,1,observation_support,False,0.5,pooled_feature_p02_p98
GROUP_complete,supervised,CY-Bench_wheat_AU|AU-111|2020,0,weather_observed_days,173.0,0.115751689299941,1,observation_support,False,0.5,pooled_feature_p02_p98
GROUP_complete,supervised,CY-Bench_wheat_AU|AU-111|2021,0,weather_observed_days,173.0,0.1464292518794536,1,observation_support,False,0.5,pooled_feature_p02_p98
GROUP_complete,supervised,CY-Bench_wheat_AU|AU-111|2022,0,weather_observed_days,173.0,0.1868813242763281,1,observation_support,False,0.5,pooled_feature_p02_p98
GROUP_complete,supervised,CY-Bench_wheat_AU|AU-111|2023,0,weather_observed_days,173.0,0.0486286487430334,1,observation_support,False,0.5,pooled_feature_p02_p98
GROUP_complete,supervised,CY-Bench_wheat_AU|AU-123|2001,0,weather_observed_days,182.0,0.0243246126919984,1,observation_support,False,0.7142857142857143,pooled_feature_p02_p98
GROUP_complete,supervised,CY-Bench_wheat_AU|AU-123|2002,0,weather_observed_days,182.0,0.0182799473404884,1,observation_support,False,0.7142857142857143,pooled_feature_p02_p98
GROUP_complete,supervised,CY-Bench_wheat_AU|AU-123|2003,0,weather_observed_days,182.0,0.0141791943460702,1,observation_support,False,0.7142857142857143,pooled_feature_p02_p98
GROUP_complete,supervised,CY-Bench_wheat_AU|AU-123|2004,0,weather_observed_days,182.0,0.0219460204243659,1,observation_support,False,0.7142857142857143,pooled_feature_p02_p98
GROUP_complete,supervised,CY-Bench_wheat_AU|AU-123|2005,0,weather_observed_days,182.0,0.0057498645037412,1,observation_support,False,0.7142857142857143,pooled_feature_p02_p98
GROUP_complete,supervised,CY-Bench_wheat_AU|AU-123|2006,0,weather_observed_days,182.0,0.0155175626277923,1,observation_support,False,0.7142857142857143,pooled_feature_p02_p98
GROUP_complete,supervised,CY-Bench_wheat_AU|AU-123|2007,0,weather_observed_days,182.0,0.0234036147594451,1,observation_support,False,0.7142857142857143,pooled_feature_p02_p98
GROUP_complete,supervised,CY-Bench_wheat_AU|AU-123|2008,0,weather_observed_days,182.0,0.030018987134099,1,observation_support,False,0.7142857142857143,pooled_feature_p02_p98
GROUP_complete,supervised,CY-Bench_wheat_AU|AU-123|2009,0,weather_observed_days,182.0,0.0186268463730812,1,observation_support,False,0.7142857142857143,pooled_feature_p02_p98
GROUP_complete,supervised,CY-Bench_wheat_AU|AU-123|2010,0,weather_observed_days,182.0,0.0140031743794679,1,observation_support,False,0.7142857142857143,pooled_feature_p02_p98
GROUP_complete,supervised,CY-Bench_wheat_AU|AU-123|2011,0,weather_observed_days,182.0,0.0193679574877023,1,observation_support,False,0.7142857142857143,pooled_feature_p02_p98
GROUP_complete,supervised,CY-Bench_wheat_AU|AU-123|2012,0,weather_observed_days,182.0,0.0543874707072973,1,observation_support,False,0.7142857142857143,pooled_feature_p02_p98
GROUP_complete,supervised,CY-Bench_wheat_AU|AU-123|2013,0,weather_observed_days,182.0,0.0402921419590711,1,observation_support,False,0.7142857142857143,pooled_feature_p02_p98
GROUP_complete,supervised,CY-Bench_wheat_AU|AU-123|2014,0,weather_observed_days,182.0,0.0180715955793857,1,observation_support,False,0.7142857142857143,pooled_feature_p02_p98
GROUP_complete,supervised,CY-Bench_wheat_AU|AU-123|2015,0,weather_observed_days,182.0,0.0202669221907854,1,observation_support,False,0.7142857142857143,pooled_feature_p02_p98
GROUP_complete,supervised,CY-Bench_wheat_AU|AU-123|2016,0,weather_observed_days,182.0,0.00336111523211,1,observation_support,False,0.7142857142857143,pooled_feature_p02_p98
GROUP_complete,supervised,CY-Bench_wheat_AU|AU-123|2017,0,weather_observed_days,182.0,0.0319217424839735,1,observation_support,False,0.7142857142857143,pooled_feature_p02_p98
GROUP_complete,supervised,CY-Bench_wheat_AU|AU-123|2018,0,weather_observed_days,182.0,0.034142680466175,1,observation_support,False,0.7142857142857143,pooled_feature_p02_p98
GROUP_complete,supervised,CY-Bench_wheat_AU|AU-123|2019,0,weather_observed_days,182.0,0.0579380299896001,1,observation_support,False,0.7142857142857143,pooled_feature_p02_p98
GROUP_complete,supervised,CY-Bench_wheat_AU|AU-123|2020,0,weather_observed_days,182.0,0.0225387942045927,1,observation_support,False,0.7142857142857143,pooled_feature_p02_p98
GROUP_complete,supervised,CY-Bench_wheat_AU|AU-123|2021,0,weather_observed_days,182.0,0.0255613960325717,1,observation_support,False,0.7142857142857143,pooled_feature_p02_p98
GROUP_complete,supervised,CY-Bench_wheat_AU|AU-123|2022,0,weather_observed_days,182.0,0.0209490619599819,1,observation_support,False,0.7142857142857143,pooled_feature_p02_p98
GROUP_complete,supervised,CY-Bench_wheat_AU|AU-123|2023,0,weather_observed_days,182.0,0.0122613068670034,1,observation_support,False,0.7142857142857143,pooled_feature_p02_p98
GROUP_complete,supervised,CY-Bench_wheat_AU|AU-222|2001,0,weather_observed_days,163.0,-0.280284846201539,1,observation_support,False,0.2619047619047619,pooled_feature_p02_p98
GROUP_complete,supervised,CY-Bench_wheat_AU|AU-222|2002,0,weather_observed_days,163.0,-0.1057225428521633,1,observation_support,False,0.2619047619047619,pooled_feature_p02_p98
GROUP_complete,supervised,CY-Bench_wheat_AU|AU-222|2003,0,weather_observed_days,163.0,-0.3397982567548752,1,observation_support,False,0.2619047619047619,pooled_feature_p02_p98
GROUP_complete,supervised,CY-Bench_wheat_AU|AU-222|2004,0,weather_observed_days,163.0,-0.2402055151760578,1,observation_support,False,0.2619047619047619,pooled_feature_p02_p98
GROUP_complete,supervised,CY-Bench_wheat_AU|AU-222|2005,0,weather_observed_days,163.0,-0.2879951577633619,1,observation_support,False,0.2619047619047619,pooled_feature_p02_p98
GROUP_complete,supervised,CY-Bench_wheat_AU|AU-222|2006,0,weather_observed_days,163.0,-0.0989412311464548,1,observation_support,False,0.2619047619047619,pooled_feature_p02_p98
GROUP_complete,supervised,CY-Bench_wheat_AU|AU-222|2007,0,weather_observed_days,163.0,-0.0645640902221202,1,observation_support,False,0.2619047619047619,pooled_feature_p02_p98
GROUP_complete,supervised,CY-Bench_wheat_AU|AU-222|2008,0,weather_observed_days,163.0,-0.1475450098514557,1,observation_support,False,0.2619047619047619,pooled_feature_p02_p98
GROUP_complete,supervised,CY-Bench_wheat_AU|AU-222|2009,0,weather_observed_days,163.0,-0.0687778256833553,1,observation_support,False,0.2619047619047619,pooled_feature_p02_p98
GROUP_complete,supervised,CY-Bench_wheat_AU|AU-222|2010,0,weather_observed_days,163.0,-0.211585484445095,1,observation_support,False,0.2619047619047619,pooled_feature_p02_p98
GROUP_complete,supervised,CY-Bench_wheat_AU|AU-222|2011,0,weather_observed_days,163.0,-0.1605904679745435,1,observation_support,False,0.2619047619047619,pooled_feature_p02_p98
GROUP_complete,supervised,CY-Bench_wheat_AU|AU-222|2012,0,weather_observed_days,163.0,-0.1121168751269579,1,observation_support,False,0.2619047619047619,pooled_feature_p02_p98
GROUP_complete,supervised,CY-Bench_wheat_AU|AU-222|2013,0,weather_observed_days,163.0,-0.2414440605789423,1,observation_support,False,0.2619047619047619,pooled_feature_p02_p98
GROUP_complete,supervised,CY-Bench_wheat_AU|AU-222|2014,0,weather_observed_days,163.0,-0.0861002719029784,1,observation_support,False,0.2619047619047619,pooled_feature_p02_p98
GROUP_complete,supervised,CY-Bench_wheat_AU|AU-222|2015,0,weather_observed_days,163.0,-0.0796391125768423,1,observation_support,False,0.2619047619047619,pooled_feature_p02_p98
GROUP_complete,supervised,CY-Bench_wheat_AU|AU-222|2016,0,weather_observed_days,163.0,-0.3487693015486002,1,observation_support,False,0.2619047619047619,pooled_feature_p02_p98
GROUP_complete,supervised,CY-Bench_wheat_AU|AU-222|2017,0,weather_observed_days,163.0,-0.147953687235713,1,observation_support,False,0.2619047619047619,pooled_feature_p02_p98
GROUP_complete,supervised,CY-Bench_wheat_AU|AU-222|2018,0,weather_observed_days,163.0,-0.1309522148221731,1,observation_support,False,0.2619047619047619,pooled_feature_p02_p98
GROUP_complete,supervised,CY-Bench_wheat_AU|AU-222|2019,0,weather_observed_days,163.0,-0.232964800670743,1,observation_support,False,0.2619047619047619,pooled_feature_p02_p98
GROUP_complete,supervised,CY-Bench_wheat_AU|AU-222|2020,0,weather_observed_days,163.0,-0.1975765917450189,1,observation_support,False,0.2619047619047619,pooled_feature_p02_p98
GROUP_complete,supervised,CY-Bench_wheat_AU|AU-222|2021,0,weather_observed_days,163.0,-0.3019281327724457,1,observation_support,False,0.2619047619047619,pooled_feature_p02_p98
GROUP_complete,supervised,CY-Bench_wheat_AU|AU-222|2022,0,weather_observed_days,163.0,-0.1531362272799015,1,observation_support,False,0.2619047619047619,pooled_feature_p02_p98
GROUP_complete,supervised,CY-Bench_wheat_AU|AU-222|2023,0,weather_observed_days,163.0,-0.1389071941375732,1,observation_support,False,0.2619047619047619,pooled_feature_p02_p98
GROUP_complete,supervised,CY-Bench_wheat_AU|AU-231|2001,0,weather_observed_days,178.0,0.0887105409055948,1,observation_support,False,0.6190476190476191,pooled_feature_p02_p98
GROUP_complete,supervised,CY-Bench_wheat_AU|AU-231|2002,0,weather_observed_days,178.0,0.0912097357213497,1,observation_support,False,0.6190476190476191,pooled_feature_p02_p98
GROUP_complete,supervised,CY-Bench_wheat_AU|AU-231|2003,0,weather_observed_days,178.0,0.0855614151805639,1,observation_support,False,0.6190476190476191,pooled_feature_p02_p98
GROUP_complete,supervised,CY-Bench_wheat_AU|AU-231|2004,0,weather_observed_days,178.0,0.1423926968127489,1,observation_support,False,0.6190476190476191,pooled_feature_p02_p98
GROUP_complete,supervised,CY-Bench_wheat_AU|AU-231|2005,0,weather_observed_days,178.0,0.1662367153912782,1,observation_support,False,0.6190476190476191,pooled_feature_p02_p98
GROUP_complete,supervised,CY-Bench_wheat_AU|AU-231|2006,0,weather_observed_days,178.0,0.1715382728725671,1,observation_support,False,0.6190476190476191,pooled_feature_p02_p98
GROUP_complete,supervised,CY-Bench_wheat_AU|AU-231|2007,0,weather_observed_days,178.0,0.1602877285331487,1,observation_support,False,0.6190476190476191,pooled_feature_p02_p98
GROUP_complete,supervised,CY-Bench_wheat_AU|AU-231|2008,0,weather_observed_days,178.0,0.1134026832878589,1,observation_support,False,0.6190476190476191,pooled_feature_p02_p98
GROUP_complete,supervised,CY-Bench_wheat_AU|AU-231|2009,0,weather_observed_days,178.0,0.1308829896152019,1,observation_support,False,0.6190476190476191,pooled_feature_p02_p98
GROUP_complete,supervised,CY-Bench_wheat_AU|AU-231|2010,0,weather_observed_days,178.0,0.1131631825119257,1,observation_support,False,0.6190476190476191,pooled_feature_p02_p98
GROUP_complete,supervised,CY-Bench_wheat_AU|AU-231|2011,0,weather_observed_days,178.0,0.1541007906198501,1,observation_support,False,0.6190476190476191,pooled_feature_p02_p98
GROUP_complete,supervised,CY-Bench_wheat_AU|AU-231|2012,0,weather_observed_days,178.0,0.1274279151111841,1,observation_support,False,0.6190476190476191,pooled_feature_p02_p98
GROUP_complete,supervised,CY-Bench_wheat_AU|AU-231|2013,0,weather_observed_days,178.0,0.1367627140134573,1,observation_support,False,0.6190476190476191,pooled_feature_p02_p98
GROUP_complete,supervised,CY-Bench_wheat_AU|AU-231|2014,0,weather_observed_days,178.0,0.2104008290916681,1,observation_support,False,0.6190476190476191,pooled_feature_p02_p98
GROUP_complete,supervised,CY-Bench_wheat_AU|AU-231|2015,0,weather_observed_days,178.0,0.1871796604245901,1,observation_support,False,0.6190476190476191,pooled_feature_p02_p98
GROUP_complete,supervised,CY-Bench_wheat_AU|AU-231|2016,0,weather_observed_days,178.0,0.1089552994817495,1,observation_support,False,0.6190476190476191,pooled_feature_p02_p98
GROUP_complete,supervised,CY-Bench_wheat_AU|AU-231|2017,0,weather_observed_days,178.0,0.1515980511903762,1,observation_support,False,0.6190476190476191,pooled_feature_p02_p98
GROUP_complete,supervised,CY-Bench_wheat_AU|AU-231|2018,0,weather_observed_days,178.0,0.1286183483898639,1,observation_support,False,0.6190476190476191,pooled_feature_p02_p98
GROUP_complete,supervised,CY-Bench_wheat_AU|AU-231|2019,0,weather_observed_days,178.0,0.1218253299593925,1,observation_support,False,0.6190476190476191,pooled_feature_p02_p98
GROUP_complete,supervised,CY-Bench_wheat_AU|AU-231|2020,0,weather_observed_days,178.0,0.1498274635523557,1,observation_support,False,0.6190476190476191,pooled_feature_p02_p98
GROUP_complete,supervised,CY-Bench_wheat_AU|AU-231|2021,0,weather_observed_days,178.0,0.1029023844748735,1,observation_support,False,0.6190476190476191,pooled_feature_p02_p98
GROUP_complete,supervised,CY-Bench_wheat_AU|AU-231|2022,0,weather_observed_days,178.0,0.1210981290787458,1,observation_support,False,0.6190476190476191,pooled_feature_p02_p98
GROUP_complete,supervised,CY-Bench_wheat_AU|AU-231|2023,0,weather_observed_days,178.0,0.1820109765976667,1,observation_support,False,0.6190476190476191,pooled_feature_p02_p98
GROUP_complete,supervised,CY-Bench_wheat_AU|AU-312|2003,0,weather_observed_days,173.0,0.0459793955087661,1,observation_support,False,0.5,pooled_feature_p02_p98
GROUP_complete,supervised,CY-Bench_wheat_AU|AU-312|2009,0,weather_observed_days,173.0,0.0478788614273071,1,observation_support,False,0.5,pooled_feature_p02_p98
GROUP_complete,supervised,CY-Bench_wheat_AU|AU-322|2001,0,weather_observed_days,186.0,-0.0332740917801857,1,observation_support,False,0.8095238095238095,pooled_feature_p02_p98
GROUP_complete,supervised,CY-Bench_wheat_AU|AU-322|2002,0,weather_observed_days,186.0,-0.2534314598888159,1,observation_support,False,0.8095238095238095,pooled_feature_p02_p98
GROUP_complete,supervised,CY-Bench_wheat_AU|AU-322|2003,0,weather_observed_days,186.0,-0.1066370215266943,1,observation_support,False,0.8095238095238095,pooled_feature_p02_p98
GROUP_complete,supervised,CY-Bench_wheat_AU|AU-322|2004,0,weather_observed_days,186.0,-0.0536460448056459,1,observation_support,False,0.8095238095238095,pooled_feature_p02_p98
GROUP_complete,supervised,CY-Bench_wheat_AU|AU-322|2005,0,weather_observed_days,186.0,-0.0897814072668552,1,observation_support,False,0.8095238095238095,pooled_feature_p02_p98
GROUP_complete,supervised,CY-Bench_wheat_AU|AU-322|2006,0,weather_observed_days,186.0,-0.2011726014316082,1,observation_support,False,0.8095238095238095,pooled_feature_p02_p98
GROUP_complete,supervised,CY-Bench_wheat_AU|AU-322|2007,0,weather_observed_days,186.0,-0.0848162770271301,1,observation_support,False,0.8095238095238095,pooled_feature_p02_p98
GROUP_complete,supervised,CY-Bench_wheat_AU|AU-322|2008,0,weather_observed_days,186.0,-0.0659946631640195,1,observation_support,False,0.8095238095238095,pooled_feature_p02_p98
GROUP_complete,supervised,CY-Bench_wheat_AU|AU-322|2009,0,weather_observed_days,186.0,-0.2917126826941967,1,observation_support,False,0.8095238095238095,pooled_feature_p02_p98
GROUP_complete,supervised,CY-Bench_wheat_AU|AU-322|2010,0,weather_observed_days,186.0,-0.1033927425742149,1,observation_support,False,0.8095238095238095,pooled_feature_p02_p98
GROUP_complete,supervised,CY-Bench_wheat_AU|AU-322|2011,0,weather_observed_days,186.0,-0.0414936393499374,1,observation_support,False,0.8095238095238095,pooled_feature_p02_p98
GROUP_complete,supervised,CY-Bench_wheat_AU|AU-322|2012,0,weather_observed_days,186.0,-0.1645555924624204,1,observation_support,False,0.8095238095238095,pooled_feature_p02_p98
GROUP_complete,supervised,CY-Bench_wheat_AU|AU-322|2013,0,weather_observed_days,186.0,-0.2323104348033666,1,observation_support,False,0.8095238095238095,pooled_feature_p02_p98
GROUP_complete,supervised,CY-Bench_wheat_AU|AU-322|2014,0,weather_observed_days,186.0,-0.2115595154464244,1,observation_support,False,0.8095238095238095,pooled_feature_p02_p98
GROUP_complete,supervised,CY-Bench_wheat_AU|AU-322|2015,0,weather_observed_days,186.0,-0.1545911710709333,1,observation_support,False,0.8095238095238095,pooled_feature_p02_p98
GROUP_complete,supervised,CY-Bench_wheat_AU|AU-322|2016,0,weather_observed_days,186.0,-0.0780687518417835,1,observation_support,False,0.8095238095238095,pooled_feature_p02_p98
GROUP_complete,supervised,CY-Bench_wheat_AU|AU-322|2017,0,weather_observed_days,186.0,-0.1414702758193016,1,observation_support,False,0.8095238095238095,pooled_feature_p02_p98
GROUP_complete,supervised,CY-Bench_wheat_AU|AU-322|2018,0,weather_observed_days,186.0,-0.1747293174266815,1,observation_support,False,0.8095238095238095,pooled_feature_p02_p98
GROUP_complete,supervised,CY-Bench_wheat_AU|AU-322|2019,0,weather_observed_days,186.0,-0.3654131516814232,1,observation_support,False,0.8095238095238095,pooled_feature_p02_p98
GROUP_complete,supervised,CY-Bench_wheat_AU|AU-322|2020,0,weather_observed_days,186.0,-0.199842469766736,1,observation_support,False,0.8095238095238095,pooled_feature_p02_p98
GROUP_complete,supervised,CY-Bench_wheat_AU|AU-322|2021,0,weather_observed_days,186.0,-0.0584341511130332,1,observation_support,False,0.8095238095238095,pooled_feature_p02_p98
GROUP_complete,supervised,CY-Bench_wheat_AU|AU-322|2022,0,weather_observed_days,186.0,-0.051414992660284,1,observation_support,False,0.8095238095238095,pooled_feature_p02_p98
GROUP_complete,supervised,CY-Bench_wheat_AU|AU-322|2023,0,weather_observed_days,186.0,-0.1928983591496944,1,observation_support,False,0.8095238095238095,pooled_feature_p02_p98
GROUP_complete,supervised,CY-Bench_wheat_AU|AU-331|2001,0,weather_observed_days,184.0,-0.102599186822772,1,observation_support,False,0.7619047619047619,pooled_feature_p02_p98
GROUP_complete,supervised,CY-Bench_wheat_AU|AU-331|2002,0,weather_observed_days,184.0,-0.1814114544540643,1,observation_support,False,0.7619047619047619,pooled_feature_p02_p98
GROUP_complete,supervised,CY-Bench_wheat_AU|AU-331|2003,0,weather_observed_days,184.0,-0.1071362327784299,1,observation_support,False,0.7619047619047619,pooled_feature_p02_p98
GROUP_complete,supervised,CY-Bench_wheat_AU|AU-331|2004,0,weather_observed_days,184.0,-0.1049070674926042,1,observation_support,False,0.7619047619047619,pooled_feature_p02_p98
GROUP_complete,supervised,CY-Bench_wheat_AU|AU-331|2005,0,weather_observed_days,184.0,-0.1280058082193136,1,observation_support,False,0.7619047619047619,pooled_feature_p02_p98
GROUP_complete,supervised,CY-Bench_wheat_AU|AU-331|2006,0,weather_observed_days,184.0,-0.1106946337968111,1,observation_support,False,0.7619047619047619,pooled_feature_p02_p98
GROUP_complete,supervised,CY-Bench_wheat_AU|AU-331|2007,0,weather_observed_days,184.0,-0.0592689421027898,1,observation_support,False,0.7619047619047619,pooled_feature_p02_p98
GROUP_complete,supervised,CY-Bench_wheat_AU|AU-331|2008,0,weather_observed_days,184.0,-0.0783897247165441,1,observation_support,False,0.7619047619047619,pooled_feature_p02_p98
GROUP_complete,supervised,CY-Bench_wheat_AU|AU-331|2009,0,weather_observed_days,184.0,-0.2070748619735241,1,observation_support,False,0.7619047619047619,pooled_feature_p02_p98
GROUP_complete,supervised,CY-Bench_wheat_AU|AU-331|2010,0,weather_observed_days,184.0,-0.0663046296685934,1,observation_support,False,0.7619047619047619,pooled_feature_p02_p98
GROUP_complete,supervised,CY-Bench_wheat_AU|AU-331|2011,0,weather_observed_days,184.0,-0.0763516165316104,1,observation_support,False,0.7619047619047619,pooled_feature_p02_p98
GROUP_complete,supervised,CY-Bench_wheat_AU|AU-331|2012,0,weather_observed_days,184.0,-0.0825685560703277,1,observation_support,False,0.7619047619047619,pooled_feature_p02_p98
GROUP_complete,supervised,CY-Bench_wheat_AU|AU-331|2013,0,weather_observed_days,184.0,-0.1473109703510999,1,observation_support,False,0.7619047619047619,pooled_feature_p02_p98
GROUP_complete,supervised,CY-Bench_wheat_AU|AU-331|2014,0,weather_observed_days,184.0,-0.1057989262044429,1,observation_support,False,0.7619047619047619,pooled_feature_p02_p98
GROUP_complete,supervised,CY-Bench_wheat_AU|AU-331|2015,0,weather_observed_days,184.0,-0.1126167476177215,1,observation_support,False,0.7619047619047619,pooled_feature_p02_p98
GROUP_complete,supervised,CY-Bench_wheat_AU|AU-331|2016,0,weather_observed_days,184.0,-0.0804708171635866,1,observation_support,False,0.7619047619047619,pooled_feature_p02_p98
GROUP_complete,supervised,CY-Bench_wheat_AU|AU-331|2017,0,weather_observed_days,184.0,-0.1227146908640861,1,observation_support,False,0.7619047619047619,pooled_feature_p02_p98
GROUP_complete,supervised,CY-Bench_wheat_AU|AU-331|2018,0,weather_observed_days,184.0,-0.1343714799731969,1,observation_support,False,0.7619047619047619,pooled_feature_p02_p98
GROUP_complete,supervised,CY-Bench_wheat_AU|AU-331|2019,0,weather_observed_days,184.0,-0.2132745329290628,1,observation_support,False,0.7619047619047619,pooled_feature_p02_p98
GROUP_complete,supervised,CY-Bench_wheat_AU|AU-331|2020,0,weather_observed_days,184.0,-0.1502492036670446,1,observation_support,False,0.7619047619047619,pooled_feature_p02_p98
GROUP_complete,supervised,CY-Bench_wheat_AU|AU-331|2021,0,weather_observed_days,184.0,-0.0874102748930454,1,observation_support,False,0.7619047619047619,pooled_feature_p02_p98
GROUP_complete,supervised,CY-Bench_wheat_AU|AU-331|2022,0,weather_observed_days,184.0,-0.0610417574644088,1,observation_support,False,0.7619047619047619,pooled_feature_p02_p98
GROUP_complete,supervised,CY-Bench_wheat_AU|AU-331|2023,0,weather_observed_days,184.0,-0.1275372542440891,1,observation_support,False,0.7619047619047619,pooled_feature_p02_p98
GROUP_complete,supervised,CY-Bench_wheat_AU|AU-332|2015,0,weather_observed_days,170.0,0.7933017555624247,1,observation_support,False,0.42857142857142855,pooled_feature_p02_p98
GROUP_complete,supervised,CY-Bench_wheat_AU|AU-411|2001,0,weather_observed_days,152.0,-0.1569122951477766,1,observation_support,False,0.0,pooled_feature_p02_p98
GROUP_complete,supervised,CY-Bench_wheat_AU|AU-411|2002,0,weather_observed_days,152.0,-0.1048192251473665,1,observation_support,False,0.0,pooled_feature_p02_p98
GROUP_complete,supervised,CY-Bench_wheat_AU|AU-411|2003,0,weather_observed_days,152.0,-0.2059667259454727,1,observation_support,False,0.0,pooled_feature_p02_p98
GROUP_complete,supervised,CY-Bench_wheat_AU|AU-411|2004,0,weather_observed_days,152.0,-0.2047749683260917,1,observation_support,False,0.0,pooled_feature_p02_p98
GROUP_complete,supervised,CY-Bench_wheat_AU|AU-411|2005,0,weather_observed_days,152.0,-0.176121512427926,1,observation_support,False,0.0,pooled_feature_p02_p98
GROUP_complete,supervised,CY-Bench_wheat_AU|AU-411|2006,0,weather_observed_days,152.0,-0.1226703971624374,1,observation_support,False,0.0,pooled_feature_p02_p98
GROUP_complete,supervised,CY-Bench_wheat_AU|AU-411|2007,0,weather_observed_days,152.0,-0.0968704242259264,1,observation_support,False,0.0,pooled_feature_p02_p98
GROUP_complete,supervised,CY-Bench_wheat_AU|AU-411|2008,0,weather_observed_days,152.0,-0.1318301409482956,1,observation_support,False,0.0,pooled_feature_p02_p98
GROUP_complete,supervised,CY-Bench_wheat_AU|AU-411|2009,0,weather_observed_days,152.0,-0.0957727711647749,1,observation_support,False,0.0,pooled_feature_p02_p98
GROUP_complete,supervised,CY-Bench_wheat_AU|AU-411|2010,0,weather_observed_days,152.0,-0.2367946971207857,1,observation_support,False,0.0,pooled_feature_p02_p98
GROUP_complete,supervised,CY-Bench_wheat_AU|AU-411|2011,0,weather_observed_days,152.0,-0.1513808537274599,1,observation_support,False,0.0,pooled_feature_p02_p98
GROUP_complete,supervised,CY-Bench_wheat_AU|AU-411|2012,0,weather_observed_days,152.0,-0.0973008889704942,1,observation_support,False,0.0,pooled_feature_p02_p98
GROUP_complete,supervised,CY-Bench_wheat_AU|AU-411|2013,0,weather_observed_days,152.0,-0.076867114752531,1,observation_support,False,0.0,pooled_feature_p02_p98
GROUP_complete,supervised,CY-Bench_wheat_AU|AU-411|2014,0,weather_observed_days,152.0,-0.1143539976328611,1,observation_support,False,0.0,pooled_feature_p02_p98
GROUP_complete,supervised,CY-Bench_wheat_AU|AU-411|2015,0,weather_observed_days,152.0,-0.1435496527701616,1,observation_support,False,0.0,pooled_feature_p02_p98
GROUP_complete,supervised,CY-Bench_wheat_AU|AU-411|2016,0,weather_observed_days,152.0,-0.1440262701362371,1,observation_support,False,0.0,pooled_feature_p02_p98
GROUP_complete,supervised,CY-Bench_wheat_AU|AU-411|2017,0,weather_observed_days,152.0,-0.1011974513530731,1,observation_support,False,0.0,pooled_feature_p02_p98
GROUP_complete,supervised,CY-Bench_wheat_AU|AU-411|2018,0,weather_observed_days,152.0,-0.0998855885118246,1,observation_support,False,0.0,pooled_feature_p02_p98
GROUP_complete,supervised,CY-Bench_wheat_AU|AU-411|2019,0,weather_observed_days,152.0,-0.145613070577383,1,observation_support,False,0.0,pooled_feature_p02_p98
GROUP_complete,supervised,CY-Bench_wheat_AU|AU-411|2020,0,weather_observed_days,152.0,-0.1497677378356456,1,observation_support,False,0.0,pooled_feature_p02_p98
GROUP_complete,supervised,CY-Bench_wheat_AU|AU-411|2021,0,weather_observed_days,152.0,-0.206879599019885,1,observation_support,False,0.0,pooled_feature_p02_p98
GROUP_complete,supervised,CY-Bench_wheat_AU|AU-411|2022,0,weather_observed_days,152.0,-0.1942094191908836,1,observation_support,False,0.0,pooled_feature_p02_p98
GROUP_complete,supervised,CY-Bench_wheat_AU|AU-411|2023,0,weather_observed_days,152.0,-0.1136982571333646,1,observation_support,False,0.0,pooled_feature_p02_p98
GROUP_complete,supervised,CY-Bench_wheat_AU|AU-421|2001,0,weather_observed_days,170.0,0.0314054824411869,1,observation_support,False,0.42857142857142855,pooled_feature_p02_p98
GROUP_complete,supervised,CY-Bench_wheat_AU|AU-421|2002,0,weather_observed_days,170.0,0.0914667416363954,1,observation_support,False,0.42857142857142855,pooled_feature_p02_p98
GROUP_complete,supervised,CY-Bench_wheat_AU|AU-421|2003,0,weather_observed_days,170.0,0.0566543266177177,1,observation_support,False,0.42857142857142855,pooled_feature_p02_p98
GROUP_complete,supervised,CY-Bench_wheat_AU|AU-421|2004,0,weather_observed_days,170.0,0.0614629462361335,1,observation_support,False,0.42857142857142855,pooled_feature_p02_p98
GROUP_complete,supervised,CY-Bench_wheat_AU|AU-421|2005,0,weather_observed_days,170.0,0.0628518033772707,1,observation_support,False,0.42857142857142855,pooled_feature_p02_p98
GROUP_complete,supervised,CY-Bench_wheat_AU|AU-421|2006,0,weather_observed_days,170.0,0.1374097280204296,1,observation_support,False,0.42857142857142855,pooled_feature_p02_p98
GROUP_complete,supervised,CY-Bench_wheat_AU|AU-421|2007,0,weather_observed_days,170.0,0.1141819320619106,1,observation_support,False,0.42857142857142855,pooled_feature_p02_p98
GROUP_complete,supervised,CY-Bench_wheat_AU|AU-421|2008,0,weather_observed_days,170.0,0.0825657080858945,1,observation_support,False,0.42857142857142855,pooled_feature_p02_p98
GROUP_complete,supervised,CY-Bench_wheat_AU|AU-421|2009,0,weather_observed_days,170.0,0.0904337111860513,1,observation_support,False,0.42857142857142855,pooled_feature_p02_p98
GROUP_complete,supervised,CY-Bench_wheat_AU|AU-421|2010,0,weather_observed_days,170.0,-0.0024856105446815,1,observation_support,False,0.42857142857142855,pooled_feature_p02_p98
GROUP_complete,supervised,CY-Bench_wheat_AU|AU-421|2011,0,weather_observed_days,170.0,0.0651659686118364,1,observation_support,False,0.42857142857142855,pooled_feature_p02_p98
GROUP_complete,supervised,CY-Bench_wheat_AU|AU-421|2012,0,weather_observed_days,170.0,0.1099824123084545,1,observation_support,False,0.42857142857142855,pooled_feature_p02_p98
GROUP_complete,supervised,CY-Bench_wheat_AU|AU-421|2013,0,weather_observed_days,170.0,0.087612722069025,1,observation_support,False,0.42857142857142855,pooled_feature_p02_p98
GROUP_complete,supervised,CY-Bench_wheat_AU|AU-421|2014,0,weather_observed_days,170.0,0.1058066524565219,1,observation_support,False,0.42857142857142855,pooled_feature_p02_p98
GROUP_complete,supervised,CY-Bench_wheat_AU|AU-421|2015,0,weather_observed_days,170.0,0.0966995228081941,1,observation_support,False,0.42857142857142855,pooled_feature_p02_p98
GROUP_complete,supervised,CY-Bench_wheat_AU|AU-421|2016,0,weather_observed_days,170.0,0.0668629799038171,1,observation_support,False,0.42857142857142855,pooled_feature_p02_p98
GROUP_complete,supervised,CY-Bench_wheat_AU|AU-421|2017,0,weather_observed_days,170.0,0.0623639617115259,1,observation_support,False,0.42857142857142855,pooled_feature_p02_p98
GROUP_complete,supervised,CY-Bench_wheat_AU|AU-421|2018,0,weather_observed_days,170.0,0.06825434230268,1,observation_support,False,0.42857142857142855,pooled_feature_p02_p98
GROUP_complete,supervised,CY-Bench_wheat_AU|AU-421|2019,0,weather_observed_days,170.0,0.099122516810894,1,observation_support,False,0.42857142857142855,pooled_feature_p02_p98
GROUP_complete,supervised,CY-Bench_wheat_AU|AU-421|2020,0,weather_observed_days,170.0,0.0684950556606054,1,observation_support,False,0.42857142857142855,pooled_feature_p02_p98
GROUP_complete,supervised,CY-Bench_wheat_AU|AU-421|2021,0,weather_observed_days,170.0,0.0488686170428991,1,observation_support,False,0.42857142857142855,pooled_feature_p02_p98
GROUP_complete,supervised,CY-Bench_wheat_AU|AU-421|2022,0,weather_observed_days,170.0,-0.0079455133527517,1,observation_support,False,0.42857142857142855,pooled_feature_p02_p98
GROUP_complete,supervised,CY-Bench_wheat_AU|AU-421|2023,0,weather_observed_days,170.0,0.0937933549284935,1,observation_support,False,0.42857142857142855,pooled_feature_p02_p98
GROUP_complete,supervised,CY-Bench_wheat_AU|AU-422|2001,0,weather_observed_days,152.0,-0.5004247631877661,1,observation_support,False,0.0,pooled_feature_p02_p98
GROUP_complete,supervised,CY-Bench_wheat_AU|AU-422|2002,0,weather_observed_days,152.0,-0.364891143515706,1,observation_support,False,0.0,pooled_feature_p02_p98
GROUP_complete,supervised,CY-Bench_wheat_AU|AU-422|2003,0,weather_observed_days,152.0,-0.4122878853231668,1,observation_support,False,0.0,pooled_feature_p02_p98
GROUP_complete,supervised,CY-Bench_wheat_AU|AU-422|2004,0,weather_observed_days,152.0,-0.4313642978668213,1,observation_support,False,0.0,pooled_feature_p02_p98
GROUP_complete,supervised,CY-Bench_wheat_AU|AU-422|2005,0,weather_observed_days,152.0,-0.4517474249005317,1,observation_support,False,0.0,pooled_feature_p02_p98
GROUP_complete,supervised,CY-Bench_wheat_AU|AU-422|2006,0,weather_observed_days,152.0,-0.2637806236743927,1,observation_support,False,0.0,pooled_feature_p02_p98
GROUP_complete,supervised,CY-Bench_wheat_AU|AU-422|2007,0,weather_observed_days,152.0,-0.2774985805153847,1,observation_support,False,0.0,pooled_feature_p02_p98
GROUP_complete,supervised,CY-Bench_wheat_AU|AU-422|2008,0,weather_observed_days,152.0,-0.3998977094888687,1,observation_support,False,0.0,pooled_feature_p02_p98
GROUP_complete,supervised,CY-Bench_wheat_AU|AU-422|2009,0,weather_observed_days,152.0,-0.2214708011597395,1,observation_support,False,0.0,pooled_feature_p02_p98
GROUP_complete,supervised,CY-Bench_wheat_AU|AU-422|2010,0,weather_observed_days,152.0,-0.4546703565865755,1,observation_support,False,0.0,pooled_feature_p02_p98
GROUP_complete,supervised,CY-Bench_wheat_AU|AU-422|2011,0,weather_observed_days,152.0,-0.3294178433716297,1,observation_support,False,0.0,pooled_feature_p02_p98
GROUP_complete,supervised,CY-Bench_wheat_AU|AU-422|2012,0,weather_observed_days,152.0,-0.3961800020188093,1,observation_support,False,0.0,pooled_feature_p02_p98
GROUP_complete,supervised,CY-Bench_wheat_AU|AU-422|2013,0,weather_observed_days,152.0,-0.3228736463934183,1,observation_support,False,0.0,pooled_feature_p02_p98
GROUP_complete,supervised,CY-Bench_wheat_AU|AU-422|2014,0,weather_observed_days,152.0,-0.3020372744649648,1,observation_support,False,0.0,pooled_feature_p02_p98
GROUP_complete,supervised,CY-Bench_wheat_AU|AU-422|2015,0,weather_observed_days,152.0,-0.3399064652621746,1,observation_support,False,0.0,pooled_feature_p02_p98
GROUP_complete,supervised,CY-Bench_wheat_AU|AU-422|2016,0,weather_observed_days,152.0,-0.4797875806689262,1,observation_support,False,0.0,pooled_feature_p02_p98
GROUP_complete,supervised,CY-Bench_wheat_AU|AU-422|2017,0,weather_observed_days,152.0,-0.3399268761277199,1,observation_support,False,0.0,pooled_feature_p02_p98
GROUP_complete,supervised,CY-Bench_wheat_AU|AU-422|2018,0,weather_observed_days,152.0,-0.3585032001137733,1,observation_support,False,0.0,pooled_feature_p02_p98
GROUP_complete,supervised,CY-Bench_wheat_AU|AU-422|2019,0,weather_observed_days,152.0,-0.3503600694239139,1,observation_support,False,0.0,pooled_feature_p02_p98
GROUP_complete,supervised,CY-Bench_wheat_AU|AU-422|2020,0,weather_observed_days,152.0,-0.3897117339074611,1,observation_support,False,0.0,pooled_feature_p02_p98
GROUP_complete,supervised,CY-Bench_wheat_AU|AU-422|2021,0,weather_observed_days,152.0,-0.4425723496824503,1,observation_support,False,0.0,pooled_feature_p02_p98
GROUP_complete,supervised,CY-Bench_wheat_AU|AU-422|2022,0,weather_observed_days,152.0,-0.4747602567076683,1,observation_support,False,0.0,pooled_feature_p02_p98
GROUP_complete,supervised,CY-Bench_wheat_AU|AU-422|2023,0,weather_observed_days,152.0,-0.300305986776948,1,observation_support,False,0.0,pooled_feature_p02_p98
GROUP_complete,supervised,CY-Bench_wheat_AU|AU-431|2001,0,weather_observed_days,166.0,-0.06512477528303855,2,observation_support,False,0.3333333333333333,pooled_feature_p02_p98
GROUP_complete,supervised,CY-Bench_wheat_AU|AU-431|2002,0,weather_observed_days,166.0,0.127974565140903,2,observation_support,False,0.3333333333333333,pooled_feature_p02_p98
GROUP_complete,supervised,CY-Bench_wheat_AU|AU-431|2003,0,weather_observed_days,166.0,0.011285088956356049,2,observation_support,False,0.3333333333333333,pooled_feature_p02_p98
GROUP_complete,supervised,CY-Bench_wheat_AU|AU-431|2004,0,weather_observed_days,166.0,0.11956080980598924,2,observation_support,False,0.3333333333333333,pooled_feature_p02_p98
GROUP_complete,supervised,CY-Bench_wheat_AU|AU-431|2005,0,weather_observed_days,166.0,0.032904296182096,2,observation_support,False,0.3333333333333333,pooled_feature_p02_p98
GROUP_complete,supervised,CY-Bench_wheat_AU|AU-431|2006,0,weather_observed_days,166.0,0.1938426364213228,2,observation_support,False,0.3333333333333333,pooled_feature_p02_p98
GROUP_complete,supervised,CY-Bench_wheat_AU|AU-431|2007,0,weather_observed_days,166.0,0.12255706824362281,2,observation_support,False,0.3333333333333333,pooled_feature_p02_p98
GROUP_complete,supervised,CY-Bench_wheat_AU|AU-431|2008,0,weather_observed_days,166.0,0.09557018987834455,2,observation_support,False,0.3333333333333333,pooled_feature_p02_p98
GROUP_complete,supervised,CY-Bench_wheat_AU|AU-431|2009,0,weather_observed_days,166.0,0.1811753483489156,2,observation_support,False,0.3333333333333333,pooled_feature_p02_p98
GROUP_complete,supervised,CY-Bench_wheat_AU|AU-431|2010,0,weather_observed_days,166.0,-0.04344042390584946,2,observation_support,False,0.3333333333333333,pooled_feature_p02_p98
GROUP_complete,supervised,CY-Bench_wheat_AU|AU-431|2011,0,weather_observed_days,166.0,0.1164075117558241,2,observation_support,False,0.3333333333333333,pooled_feature_p02_p98
GROUP_complete,supervised,CY-Bench_wheat_AU|AU-431|2012,0,weather_observed_days,166.0,0.0945465434342623,2,observation_support,False,0.3333333333333333,pooled_feature_p02_p98
GROUP_complete,supervised,CY-Bench_wheat_AU|AU-431|2013,0,weather_observed_days,166.0,0.1393926925957203,2,observation_support,False,0.3333333333333333,pooled_feature_p02_p98
GROUP_complete,supervised,CY-Bench_wheat_AU|AU-431|2014,0,weather_observed_days,166.0,0.13684858940541744,2,observation_support,False,0.3333333333333333,pooled_feature_p02_p98
GROUP_complete,supervised,CY-Bench_wheat_AU|AU-431|2015,0,weather_observed_days,166.0,0.1386747658252716,2,observation_support,False,0.3333333333333333,pooled_feature_p02_p98
GROUP_complete,supervised,CY-Bench_wheat_AU|AU-431|2016,0,weather_observed_days,166.0,-0.05649414286017415,2,observation_support,False,0.3333333333333333,pooled_feature_p02_p98
GROUP_complete,supervised,CY-Bench_wheat_AU|AU-431|2017,0,weather_observed_days,166.0,0.17077390383929017,2,observation_support,False,0.3333333333333333,pooled_feature_p02_p98
GROUP_complete,supervised,CY-Bench_wheat_AU|AU-431|2018,0,weather_observed_days,166.0,0.13789743650704622,2,observation_support,False,0.3333333333333333,pooled_feature_p02_p98
GROUP_complete,supervised,CY-Bench_wheat_AU|AU-431|2019,0,weather_observed_days,166.0,0.10493416432291269,2,observation_support,False,0.3333333333333333,pooled_feature_p02_p98
GROUP_complete,supervised,CY-Bench_wheat_AU|AU-431|2020,0,weather_observed_days,166.0,0.15809602662920955,2,observation_support,False,0.3333333333333333,pooled_feature_p02_p98
GROUP_complete,supervised,CY-Bench_wheat_AU|AU-431|2021,0,weather_observed_days,166.0,0.047928838990628754,2,observation_support,False,0.3333333333333333,pooled_feature_p02_p98
GROUP_complete,supervised,CY-Bench_wheat_AU|AU-431|2022,0,weather_observed_days,166.0,0.0359736364334822,2,observation_support,False,0.3333333333333333,pooled_feature_p02_p98
GROUP_complete,supervised,CY-Bench_wheat_AU|AU-431|2023,0,weather_observed_days,166.0,0.10944903641939165,2,observation_support,False,0.3333333333333333,pooled_feature_p02_p98
GROUP_complete,supervised,CY-Bench_wheat_AU|AU-521|2001,0,weather_observed_days,172.0,0.057693438604474,1,observation_support,False,0.47619047619047616,pooled_feature_p02_p98
GROUP_complete,supervised,CY-Bench_wheat_AU|AU-521|2002,0,weather_observed_days,172.0,0.0568902511149644,1,observation_support,False,0.47619047619047616,pooled_feature_p02_p98
GROUP_complete,supervised,CY-Bench_wheat_AU|AU-521|2003,0,weather_observed_days,172.0,0.0448040273040533,1,observation_support,False,0.47619047619047616,pooled_feature_p02_p98
GROUP_complete,supervised,CY-Bench_wheat_AU|AU-521|2004,0,weather_observed_days,172.0,0.0437904056161642,1,observation_support,False,0.47619047619047616,pooled_feature_p02_p98
GROUP_complete,supervised,CY-Bench_wheat_AU|AU-521|2005,0,weather_observed_days,172.0,0.0334546435624361,1,observation_support,False,0.47619047619047616,pooled_feature_p02_p98
GROUP_complete,supervised,CY-Bench_wheat_AU|AU-521|2006,0,weather_observed_days,172.0,0.0521122980862855,1,observation_support,False,0.47619047619047616,pooled_feature_p02_p98
GROUP_complete,supervised,CY-Bench_wheat_AU|AU-521|2007,0,weather_observed_days,172.0,0.0490713622421026,1,observation_support,False,0.47619047619047616,pooled_feature_p02_p98
GROUP_complete,supervised,CY-Bench_wheat_AU|AU-521|2008,0,weather_observed_days,172.0,0.034387681633234,1,observation_support,False,0.47619047619047616,pooled_feature_p02_p98
GROUP_complete,supervised,CY-Bench_wheat_AU|AU-521|2009,0,weather_observed_days,172.0,0.0408344808965921,1,observation_support,False,0.47619047619047616,pooled_feature_p02_p98
GROUP_complete,supervised,CY-Bench_wheat_AU|AU-521|2010,0,weather_observed_days,172.0,0.0651728436350822,1,observation_support,False,0.47619047619047616,pooled_feature_p02_p98
GROUP_complete,supervised,CY-Bench_wheat_AU|AU-521|2011,0,weather_observed_days,172.0,0.0454440880566835,1,observation_support,False,0.47619047619047616,pooled_feature_p02_p98
GROUP_complete,supervised,CY-Bench_wheat_AU|AU-521|2012,0,weather_observed_days,172.0,0.0503269210457801,1,observation_support,False,0.47619047619047616,pooled_feature_p02_p98
GROUP_complete,supervised,CY-Bench_wheat_AU|AU-521|2013,0,weather_observed_days,172.0,0.0413888003677129,1,observation_support,False,0.47619047619047616,pooled_feature_p02_p98
GROUP_complete,supervised,CY-Bench_wheat_AU|AU-521|2014,0,weather_observed_days,172.0,0.0447744894772768,1,observation_support,False,0.47619047619047616,pooled_feature_p02_p98
GROUP_complete,supervised,CY-Bench_wheat_AU|AU-521|2015,0,weather_observed_days,172.0,0.0437288079410791,1,observation_support,False,0.47619047619047616,pooled_feature_p02_p98
GROUP_complete,supervised,CY-Bench_wheat_AU|AU-521|2016,0,weather_observed_days,172.0,0.0428288541734218,1,observation_support,False,0.47619047619047616,pooled_feature_p02_p98
GROUP_complete,supervised,CY-Bench_wheat_AU|AU-521|2017,0,weather_observed_days,172.0,0.0363274589180946,1,observation_support,False,0.47619047619047616,pooled_feature_p02_p98
GROUP_complete,supervised,CY-Bench_wheat_AU|AU-521|2018,0,weather_observed_days,172.0,0.0468642208725214,1,observation_support,False,0.47619047619047616,pooled_feature_p02_p98
GROUP_complete,supervised,CY-Bench_wheat_AU|AU-521|2019,0,weather_observed_days,172.0,0.0417406782507896,1,observation_support,False,0.47619047619047616,pooled_feature_p02_p98
GROUP_complete,supervised,CY-Bench_wheat_AU|AU-521|2020,0,weather_observed_days,172.0,0.046170400455594,1,observation_support,False,0.47619047619047616,pooled_feature_p02_p98
GROUP_complete,supervised,CY-Bench_wheat_AU|AU-521|2021,0,weather_observed_days,172.0,0.0435919146984815,1,observation_support,False,0.47619047619047616,pooled_feature_p02_p98
GROUP_complete,supervised,CY-Bench_wheat_AU|AU-521|2022,0,weather_observed_days,172.0,0.0690381862223148,1,observation_support,False,0.47619047619047616,pooled_feature_p02_p98
GROUP_complete,supervised,CY-Bench_wheat_AU|AU-521|2023,0,weather_observed_days,172.0,0.0516943167895078,1,observation_support,False,0.47619047619047616,pooled_feature_p02_p98
GROUP_complete,supervised,CY-Bench_wheat_AU|AU-522|2001,0,weather_observed_days,188.0,0.2365847285836935,1,observation_support,False,0.8571428571428571,pooled_feature_p02_p98
GROUP_complete,supervised,CY-Bench_wheat_AU|AU-522|2002,0,weather_observed_days,188.0,0.2862381264567375,1,observation_support,False,0.8571428571428571,pooled_feature_p02_p98
GROUP_complete,supervised,CY-Bench_wheat_AU|AU-522|2003,0,weather_observed_days,188.0,0.2352891135960817,1,observation_support,False,0.8571428571428571,pooled_feature_p02_p98
GROUP_complete,supervised,CY-Bench_wheat_AU|AU-522|2004,0,weather_observed_days,188.0,0.2816756963729858,1,observation_support,False,0.8571428571428571,pooled_feature_p02_p98
GROUP_complete,supervised,CY-Bench_wheat_AU|AU-522|2005,0,weather_observed_days,188.0,0.1982406508177518,1,observation_support,False,0.8571428571428571,pooled_feature_p02_p98
GROUP_complete,supervised,CY-Bench_wheat_AU|AU-522|2006,0,weather_observed_days,188.0,0.3138398379087448,1,observation_support,False,0.8571428571428571,pooled_feature_p02_p98
GROUP_complete,supervised,CY-Bench_wheat_AU|AU-522|2007,0,weather_observed_days,188.0,0.3088079150766134,1,observation_support,False,0.8571428571428571,pooled_feature_p02_p98
GROUP_complete,supervised,CY-Bench_wheat_AU|AU-522|2008,0,weather_observed_days,188.0,0.2794326283037662,1,observation_support,False,0.8571428571428571,pooled_feature_p02_p98
GROUP_complete,supervised,CY-Bench_wheat_AU|AU-522|2009,0,weather_observed_days,188.0,0.2391574904322624,1,observation_support,False,0.8571428571428571,pooled_feature_p02_p98
GROUP_complete,supervised,CY-Bench_wheat_AU|AU-522|2010,0,weather_observed_days,188.0,0.2117976732552051,1,observation_support,False,0.8571428571428571,pooled_feature_p02_p98
GROUP_complete,supervised,CY-Bench_wheat_AU|AU-522|2011,0,weather_observed_days,188.0,0.2092473898082971,1,observation_support,False,0.8571428571428571,pooled_feature_p02_p98
GROUP_complete,supervised,CY-Bench_wheat_AU|AU-522|2012,0,weather_observed_days,188.0,0.2629187759011984,1,observation_support,False,0.8571428571428571,pooled_feature_p02_p98
GROUP_complete,supervised,CY-Bench_wheat_AU|AU-522|2013,0,weather_observed_days,188.0,0.2347099855542183,1,observation_support,False,0.8571428571428571,pooled_feature_p02_p98
GROUP_complete,supervised,CY-Bench_wheat_AU|AU-522|2014,0,weather_observed_days,188.0,0.2943168208003044,1,observation_support,False,0.8571428571428571,pooled_feature_p02_p98
GROUP_complete,supervised,CY-Bench_wheat_AU|AU-522|2015,0,weather_observed_days,188.0,0.2745450958609581,1,observation_support,False,0.8571428571428571,pooled_feature_p02_p98
GROUP_complete,supervised,CY-Bench_wheat_AU|AU-522|2016,0,weather_observed_days,188.0,0.2105471696704626,1,observation_support,False,0.8571428571428571,pooled_feature_p02_p98
GROUP_complete,supervised,CY-Bench_wheat_AU|AU-522|2017,0,weather_observed_days,188.0,0.2496071737259626,1,observation_support,False,0.8571428571428571,pooled_feature_p02_p98
GROUP_complete,supervised,CY-Bench_wheat_AU|AU-522|2018,0,weather_observed_days,188.0,0.3060474190860986,1,observation_support,False,0.8571428571428571,pooled_feature_p02_p98
GROUP_complete,supervised,CY-Bench_wheat_AU|AU-522|2019,0,weather_observed_days,188.0,0.214864769950509,1,observation_support,False,0.8571428571428571,pooled_feature_p02_p98
GROUP_complete,supervised,CY-Bench_wheat_AU|AU-522|2020,0,weather_observed_days,188.0,0.2963307406753301,1,observation_support,False,0.8571428571428571,pooled_feature_p02_p98
GROUP_complete,supervised,CY-Bench_wheat_AU|AU-522|2021,0,weather_observed_days,188.0,0.1995791494846344,1,observation_support,False,0.8571428571428571,pooled_feature_p02_p98
GROUP_complete,supervised,CY-Bench_wheat_AU|AU-522|2022,0,weather_observed_days,188.0,0.1419343836605548,1,observation_support,False,0.8571428571428571,pooled_feature_p02_p98
GROUP_complete,supervised,CY-Bench_wheat_AU|AU-522|2023,0,weather_observed_days,188.0,0.2325406372547149,1,observation_support,False,0.8571428571428571,pooled_feature_p02_p98
GROUP_complete,supervised,CY-Bench_wheat_AU|AU-111|2001,1,weather_expected_days,173.0,0.0443533640354871,1,observation_support,False,0.5,pooled_feature_p02_p98
GROUP_complete,supervised,CY-Bench_wheat_AU|AU-111|2002,1,weather_expected_days,173.0,-0.0068161729723215,1,observation_support,False,0.5,pooled_feature_p02_p98
GROUP_complete,supervised,CY-Bench_wheat_AU|AU-111|2003,1,weather_expected_days,173.0,0.0372388325631618,1,observation_support,False,0.5,pooled_feature_p02_p98
GROUP_complete,supervised,CY-Bench_wheat_AU|AU-111|2004,1,weather_expected_days,173.0,-0.0041518807411193,1,observation_support,False,0.5,pooled_feature_p02_p98
GROUP_complete,supervised,CY-Bench_wheat_AU|AU-111|2005,1,weather_expected_days,173.0,0.0223406814038753,1,observation_support,False,0.5,pooled_feature_p02_p98
GROUP_complete,supervised,CY-Bench_wheat_AU|AU-111|2006,1,weather_expected_days,173.0,-0.01978649944067,1,observation_support,False,0.5,pooled_feature_p02_p98
GROUP_complete,supervised,CY-Bench_wheat_AU|AU-111|2007,1,weather_expected_days,173.0,-0.0320681929588317,1,observation_support,False,0.5,pooled_feature_p02_p98
GROUP_complete,supervised,CY-Bench_wheat_AU|AU-111|2008,1,weather_expected_days,173.0,-0.0067607928067445,1,observation_support,False,0.5,pooled_feature_p02_p98
GROUP_complete,supervised,CY-Bench_wheat_AU|AU-111|2009,1,weather_expected_days,173.0,-0.0151610095053911,1,observation_support,False,0.5,pooled_feature_p02_p98
GROUP_complete,supervised,CY-Bench_wheat_AU|AU-111|2010,1,weather_expected_days,173.0,-0.0086312051862478,1,observation_support,False,0.5,pooled_feature_p02_p98
GROUP_complete,supervised,CY-Bench_wheat_AU|AU-111|2011,1,weather_expected_days,173.0,-0.0069137345999479,1,observation_support,False,0.5,pooled_feature_p02_p98
GROUP_complete,supervised,CY-Bench_wheat_AU|AU-111|2012,1,weather_expected_days,173.0,-0.0287276953458786,1,observation_support,False,0.5,pooled_feature_p02_p98
GROUP_complete,supervised,CY-Bench_wheat_AU|AU-111|2013,1,weather_expected_days,173.0,-0.0273902788758277,1,observation_support,False,0.5,pooled_feature_p02_p98
GROUP_complete,supervised,CY-Bench_wheat_AU|AU-111|2014,1,weather_expected_days,173.0,-0.0157315731048584,1,observation_support,False,0.5,pooled_feature_p02_p98
GROUP_complete,supervised,CY-Bench_wheat_AU|AU-111|2015,1,weather_expected_days,173.0,-0.0297433380037546,1,observation_support,False,0.5,pooled_feature_p02_p98
GROUP_complete,supervised,CY-Bench_wheat_AU|AU-111|2016,1,weather_expected_days,173.0,0.0215678419917821,1,observation_support,False,0.5,pooled_feature_p02_p98
GROUP_complete,supervised,CY-Bench_wheat_AU|AU-111|2017,1,weather_expected_days,173.0,-0.0261935349553823,1,observation_support,False,0.5,pooled_feature_p02_p98
GROUP_complete,supervised,CY-Bench_wheat_AU|AU-111|2018,1,weather_expected_days,173.0,-0.0373744089156389,1,observation_support,False,0.5,pooled_feature_p02_p98
GROUP_complete,supervised,CY-Bench_wheat_AU|AU-111|2019,1,weather_expected_days,173.0,-0.0338160283863544,1,observation_support,False,0.5,pooled_feature_p02_p98
GROUP_complete,supervised,CY-Bench_wheat_AU|AU-111|2020,1,weather_expected_days,173.0,-0.0013164095580577,1,observation_support,False,0.5,pooled_feature_p02_p98
GROUP_complete,supervised,CY-Bench_wheat_AU|AU-111|2021,1,weather_expected_days,173.0,0.0652256999164819,1,observation_support,False,0.5,pooled_feature_p02_p98
GROUP_complete,supervised,CY-Bench_wheat_AU|AU-111|2022,1,weather_expected_days,173.0,-0.0123267043381929,1,observation_support,False,0.5,pooled_feature_p02_p98
GROUP_complete,supervised,CY-Bench_wheat_AU|AU-111|2023,1,weather_expected_days,173.0,-0.0175980627536773,1,observation_support,False,0.5,pooled_feature_p02_p98
GROUP_complete,supervised,CY-Bench_wheat_AU|AU-123|2001,1,weather_expected_days,182.0,-0.0010386556386947,1,observation_support,False,0.7142857142857143,pooled_feature_p02_p98
GROUP_complete,supervised,CY-Bench_wheat_AU|AU-123|2002,1,weather_expected_days,182.0,0.003979044035077,1,observation_support,False,0.7142857142857143,pooled_feature_p02_p98
GROUP_complete,supervised,CY-Bench_wheat_AU|AU-123|2003,1,weather_expected_days,182.0,0.0115683935582637,1,observation_support,False,0.7142857142857143,pooled_feature_p02_p98
GROUP_complete,supervised,CY-Bench_wheat_AU|AU-123|2004,1,weather_expected_days,182.0,-0.0036687068641185,1,observation_support,False,0.7142857142857143,pooled_feature_p02_p98
GROUP_complete,supervised,CY-Bench_wheat_AU|AU-123|2005,1,weather_expected_days,182.0,-0.005640372633934,1,observation_support,False,0.7142857142857143,pooled_feature_p02_p98
GROUP_complete,supervised,CY-Bench_wheat_AU|AU-123|2006,1,weather_expected_days,182.0,-0.006682276725769,1,observation_support,False,0.7142857142857143,pooled_feature_p02_p98
GROUP_complete,supervised,CY-Bench_wheat_AU|AU-123|2007,1,weather_expected_days,182.0,-0.0076931789517402,1,observation_support,False,0.7142857142857143,pooled_feature_p02_p98
GROUP_complete,supervised,CY-Bench_wheat_AU|AU-123|2008,1,weather_expected_days,182.0,-0.0001852475106716,1,observation_support,False,0.7142857142857143,pooled_feature_p02_p98
GROUP_complete,supervised,CY-Bench_wheat_AU|AU-123|2009,1,weather_expected_days,182.0,0.0020716674625873,1,observation_support,False,0.7142857142857143,pooled_feature_p02_p98
GROUP_complete,supervised,CY-Bench_wheat_AU|AU-123|2010,1,weather_expected_days,182.0,0.0267751943320035,1,observation_support,False,0.7142857142857143,pooled_feature_p02_p98
GROUP_complete,supervised,CY-Bench_wheat_AU|AU-123|2011,1,weather_expected_days,182.0,-0.0006198417395353,1,observation_support,False,0.7142857142857143,pooled_feature_p02_p98
GROUP_complete,supervised,CY-Bench_wheat_AU|AU-123|2012,1,weather_expected_days,182.0,0.000421417877078,1,observation_support,False,0.7142857142857143,pooled_feature_p02_p98
GROUP_complete,supervised,CY-Bench_wheat_AU|AU-123|2013,1,weather_expected_days,182.0,0.0032272934913635,1,observation_support,False,0.7142857142857143,pooled_feature_p02_p98
GROUP_complete,supervised,CY-Bench_wheat_AU|AU-123|2014,1,weather_expected_days,182.0,-0.0059367474168539,1,observation_support,False,0.7142857142857143,pooled_feature_p02_p98
GROUP_complete,supervised,CY-Bench_wheat_AU|AU-123|2015,1,weather_expected_days,182.0,-0.0078062545508146,1,observation_support,False,0.7142857142857143,pooled_feature_p02_p98
GROUP_complete,supervised,CY-Bench_wheat_AU|AU-123|2016,1,weather_expected_days,182.0,0.01763173379004,1,observation_support,False,0.7142857142857143,pooled_feature_p02_p98
GROUP_complete,supervised,CY-Bench_wheat_AU|AU-123|2017,1,weather_expected_days,182.0,0.0104797221720218,1,observation_support,False,0.7142857142857143,pooled_feature_p02_p98
GROUP_complete,supervised,CY-Bench_wheat_AU|AU-123|2018,1,weather_expected_days,182.0,0.0043719019740819,1,observation_support,False,0.7142857142857143,pooled_feature_p02_p98
GROUP_complete,supervised,CY-Bench_wheat_AU|AU-123|2019,1,weather_expected_days,182.0,0.0013549160212278,1,observation_support,False,0.7142857142857143,pooled_feature_p02_p98
GROUP_complete,supervised,CY-Bench_wheat_AU|AU-123|2020,1,weather_expected_days,182.0,-0.0017231777310371,1,observation_support,False,0.7142857142857143,pooled_feature_p02_p98
GROUP_complete,supervised,CY-Bench_wheat_AU|AU-123|2021,1,weather_expected_days,182.0,0.0075660999864339,1,observation_support,False,0.7142857142857143,pooled_feature_p02_p98
GROUP_complete,supervised,CY-Bench_wheat_AU|AU-123|2022,1,weather_expected_days,182.0,0.0443656761199235,1,observation_support,False,0.7142857142857143,pooled_feature_p02_p98
GROUP_complete,supervised,CY-Bench_wheat_AU|AU-123|2023,1,weather_expected_days,182.0,-0.0064313467592,1,observation_support,False,0.7142857142857143,pooled_feature_p02_p98
GROUP_complete,supervised,CY-Bench_wheat_AU|AU-222|2001,1,weather_expected_days,163.0,-0.1308421865105629,1,observation_support,False,0.2619047619047619,pooled_feature_p02_p98
GROUP_complete,supervised,CY-Bench_wheat_AU|AU-222|2002,1,weather_expected_days,163.0,-0.1708786282688379,1,observation_support,False,0.2619047619047619,pooled_feature_p02_p98
GROUP_complete,supervised,CY-Bench_wheat_AU|AU-222|2003,1,weather_expected_days,163.0,-0.103087842464447,1,observation_support,False,0.2619047619047619,pooled_feature_p02_p98
GROUP_complete,supervised,CY-Bench_wheat_AU|AU-222|2004,1,weather_expected_days,163.0,-0.1026365105062723,1,observation_support,False,0.2619047619047619,pooled_feature_p02_p98
GROUP_complete,supervised,CY-Bench_wheat_AU|AU-222|2005,1,weather_expected_days,163.0,-0.0924182273447513,1,observation_support,False,0.2619047619047619,pooled_feature_p02_p98
GROUP_complete,supervised,CY-Bench_wheat_AU|AU-222|2006,1,weather_expected_days,163.0,-0.0912330970168113,1,observation_support,False,0.2619047619047619,pooled_feature_p02_p98
GROUP_complete,supervised,CY-Bench_wheat_AU|AU-222|2007,1,weather_expected_days,163.0,-0.1174681093543767,1,observation_support,False,0.2619047619047619,pooled_feature_p02_p98
GROUP_complete,supervised,CY-Bench_wheat_AU|AU-222|2008,1,weather_expected_days,163.0,-0.1134550124406814,1,observation_support,False,0.2619047619047619,pooled_feature_p02_p98
GROUP_complete,supervised,CY-Bench_wheat_AU|AU-222|2009,1,weather_expected_days,163.0,-0.1400206964462995,1,observation_support,False,0.2619047619047619,pooled_feature_p02_p98
GROUP_complete,supervised,CY-Bench_wheat_AU|AU-222|2010,1,weather_expected_days,163.0,-0.1104475855827331,1,observation_support,False,0.2619047619047619,pooled_feature_p02_p98
GROUP_complete,supervised,CY-Bench_wheat_AU|AU-222|2011,1,weather_expected_days,163.0,-0.1127905212342739,1,observation_support,False,0.2619047619047619,pooled_feature_p02_p98
GROUP_complete,supervised,CY-Bench_wheat_AU|AU-222|2012,1,weather_expected_days,163.0,-0.1112086847424507,1,observation_support,False,0.2619047619047619,pooled_feature_p02_p98
GROUP_complete,supervised,CY-Bench_wheat_AU|AU-222|2013,1,weather_expected_days,163.0,-0.1124168932437896,1,observation_support,False,0.2619047619047619,pooled_feature_p02_p98
GROUP_complete,supervised,CY-Bench_wheat_AU|AU-222|2014,1,weather_expected_days,163.0,-0.1185336261987686,1,observation_support,False,0.2619047619047619,pooled_feature_p02_p98
GROUP_complete,supervised,CY-Bench_wheat_AU|AU-222|2015,1,weather_expected_days,163.0,-0.1301107332110405,1,observation_support,False,0.2619047619047619,pooled_feature_p02_p98
GROUP_complete,supervised,CY-Bench_wheat_AU|AU-222|2016,1,weather_expected_days,163.0,-0.0850163102149963,1,observation_support,False,0.2619047619047619,pooled_feature_p02_p98
GROUP_complete,supervised,CY-Bench_wheat_AU|AU-222|2017,1,weather_expected_days,163.0,-0.099578988738358,1,observation_support,False,0.2619047619047619,pooled_feature_p02_p98
GROUP_complete,supervised,CY-Bench_wheat_AU|AU-222|2018,1,weather_expected_days,163.0,-0.1331737451255321,1,observation_support,False,0.2619047619047619,pooled_feature_p02_p98
GROUP_complete,supervised,CY-Bench_wheat_AU|AU-222|2019,1,weather_expected_days,163.0,-0.1157800294458866,1,observation_support,False,0.2619047619047619,pooled_feature_p02_p98
GROUP_complete,supervised,CY-Bench_wheat_AU|AU-222|2020,1,weather_expected_days,163.0,-0.0937426593154668,1,observation_support,False,0.2619047619047619,pooled_feature_p02_p98
GROUP_complete,supervised,CY-Bench_wheat_AU|AU-222|2021,1,weather_expected_days,163.0,-0.0917949378490448,1,observation_support,False,0.2619047619047619,pooled_feature_p02_p98
GROUP_complete,supervised,CY-Bench_wheat_AU|AU-222|2022,1,weather_expected_days,163.0,0.0331487823277711,1,observation_support,False,0.2619047619047619,pooled_feature_p02_p98
GROUP_complete,supervised,CY-Bench_wheat_AU|AU-222|2023,1,weather_expected_days,163.0,-0.0750657683238387,1,observation_support,False,0.2619047619047619,pooled_feature_p02_p98
GROUP_complete,supervised,CY-Bench_wheat_AU|AU-231|2001,1,weather_expected_days,178.0,0.1223770827054977,1,observation_support,False,0.6190476190476191,pooled_feature_p02_p98
GROUP_complete,supervised,CY-Bench_wheat_AU|AU-231|2002,1,weather_expected_days,178.0,0.0140217673033475,1,observation_support,False,0.6190476190476191,pooled_feature_p02_p98
GROUP_complete,supervised,CY-Bench_wheat_AU|AU-231|2003,1,weather_expected_days,178.0,0.0692068729549646,1,observation_support,False,0.6190476190476191,pooled_feature_p02_p98
GROUP_complete,supervised,CY-Bench_wheat_AU|AU-231|2004,1,weather_expected_days,178.0,0.0831344183534383,1,observation_support,False,0.6190476190476191,pooled_feature_p02_p98
GROUP_complete,supervised,CY-Bench_wheat_AU|AU-231|2005,1,weather_expected_days,178.0,0.0935303475707769,1,observation_support,False,0.6190476190476191,pooled_feature_p02_p98
GROUP_complete,supervised,CY-Bench_wheat_AU|AU-231|2006,1,weather_expected_days,178.0,0.0333881471306085,1,observation_support,False,0.6190476190476191,pooled_feature_p02_p98
GROUP_complete,supervised,CY-Bench_wheat_AU|AU-231|2007,1,weather_expected_days,178.0,0.0434319414198398,1,observation_support,False,0.6190476190476191,pooled_feature_p02_p98
GROUP_complete,supervised,CY-Bench_wheat_AU|AU-231|2008,1,weather_expected_days,178.0,0.0287013668566942,1,observation_support,False,0.6190476190476191,pooled_feature_p02_p98
GROUP_complete,supervised,CY-Bench_wheat_AU|AU-231|2009,1,weather_expected_days,178.0,0.1084420680999755,1,observation_support,False,0.6190476190476191,pooled_feature_p02_p98
GROUP_complete,supervised,CY-Bench_wheat_AU|AU-231|2010,1,weather_expected_days,178.0,0.0291891377419233,1,observation_support,False,0.6190476190476191,pooled_feature_p02_p98
GROUP_complete,supervised,CY-Bench_wheat_AU|AU-231|2011,1,weather_expected_days,178.0,0.0446341708302497,1,observation_support,False,0.6190476190476191,pooled_feature_p02_p98
GROUP_complete,supervised,CY-Bench_wheat_AU|AU-231|2012,1,weather_expected_days,178.0,0.024380600079894,1,observation_support,False,0.6190476190476191,pooled_feature_p02_p98
GROUP_complete,supervised,CY-Bench_wheat_AU|AU-231|2013,1,weather_expected_days,178.0,0.0992311760783195,1,observation_support,False,0.6190476190476191,pooled_feature_p02_p98
GROUP_complete,supervised,CY-Bench_wheat_AU|AU-231|2014,1,weather_expected_days,178.0,0.0237239561975002,1,observation_support,False,0.6190476190476191,pooled_feature_p02_p98
GROUP_complete,supervised,CY-Bench_wheat_AU|AU-231|2015,1,weather_expected_days,178.0,-0.031399043276906,1,observation_support,False,0.6190476190476191,pooled_feature_p02_p98
GROUP_complete,supervised,CY-Bench_wheat_AU|AU-231|2016,1,weather_expected_days,178.0,0.0267981551587581,1,observation_support,False,0.6190476190476191,pooled_feature_p02_p98
GROUP_complete,supervised,CY-Bench_wheat_AU|AU-231|2017,1,weather_expected_days,178.0,0.1157866306602954,1,observation_support,False,0.6190476190476191,pooled_feature_p02_p98
GROUP_complete,supervised,CY-Bench_wheat_AU|AU-231|2018,1,weather_expected_days,178.0,0.0207363218069076,1,observation_support,False,0.6190476190476191,pooled_feature_p02_p98
GROUP_complete,supervised,CY-Bench_wheat_AU|AU-231|2019,1,weather_expected_days,178.0,0.0403852313756942,1,observation_support,False,0.6190476190476191,pooled_feature_p02_p98
GROUP_complete,supervised,CY-Bench_wheat_AU|AU-231|2020,1,weather_expected_days,178.0,0.086985282599926,1,observation_support,False,0.6190476190476191,pooled_feature_p02_p98
GROUP_complete,supervised,CY-Bench_wheat_AU|AU-231|2021,1,weather_expected_days,178.0,0.1038280706852674,1,observation_support,False,0.6190476190476191,pooled_feature_p02_p98
GROUP_complete,supervised,CY-Bench_wheat_AU|AU-231|2022,1,weather_expected_days,178.0,0.0645671635866165,1,observation_support,False,0.6190476190476191,pooled_feature_p02_p98
GROUP_complete,supervised,CY-Bench_wheat_AU|AU-231|2023,1,weather_expected_days,178.0,0.0454556196928024,1,observation_support,False,0.6190476190476191,pooled_feature_p02_p98
GROUP_complete,supervised,CY-Bench_wheat_AU|AU-312|2003,1,weather_expected_days,173.0,0.0368254166096448,1,observation_support,False,0.5,pooled_feature_p02_p98
GROUP_complete,supervised,CY-Bench_wheat_AU|AU-312|2009,1,weather_expected_days,173.0,0.0423072334378957,1,observation_support,False,0.5,pooled_feature_p02_p98
GROUP_complete,supervised,CY-Bench_wheat_AU|AU-322|2001,1,weather_expected_days,186.0,0.0273497942835092,1,observation_support,False,0.8095238095238095,pooled_feature_p02_p98
GROUP_complete,supervised,CY-Bench_wheat_AU|AU-322|2002,1,weather_expected_days,186.0,0.0001084227114915,1,observation_support,False,0.8095238095238095,pooled_feature_p02_p98
GROUP_complete,supervised,CY-Bench_wheat_AU|AU-322|2003,1,weather_expected_days,186.0,0.0095475297421216,1,observation_support,False,0.8095238095238095,pooled_feature_p02_p98
GROUP_complete,supervised,CY-Bench_wheat_AU|AU-322|2004,1,weather_expected_days,186.0,0.0172632690519094,1,observation_support,False,0.8095238095238095,pooled_feature_p02_p98
GROUP_complete,supervised,CY-Bench_wheat_AU|AU-322|2005,1,weather_expected_days,186.0,0.0152095779776573,1,observation_support,False,0.8095238095238095,pooled_feature_p02_p98
GROUP_complete,supervised,CY-Bench_wheat_AU|AU-322|2006,1,weather_expected_days,186.0,-0.0151961427181959,1,observation_support,False,0.8095238095238095,pooled_feature_p02_p98
GROUP_complete,supervised,CY-Bench_wheat_AU|AU-322|2007,1,weather_expected_days,186.0,0.0158840622752904,1,observation_support,False,0.8095238095238095,pooled_feature_p02_p98
GROUP_complete,supervised,CY-Bench_wheat_AU|AU-322|2008,1,weather_expected_days,186.0,0.0209605991840362,1,observation_support,False,0.8095238095238095,pooled_feature_p02_p98
GROUP_complete,supervised,CY-Bench_wheat_AU|AU-322|2009,1,weather_expected_days,186.0,-0.0607537273317575,1,observation_support,False,0.8095238095238095,pooled_feature_p02_p98
GROUP_complete,supervised,CY-Bench_wheat_AU|AU-322|2010,1,weather_expected_days,186.0,0.0274137407541275,1,observation_support,False,0.8095238095238095,pooled_feature_p02_p98
GROUP_complete,supervised,CY-Bench_wheat_AU|AU-322|2011,1,weather_expected_days,186.0,0.062651976943016,1,observation_support,False,0.8095238095238095,pooled_feature_p02_p98
GROUP_complete,supervised,CY-Bench_wheat_AU|AU-322|2012,1,weather_expected_days,186.0,0.0046307351440191,1,observation_support,False,0.8095238095238095,pooled_feature_p02_p98
GROUP_complete,supervised,CY-Bench_wheat_AU|AU-322|2013,1,weather_expected_days,186.0,-0.0017741210758686,1,observation_support,False,0.8095238095238095,pooled_feature_p02_p98
GROUP_complete,supervised,CY-Bench_wheat_AU|AU-322|2014,1,weather_expected_days,186.0,-0.0126801971346139,1,observation_support,False,0.8095238095238095,pooled_feature_p02_p98
GROUP_complete,supervised,CY-Bench_wheat_AU|AU-322|2015,1,weather_expected_days,186.0,-0.0112120881676673,1,observation_support,False,0.8095238095238095,pooled_feature_p02_p98
GROUP_complete,supervised,CY-Bench_wheat_AU|AU-322|2016,1,weather_expected_days,186.0,0.0300225857645273,1,observation_support,False,0.8095238095238095,pooled_feature_p02_p98
GROUP_complete,supervised,CY-Bench_wheat_AU|AU-322|2017,1,weather_expected_days,186.0,0.0055670514702796,1,observation_support,False,0.8095238095238095,pooled_feature_p02_p98
GROUP_complete,supervised,CY-Bench_wheat_AU|AU-322|2018,1,weather_expected_days,186.0,-0.0009905993938446,1,observation_support,False,0.8095238095238095,pooled_feature_p02_p98
GROUP_complete,supervised,CY-Bench_wheat_AU|AU-322|2019,1,weather_expected_days,186.0,-0.0308221243321895,1,observation_support,False,0.8095238095238095,pooled_feature_p02_p98
GROUP_complete,supervised,CY-Bench_wheat_AU|AU-322|2020,1,weather_expected_days,186.0,-0.0288788191974163,1,observation_support,False,0.8095238095238095,pooled_feature_p02_p98
GROUP_complete,supervised,CY-Bench_wheat_AU|AU-322|2021,1,weather_expected_days,186.0,0.0655309371650219,1,observation_support,False,0.8095238095238095,pooled_feature_p02_p98
GROUP_complete,supervised,CY-Bench_wheat_AU|AU-322|2022,1,weather_expected_days,186.0,0.0841437485069036,1,observation_support,False,0.8095238095238095,pooled_feature_p02_p98
GROUP_complete,supervised,CY-Bench_wheat_AU|AU-322|2023,1,weather_expected_days,186.0,-0.0104298926889896,1,observation_support,False,0.8095238095238095,pooled_feature_p02_p98
GROUP_complete,supervised,CY-Bench_wheat_AU|AU-331|2001,1,weather_expected_days,184.0,-0.0406372491270303,1,observation_support,False,0.7619047619047619,pooled_feature_p02_p98
GROUP_complete,supervised,CY-Bench_wheat_AU|AU-331|2002,1,weather_expected_days,184.0,-0.0720560438930988,1,observation_support,False,0.7619047619047619,pooled_feature_p02_p98
GROUP_complete,supervised,CY-Bench_wheat_AU|AU-331|2003,1,weather_expected_days,184.0,-0.0710193179547786,1,observation_support,False,0.7619047619047619,pooled_feature_p02_p98
GROUP_complete,supervised,CY-Bench_wheat_AU|AU-331|2004,1,weather_expected_days,184.0,-0.0243746675550937,1,observation_support,False,0.7619047619047619,pooled_feature_p02_p98
GROUP_complete,supervised,CY-Bench_wheat_AU|AU-331|2005,1,weather_expected_days,184.0,-0.0913468077778816,1,observation_support,False,0.7619047619047619,pooled_feature_p02_p98
GROUP_complete,supervised,CY-Bench_wheat_AU|AU-331|2006,1,weather_expected_days,184.0,-0.0893940813839435,1,observation_support,False,0.7619047619047619,pooled_feature_p02_p98
GROUP_complete,supervised,CY-Bench_wheat_AU|AU-331|2007,1,weather_expected_days,184.0,-0.0206691827625036,1,observation_support,False,0.7619047619047619,pooled_feature_p02_p98
GROUP_complete,supervised,CY-Bench_wheat_AU|AU-331|2008,1,weather_expected_days,184.0,-0.0197330452501773,1,observation_support,False,0.7619047619047619,pooled_feature_p02_p98
GROUP_complete,supervised,CY-Bench_wheat_AU|AU-331|2009,1,weather_expected_days,184.0,-0.122830020263791,1,observation_support,False,0.7619047619047619,pooled_feature_p02_p98
GROUP_complete,supervised,CY-Bench_wheat_AU|AU-331|2010,1,weather_expected_days,184.0,-0.117058603093028,1,observation_support,False,0.7619047619047619,pooled_feature_p02_p98
GROUP_complete,supervised,CY-Bench_wheat_AU|AU-331|2011,1,weather_expected_days,184.0,-0.0125807113945484,1,observation_support,False,0.7619047619047619,pooled_feature_p02_p98
GROUP_complete,supervised,CY-Bench_wheat_AU|AU-331|2012,1,weather_expected_days,184.0,-0.0145706143230199,1,observation_support,False,0.7619047619047619,pooled_feature_p02_p98
GROUP_complete,supervised,CY-Bench_wheat_AU|AU-331|2013,1,weather_expected_days,184.0,-0.0891549829393625,1,observation_support,False,0.7619047619047619,pooled_feature_p02_p98
GROUP_complete,supervised,CY-Bench_wheat_AU|AU-331|2014,1,weather_expected_days,184.0,-0.040802864357829,1,observation_support,False,0.7619047619047619,pooled_feature_p02_p98
GROUP_complete,supervised,CY-Bench_wheat_AU|AU-331|2015,1,weather_expected_days,184.0,-0.0934697072952985,1,observation_support,False,0.7619047619047619,pooled_feature_p02_p98
GROUP_complete,supervised,CY-Bench_wheat_AU|AU-331|2016,1,weather_expected_days,184.0,-0.0274449326097965,1,observation_support,False,0.7619047619047619,pooled_feature_p02_p98
GROUP_complete,supervised,CY-Bench_wheat_AU|AU-331|2017,1,weather_expected_days,184.0,-0.0676899049431085,1,observation_support,False,0.7619047619047619,pooled_feature_p02_p98
GROUP_complete,supervised,CY-Bench_wheat_AU|AU-331|2018,1,weather_expected_days,184.0,-0.0677456762641668,1,observation_support,False,0.7619047619047619,pooled_feature_p02_p98
GROUP_complete,supervised,CY-Bench_wheat_AU|AU-331|2019,1,weather_expected_days,184.0,-0.1201117411255836,1,observation_support,False,0.7619047619047619,pooled_feature_p02_p98
GROUP_complete,supervised,CY-Bench_wheat_AU|AU-331|2020,1,weather_expected_days,184.0,-0.137718353420496,1,observation_support,False,0.7619047619047619,pooled_feature_p02_p98
GROUP_complete,supervised,CY-Bench_wheat_AU|AU-331|2021,1,weather_expected_days,184.0,-0.0502815246582031,1,observation_support,False,0.7619047619047619,pooled_feature_p02_p98
GROUP_complete,supervised,CY-Bench_wheat_AU|AU-331|2022,1,weather_expected_days,184.0,0.0037409197539091,1,observation_support,False,0.7619047619047619,pooled_feature_p02_p98
GROUP_complete,supervised,CY-Bench_wheat_AU|AU-331|2023,1,weather_expected_days,184.0,-0.0737656317651271,1,observation_support,False,0.7619047619047619,pooled_feature_p02_p98
GROUP_complete,supervised,CY-Bench_wheat_AU|AU-332|2015,1,weather_expected_days,170.0,0.2474322728812694,1,observation_support,False,0.42857142857142855,pooled_feature_p02_p98
GROUP_complete,supervised,CY-Bench_wheat_AU|AU-411|2001,1,weather_expected_days,152.0,-0.1784575525671243,1,observation_support,False,0.0,pooled_feature_p02_p98
GROUP_complete,supervised,CY-Bench_wheat_AU|AU-411|2002,1,weather_expected_days,152.0,0.0025166627019643,1,observation_support,False,0.0,pooled_feature_p02_p98
GROUP_complete,supervised,CY-Bench_wheat_AU|AU-411|2003,1,weather_expected_days,152.0,-0.0536264888942241,1,observation_support,False,0.0,pooled_feature_p02_p98
GROUP_complete,supervised,CY-Bench_wheat_AU|AU-411|2004,1,weather_expected_days,152.0,-0.0702601093798875,1,observation_support,False,0.0,pooled_feature_p02_p98
GROUP_complete,supervised,CY-Bench_wheat_AU|AU-411|2005,1,weather_expected_days,152.0,-0.0939092524349689,1,observation_support,False,0.0,pooled_feature_p02_p98
GROUP_complete,supervised,CY-Bench_wheat_AU|AU-411|2006,1,weather_expected_days,152.0,0.0218597669154405,1,observation_support,False,0.0,pooled_feature_p02_p98
GROUP_complete,supervised,CY-Bench_wheat_AU|AU-411|2007,1,weather_expected_days,152.0,0.0146827530115842,1,observation_support,False,0.0,pooled_feature_p02_p98
GROUP_complete,supervised,CY-Bench_wheat_AU|AU-411|2008,1,weather_expected_days,152.0,-0.0279262233525514,1,observation_support,False,0.0,pooled_feature_p02_p98
GROUP_complete,supervised,CY-Bench_wheat_AU|AU-411|2009,1,weather_expected_days,152.0,-0.0659466553479433,1,observation_support,False,0.0,pooled_feature_p02_p98
GROUP_complete,supervised,CY-Bench_wheat_AU|AU-411|2010,1,weather_expected_days,152.0,-0.2142279073596,1,observation_support,False,0.0,pooled_feature_p02_p98
GROUP_complete,supervised,CY-Bench_wheat_AU|AU-411|2011,1,weather_expected_days,152.0,-0.0961095616221427,1,observation_support,False,0.0,pooled_feature_p02_p98
GROUP_complete,supervised,CY-Bench_wheat_AU|AU-411|2012,1,weather_expected_days,152.0,-0.0102830659598112,1,observation_support,False,0.0,pooled_feature_p02_p98
GROUP_complete,supervised,CY-Bench_wheat_AU|AU-411|2013,1,weather_expected_days,152.0,-0.0596063677221536,1,observation_support,False,0.0,pooled_feature_p02_p98
GROUP_complete,supervised,CY-Bench_wheat_AU|AU-411|2014,1,weather_expected_days,152.0,0.0125769805163145,1,observation_support,False,0.0,pooled_feature_p02_p98
GROUP_complete,supervised,CY-Bench_wheat_AU|AU-411|2015,1,weather_expected_days,152.0,-0.0782222654670476,1,observation_support,False,0.0,pooled_feature_p02_p98
GROUP_complete,supervised,CY-Bench_wheat_AU|AU-411|2016,1,weather_expected_days,152.0,-0.1311529595404863,1,observation_support,False,0.0,pooled_feature_p02_p98
GROUP_complete,supervised,CY-Bench_wheat_AU|AU-411|2017,1,weather_expected_days,152.0,-0.050517925992608,1,observation_support,False,0.0,pooled_feature_p02_p98
GROUP_complete,supervised,CY-Bench_wheat_AU|AU-411|2018,1,weather_expected_days,152.0,-0.0588513184338808,1,observation_support,False,0.0,pooled_feature_p02_p98
GROUP_complete,supervised,CY-Bench_wheat_AU|AU-411|2019,1,weather_expected_days,152.0,0.0628909524530172,1,observation_support,False,0.0,pooled_feature_p02_p98
GROUP_complete,supervised,CY-Bench_wheat_AU|AU-411|2020,1,weather_expected_days,152.0,-0.100328242406249,1,observation_support,False,0.0,pooled_feature_p02_p98
GROUP_complete,supervised,CY-Bench_wheat_AU|AU-411|2021,1,weather_expected_days,152.0,-0.0798191856592893,1,observation_support,False,0.0,pooled_feature_p02_p98
GROUP_complete,supervised,CY-Bench_wheat_AU|AU-411|2022,1,weather_expected_days,152.0,-0.225594749674201,1,observation_support,False,0.0,pooled_feature_p02_p98
GROUP_complete,supervised,CY-Bench_wheat_AU|AU-411|2023,1,weather_expected_days,152.0,0.0003774017095565,1,observation_support,False,0.0,pooled_feature_p02_p98
GROUP_complete,supervised,CY-Bench_wheat_AU|AU-421|2001,1,weather_expected_days,170.0,0.0306249819695949,1,observation_support,False,0.42857142857142855,pooled_feature_p02_p98
GROUP_complete,supervised,CY-Bench_wheat_AU|AU-421|2002,1,weather_expected_days,170.0,0.0441610049456357,1,observation_support,False,0.42857142857142855,pooled_feature_p02_p98
GROUP_complete,supervised,CY-Bench_wheat_AU|AU-421|2003,1,weather_expected_days,170.0,-0.0383148454129695,1,observation_support,False,0.42857142857142855,pooled_feature_p02_p98
GROUP_complete,supervised,CY-Bench_wheat_AU|AU-421|2004,1,weather_expected_days,170.0,-0.0842212978750467,1,observation_support,False,0.42857142857142855,pooled_feature_p02_p98
GROUP_complete,supervised,CY-Bench_wheat_AU|AU-421|2005,1,weather_expected_days,170.0,-0.0101906117051839,1,observation_support,False,0.42857142857142855,pooled_feature_p02_p98
GROUP_complete,supervised,CY-Bench_wheat_AU|AU-421|2006,1,weather_expected_days,170.0,0.0716674625873565,1,observation_support,False,0.42857142857142855,pooled_feature_p02_p98
GROUP_complete,supervised,CY-Bench_wheat_AU|AU-421|2007,1,weather_expected_days,170.0,0.0612712707370519,1,observation_support,False,0.42857142857142855,pooled_feature_p02_p98
GROUP_complete,supervised,CY-Bench_wheat_AU|AU-421|2008,1,weather_expected_days,170.0,0.0079123023897409,1,observation_support,False,0.42857142857142855,pooled_feature_p02_p98
GROUP_complete,supervised,CY-Bench_wheat_AU|AU-421|2009,1,weather_expected_days,170.0,0.0065238699316978,1,observation_support,False,0.42857142857142855,pooled_feature_p02_p98
GROUP_complete,supervised,CY-Bench_wheat_AU|AU-421|2010,1,weather_expected_days,170.0,0.0306390803307294,1,observation_support,False,0.42857142857142855,pooled_feature_p02_p98
GROUP_complete,supervised,CY-Bench_wheat_AU|AU-421|2011,1,weather_expected_days,170.0,-0.026088424026966,1,observation_support,False,0.42857142857142855,pooled_feature_p02_p98
GROUP_complete,supervised,CY-Bench_wheat_AU|AU-421|2012,1,weather_expected_days,170.0,0.0613965727388858,1,observation_support,False,0.42857142857142855,pooled_feature_p02_p98
GROUP_complete,supervised,CY-Bench_wheat_AU|AU-421|2013,1,weather_expected_days,170.0,-0.0115110501646995,1,observation_support,False,0.42857142857142855,pooled_feature_p02_p98
GROUP_complete,supervised,CY-Bench_wheat_AU|AU-421|2014,1,weather_expected_days,170.0,0.063351759687066,1,observation_support,False,0.42857142857142855,pooled_feature_p02_p98
GROUP_complete,supervised,CY-Bench_wheat_AU|AU-421|2015,1,weather_expected_days,170.0,0.0236054640263319,1,observation_support,False,0.42857142857142855,pooled_feature_p02_p98
GROUP_complete,supervised,CY-Bench_wheat_AU|AU-421|2016,1,weather_expected_days,170.0,-0.0171210784465074,1,observation_support,False,0.42857142857142855,pooled_feature_p02_p98
GROUP_complete,supervised,CY-Bench_wheat_AU|AU-421|2017,1,weather_expected_days,170.0,-0.0872542597353458,1,observation_support,False,0.42857142857142855,pooled_feature_p02_p98
GROUP_complete,supervised,CY-Bench_wheat_AU|AU-421|2018,1,weather_expected_days,170.0,-0.04969965480268,1,observation_support,False,0.42857142857142855,pooled_feature_p02_p98
GROUP_complete,supervised,CY-Bench_wheat_AU|AU-421|2019,1,weather_expected_days,170.0,0.0570589266717433,1,observation_support,False,0.42857142857142855,pooled_feature_p02_p98
GROUP_complete,supervised,CY-Bench_wheat_AU|AU-421|2020,1,weather_expected_days,170.0,-0.0588181875646114,1,observation_support,False,0.42857142857142855,pooled_feature_p02_p98
GROUP_complete,supervised,CY-Bench_wheat_AU|AU-421|2021,1,weather_expected_days,170.0,-0.0385871399194002,1,observation_support,False,0.42857142857142855,pooled_feature_p02_p98
GROUP_complete,supervised,CY-Bench_wheat_AU|AU-421|2022,1,weather_expected_days,170.0,0.0196637194603681,1,observation_support,False,0.42857142857142855,pooled_feature_p02_p98
GROUP_complete,supervised,CY-Bench_wheat_AU|AU-421|2023,1,weather_expected_days,170.0,0.0270598456263542,1,observation_support,False,0.42857142857142855,pooled_feature_p02_p98
GROUP_complete,supervised,CY-Bench_wheat_AU|AU-422|2001,1,weather_expected_days,152.0,-0.4755096454173326,1,observation_support,False,0.0,pooled_feature_p02_p98
GROUP_complete,supervised,CY-Bench_wheat_AU|AU-422|2002,1,weather_expected_days,152.0,-0.2579800561070442,1,observation_support,False,0.0,pooled_feature_p02_p98
GROUP_complete,supervised,CY-Bench_wheat_AU|AU-422|2003,1,weather_expected_days,152.0,-0.3806906156241894,1,observation_support,False,0.0,pooled_feature_p02_p98
GROUP_complete,supervised,CY-Bench_wheat_AU|AU-422|2004,1,weather_expected_days,152.0,-0.374740669503808,1,observation_support,False,0.0,pooled_feature_p02_p98
GROUP_complete,supervised,CY-Bench_wheat_AU|AU-422|2005,1,weather_expected_days,152.0,-0.4213164653629064,1,observation_support,False,0.0,pooled_feature_p02_p98
GROUP_complete,supervised,CY-Bench_wheat_AU|AU-422|2006,1,weather_expected_days,152.0,-0.2082443386316299,1,observation_support,False,0.0,pooled_feature_p02_p98
GROUP_complete,supervised,CY-Bench_wheat_AU|AU-422|2007,1,weather_expected_days,152.0,-0.2589630838483572,1,observation_support,False,0.0,pooled_feature_p02_p98
GROUP_complete,supervised,CY-Bench_wheat_AU|AU-422|2008,1,weather_expected_days,152.0,-0.30005619302392,1,observation_support,False,0.0,pooled_feature_p02_p98
GROUP_complete,supervised,CY-Bench_wheat_AU|AU-422|2009,1,weather_expected_days,152.0,-0.2741164863109588,1,observation_support,False,0.0,pooled_feature_p02_p98
GROUP_complete,supervised,CY-Bench_wheat_AU|AU-422|2010,1,weather_expected_days,152.0,-0.5030394420027733,1,observation_support,False,0.0,pooled_feature_p02_p98
GROUP_complete,supervised,CY-Bench_wheat_AU|AU-422|2011,1,weather_expected_days,152.0,-0.3209386616945267,1,observation_support,False,0.0,pooled_feature_p02_p98
GROUP_complete,supervised,CY-Bench_wheat_AU|AU-422|2012,1,weather_expected_days,152.0,-0.2892723102122545,1,observation_support,False,0.0,pooled_feature_p02_p98
GROUP_complete,supervised,CY-Bench_wheat_AU|AU-422|2013,1,weather_expected_days,152.0,-0.3098912145942449,1,observation_support,False,0.0,pooled_feature_p02_p98
GROUP_complete,supervised,CY-Bench_wheat_AU|AU-422|2014,1,weather_expected_days,152.0,-0.2546230982989073,1,observation_support,False,0.0,pooled_feature_p02_p98
GROUP_complete,supervised,CY-Bench_wheat_AU|AU-422|2015,1,weather_expected_days,152.0,-0.3001413885504007,1,observation_support,False,0.0,pooled_feature_p02_p98
GROUP_complete,supervised,CY-Bench_wheat_AU|AU-422|2016,1,weather_expected_days,152.0,-0.4724808856844902,1,observation_support,False,0.0,pooled_feature_p02_p98
GROUP_complete,supervised,CY-Bench_wheat_AU|AU-422|2017,1,weather_expected_days,152.0,-0.3081153538078069,1,observation_support,False,0.0,pooled_feature_p02_p98
GROUP_complete,supervised,CY-Bench_wheat_AU|AU-422|2018,1,weather_expected_days,152.0,-0.2805967275053262,1,observation_support,False,0.0,pooled_feature_p02_p98
GROUP_complete,supervised,CY-Bench_wheat_AU|AU-422|2019,1,weather_expected_days,152.0,-0.2660062424838543,1,observation_support,False,0.0,pooled_feature_p02_p98
GROUP_complete,supervised,CY-Bench_wheat_AU|AU-422|2020,1,weather_expected_days,152.0,-0.3480664752423763,1,observation_support,False,0.0,pooled_feature_p02_p98
GROUP_complete,supervised,CY-Bench_wheat_AU|AU-422|2021,1,weather_expected_days,152.0,-0.4034959990531206,1,observation_support,False,0.0,pooled_feature_p02_p98
GROUP_complete,supervised,CY-Bench_wheat_AU|AU-422|2022,1,weather_expected_days,152.0,-0.5151568092405796,1,observation_support,False,0.0,pooled_feature_p02_p98
GROUP_complete,supervised,CY-Bench_wheat_AU|AU-422|2023,1,weather_expected_days,152.0,-0.2494634762406349,1,observation_support,False,0.0,pooled_feature_p02_p98
GROUP_complete,supervised,CY-Bench_wheat_AU|AU-431|2001,1,weather_expected_days,166.0,-0.1313023483380675,2,observation_support,False,0.3333333333333333,pooled_feature_p02_p98
GROUP_complete,supervised,CY-Bench_wheat_AU|AU-431|2002,1,weather_expected_days,166.0,-0.14709970448166126,2,observation_support,False,0.3333333333333333,pooled_feature_p02_p98
GROUP_complete,supervised,CY-Bench_wheat_AU|AU-431|2003,1,weather_expected_days,166.0,-0.10122548509389159,2,observation_support,False,0.3333333333333333,pooled_feature_p02_p98
GROUP_complete,supervised,CY-Bench_wheat_AU|AU-431|2004,1,weather_expected_days,166.0,-0.1809295546263456,2,observation_support,False,0.3333333333333333,pooled_feature_p02_p98
GROUP_complete,supervised,CY-Bench_wheat_AU|AU-431|2005,1,weather_expected_days,166.0,-0.14918062090873715,2,observation_support,False,0.3333333333333333,pooled_feature_p02_p98
GROUP_complete,supervised,CY-Bench_wheat_AU|AU-431|2006,1,weather_expected_days,166.0,-0.047349079512059605,2,observation_support,False,0.3333333333333333,pooled_feature_p02_p98
GROUP_complete,supervised,CY-Bench_wheat_AU|AU-431|2007,1,weather_expected_days,166.0,-0.12846971768885845,2,observation_support,False,0.3333333333333333,pooled_feature_p02_p98
GROUP_complete,supervised,CY-Bench_wheat_AU|AU-431|2008,1,weather_expected_days,166.0,-0.15466430690139527,2,observation_support,False,0.3333333333333333,pooled_feature_p02_p98
GROUP_complete,supervised,CY-Bench_wheat_AU|AU-431|2009,1,weather_expected_days,166.0,-0.1006469596177339,2,observation_support,False,0.3333333333333333,pooled_feature_p02_p98
GROUP_complete,supervised,CY-Bench_wheat_AU|AU-431|2010,1,weather_expected_days,166.0,-0.10446617007255549,2,observation_support,False,0.3333333333333333,pooled_feature_p02_p98
GROUP_complete,supervised,CY-Bench_wheat_AU|AU-431|2011,1,weather_expected_days,166.0,-0.13830289337784052,2,observation_support,False,0.3333333333333333,pooled_feature_p02_p98
GROUP_complete,supervised,CY-Bench_wheat_AU|AU-431|2012,1,weather_expected_days,166.0,-0.13756072986871004,2,observation_support,False,0.3333333333333333,pooled_feature_p02_p98
GROUP_complete,supervised,CY-Bench_wheat_AU|AU-431|2013,1,weather_expected_days,166.0,-0.1778968153521418,2,observation_support,False,0.3333333333333333,pooled_feature_p02_p98
GROUP_complete,supervised,CY-Bench_wheat_AU|AU-431|2014,1,weather_expected_days,166.0,-0.10574955120682711,2,observation_support,False,0.3333333333333333,pooled_feature_p02_p98
GROUP_complete,supervised,CY-Bench_wheat_AU|AU-431|2015,1,weather_expected_days,166.0,-0.1232773503288626,2,observation_support,False,0.3333333333333333,pooled_feature_p02_p98
GROUP_complete,supervised,CY-Bench_wheat_AU|AU-431|2016,1,weather_expected_days,166.0,-0.0471789571456611,2,observation_support,False,0.3333333333333333,pooled_feature_p02_p98
GROUP_complete,supervised,CY-Bench_wheat_AU|AU-431|2017,1,weather_expected_days,166.0,-0.16950161848217243,2,observation_support,False,0.3333333333333333,pooled_feature_p02_p98
GROUP_complete,supervised,CY-Bench_wheat_AU|AU-431|2018,1,weather_expected_days,166.0,-0.15531106013804669,2,observation_support,False,0.3333333333333333,pooled_feature_p02_p98
GROUP_complete,supervised,CY-Bench_wheat_AU|AU-431|2019,1,weather_expected_days,166.0,-0.13575443439185614,2,observation_support,False,0.3333333333333333,pooled_feature_p02_p98
GROUP_complete,supervised,CY-Bench_wheat_AU|AU-431|2020,1,weather_expected_days,166.0,-0.15497313253581518,2,observation_support,False,0.3333333333333333,pooled_feature_p02_p98
GROUP_complete,supervised,CY-Bench_wheat_AU|AU-431|2021,1,weather_expected_days,166.0,-0.15247839782387015,2,observation_support,False,0.3333333333333333,pooled_feature_p02_p98
GROUP_complete,supervised,CY-Bench_wheat_AU|AU-431|2022,1,weather_expected_days,166.0,-0.0453769946470856,2,observation_support,False,0.3333333333333333,pooled_feature_p02_p98
GROUP_complete,supervised,CY-Bench_wheat_AU|AU-431|2023,1,weather_expected_days,166.0,-0.09404160827398295,2,observation_support,False,0.3333333333333333,pooled_feature_p02_p98
GROUP_complete,supervised,CY-Bench_wheat_AU|AU-521|2001,1,weather_expected_days,172.0,-0.0056038945913314,1,observation_support,False,0.47619047619047616,pooled_feature_p02_p98
GROUP_complete,supervised,CY-Bench_wheat_AU|AU-521|2002,1,weather_expected_days,172.0,0.0109675731509923,1,observation_support,False,0.47619047619047616,pooled_feature_p02_p98
GROUP_complete,supervised,CY-Bench_wheat_AU|AU-521|2003,1,weather_expected_days,172.0,-0.0078775007277727,1,observation_support,False,0.47619047619047616,pooled_feature_p02_p98
GROUP_complete,supervised,CY-Bench_wheat_AU|AU-521|2004,1,weather_expected_days,172.0,0.0083126313984394,1,observation_support,False,0.47619047619047616,pooled_feature_p02_p98
GROUP_complete,supervised,CY-Bench_wheat_AU|AU-521|2005,1,weather_expected_days,172.0,0.0205067098140716,1,observation_support,False,0.47619047619047616,pooled_feature_p02_p98
GROUP_complete,supervised,CY-Bench_wheat_AU|AU-521|2006,1,weather_expected_days,172.0,0.0125436652451753,1,observation_support,False,0.47619047619047616,pooled_feature_p02_p98
GROUP_complete,supervised,CY-Bench_wheat_AU|AU-521|2007,1,weather_expected_days,172.0,-0.0022262725979089,1,observation_support,False,0.47619047619047616,pooled_feature_p02_p98
GROUP_complete,supervised,CY-Bench_wheat_AU|AU-521|2008,1,weather_expected_days,172.0,-0.0010069888085126,1,observation_support,False,0.47619047619047616,pooled_feature_p02_p98
GROUP_complete,supervised,CY-Bench_wheat_AU|AU-521|2009,1,weather_expected_days,172.0,-0.0040974672883749,1,observation_support,False,0.47619047619047616,pooled_feature_p02_p98
GROUP_complete,supervised,CY-Bench_wheat_AU|AU-521|2010,1,weather_expected_days,172.0,0.0196345821022987,1,observation_support,False,0.47619047619047616,pooled_feature_p02_p98
GROUP_complete,supervised,CY-Bench_wheat_AU|AU-521|2011,1,weather_expected_days,172.0,-0.036409318447113,1,observation_support,False,0.47619047619047616,pooled_feature_p02_p98
GROUP_complete,supervised,CY-Bench_wheat_AU|AU-521|2012,1,weather_expected_days,172.0,-0.0088401176035404,1,observation_support,False,0.47619047619047616,pooled_feature_p02_p98
GROUP_complete,supervised,CY-Bench_wheat_AU|AU-521|2013,1,weather_expected_days,172.0,-0.010081922635436,1,observation_support,False,0.47619047619047616,pooled_feature_p02_p98
GROUP_complete,supervised,CY-Bench_wheat_AU|AU-521|2014,1,weather_expected_days,172.0,-0.0050111282616853,1,observation_support,False,0.47619047619047616,pooled_feature_p02_p98
GROUP_complete,supervised,CY-Bench_wheat_AU|AU-521|2015,1,weather_expected_days,172.0,-0.0188969764858484,1,observation_support,False,0.47619047619047616,pooled_feature_p02_p98
GROUP_complete,supervised,CY-Bench_wheat_AU|AU-521|2016,1,weather_expected_days,172.0,0.0240068882703781,1,observation_support,False,0.47619047619047616,pooled_feature_p02_p98
GROUP_complete,supervised,CY-Bench_wheat_AU|AU-521|2017,1,weather_expected_days,172.0,-0.0135535914450883,1,observation_support,False,0.47619047619047616,pooled_feature_p02_p98
GROUP_complete,supervised,CY-Bench_wheat_AU|AU-521|2018,1,weather_expected_days,172.0,0.002103891223669,1,observation_support,False,0.47619047619047616,pooled_feature_p02_p98
GROUP_complete,supervised,CY-Bench_wheat_AU|AU-521|2019,1,weather_expected_days,172.0,0.0122919622808694,1,observation_support,False,0.47619047619047616,pooled_feature_p02_p98
GROUP_complete,supervised,CY-Bench_wheat_AU|AU-521|2020,1,weather_expected_days,172.0,-0.0022011157125234,1,observation_support,False,0.47619047619047616,pooled_feature_p02_p98
GROUP_complete,supervised,CY-Bench_wheat_AU|AU-521|2021,1,weather_expected_days,172.0,0.0065035093575716,1,observation_support,False,0.47619047619047616,pooled_feature_p02_p98
GROUP_complete,supervised,CY-Bench_wheat_AU|AU-521|2022,1,weather_expected_days,172.0,-0.0057466235011816,1,observation_support,False,0.47619047619047616,pooled_feature_p02_p98
GROUP_complete,supervised,CY-Bench_wheat_AU|AU-521|2023,1,weather_expected_days,172.0,0.0142910871654748,1,observation_support,False,0.47619047619047616,pooled_feature_p02_p98
GROUP_complete,supervised,CY-Bench_wheat_AU|AU-522|2001,1,weather_expected_days,188.0,0.1666449550539255,1,observation_support,False,0.8571428571428571,pooled_feature_p02_p98
GROUP_complete,supervised,CY-Bench_wheat_AU|AU-522|2002,1,weather_expected_days,188.0,0.0251486748456954,1,observation_support,False,0.8571428571428571,pooled_feature_p02_p98
GROUP_complete,supervised,CY-Bench_wheat_AU|AU-522|2003,1,weather_expected_days,188.0,0.1108272615820169,1,observation_support,False,0.8571428571428571,pooled_feature_p02_p98
GROUP_complete,supervised,CY-Bench_wheat_AU|AU-522|2004,1,weather_expected_days,188.0,0.1376313883811235,1,observation_support,False,0.8571428571428571,pooled_feature_p02_p98
GROUP_complete,supervised,CY-Bench_wheat_AU|AU-522|2005,1,weather_expected_days,188.0,0.0732793919742107,1,observation_support,False,0.8571428571428571,pooled_feature_p02_p98
GROUP_complete,supervised,CY-Bench_wheat_AU|AU-522|2006,1,weather_expected_days,188.0,0.0442133378237485,1,observation_support,False,0.8571428571428571,pooled_feature_p02_p98
GROUP_complete,supervised,CY-Bench_wheat_AU|AU-522|2007,1,weather_expected_days,188.0,0.1002518758177757,1,observation_support,False,0.8571428571428571,pooled_feature_p02_p98
GROUP_complete,supervised,CY-Bench_wheat_AU|AU-522|2008,1,weather_expected_days,188.0,0.1207890976220369,1,observation_support,False,0.8571428571428571,pooled_feature_p02_p98
GROUP_complete,supervised,CY-Bench_wheat_AU|AU-522|2009,1,weather_expected_days,188.0,0.1216036584228277,1,observation_support,False,0.8571428571428571,pooled_feature_p02_p98
GROUP_complete,supervised,CY-Bench_wheat_AU|AU-522|2010,1,weather_expected_days,188.0,-0.0050847642123699,1,observation_support,False,0.8571428571428571,pooled_feature_p02_p98
GROUP_complete,supervised,CY-Bench_wheat_AU|AU-522|2011,1,weather_expected_days,188.0,0.1776012983173132,1,observation_support,False,0.8571428571428571,pooled_feature_p02_p98
GROUP_complete,supervised,CY-Bench_wheat_AU|AU-522|2012,1,weather_expected_days,188.0,0.0442152358591556,1,observation_support,False,0.8571428571428571,pooled_feature_p02_p98
GROUP_complete,supervised,CY-Bench_wheat_AU|AU-522|2013,1,weather_expected_days,188.0,0.1278259363025427,1,observation_support,False,0.8571428571428571,pooled_feature_p02_p98
GROUP_complete,supervised,CY-Bench_wheat_AU|AU-522|2014,1,weather_expected_days,188.0,0.1520935446023941,1,observation_support,False,0.8571428571428571,pooled_feature_p02_p98
GROUP_complete,supervised,CY-Bench_wheat_AU|AU-522|2015,1,weather_expected_days,188.0,0.0726486444473266,1,observation_support,False,0.8571428571428571,pooled_feature_p02_p98
GROUP_complete,supervised,CY-Bench_wheat_AU|AU-522|2016,1,weather_expected_days,188.0,0.1350144818425178,1,observation_support,False,0.8571428571428571,pooled_feature_p02_p98
GROUP_complete,supervised,CY-Bench_wheat_AU|AU-522|2017,1,weather_expected_days,188.0,0.1141029372811317,1,observation_support,False,0.8571428571428571,pooled_feature_p02_p98
GROUP_complete,supervised,CY-Bench_wheat_AU|AU-522|2018,1,weather_expected_days,188.0,0.2141158804297447,1,observation_support,False,0.8571428571428571,pooled_feature_p02_p98
GROUP_complete,supervised,CY-Bench_wheat_AU|AU-522|2019,1,weather_expected_days,188.0,0.1530169565230608,1,observation_support,False,0.8571428571428571,pooled_feature_p02_p98
GROUP_complete,supervised,CY-Bench_wheat_AU|AU-522|2020,1,weather_expected_days,188.0,0.169422447681427,1,observation_support,False,0.8571428571428571,pooled_feature_p02_p98
GROUP_complete,supervised,CY-Bench_wheat_AU|AU-522|2021,1,weather_expected_days,188.0,0.020650515332818,1,observation_support,False,0.8571428571428571,pooled_feature_p02_p98
GROUP_complete,supervised,CY-Bench_wheat_AU|AU-522|2022,1,weather_expected_days,188.0,-0.0490403864532709,1,observation_support,False,0.8571428571428571,pooled_feature_p02_p98
GROUP_complete,supervised,CY-Bench_wheat_AU|AU-522|2023,1,weather_expected_days,188.0,0.1116713471710681,1,observation_support,False,0.8571428571428571,pooled_feature_p02_p98
GROUP_complete,supervised,CY-Bench_wheat_AU|AU-111|2001,2,weather_coverage,1.0,0.0,1,observation_support,True,,constant
GROUP_complete,supervised,CY-Bench_wheat_AU|AU-111|2002,2,weather_coverage,1.0,0.0,1,observation_support,True,,constant
GROUP_complete,supervised,CY-Bench_wheat_AU|AU-111|2003,2,weather_coverage,1.0,0.0,1,observation_support,True,,constant
GROUP_complete,supervised,CY-Bench_wheat_AU|AU-111|2004,2,weather_coverage,1.0,0.0,1,observation_support,True,,constant
GROUP_complete,supervised,CY-Bench_wheat_AU|AU-111|2005,2,weather_coverage,1.0,0.0,1,observation_support,True,,constant
GROUP_complete,supervised,CY-Bench_wheat_AU|AU-111|2006,2,weather_coverage,1.0,0.0,1,observation_support,True,,constant
GROUP_complete,supervised,CY-Bench_wheat_AU|AU-111|2007,2,weather_coverage,1.0,0.0,1,observation_support,True,,constant
GROUP_complete,supervised,CY-Bench_wheat_AU|AU-111|2008,2,weather_coverage,1.0,0.0,1,observation_support,True,,constant
GROUP_complete,supervised,CY-Bench_wheat_AU|AU-111|2009,2,weather_coverage,1.0,0.0,1,observation_support,True,,constant
GROUP_complete,supervised,CY-Bench_wheat_AU|AU-111|2010,2,weather_coverage,1.0,0.0,1,observation_support,True,,constant
GROUP_complete,supervised,CY-Bench_wheat_AU|AU-111|2011,2,weather_coverage,1.0,0.0,1,observation_support,True,,constant
GROUP_complete,supervised,CY-Bench_wheat_AU|AU-111|2012,2,weather_coverage,1.0,0.0,1,observation_support,True,,constant
GROUP_complete,supervised,CY-Bench_wheat_AU|AU-111|2013,2,weather_coverage,1.0,0.0,1,observation_support,True,,constant
GROUP_complete,supervised,CY-Bench_wheat_AU|AU-111|2014,2,weather_coverage,1.0,0.0,1,observation_support,True,,constant
GROUP_complete,supervised,CY-Bench_wheat_AU|AU-111|2015,2,weather_coverage,1.0,0.0,1,observation_support,True,,constant
GROUP_complete,supervised,CY-Bench_wheat_AU|AU-111|2016,2,weather_coverage,1.0,0.0,1,observation_support,True,,constant
GROUP_complete,supervised,CY-Bench_wheat_AU|AU-111|2017,2,weather_coverage,1.0,0.0,1,observation_support,True,,constant
GROUP_complete,supervised,CY-Bench_wheat_AU|AU-111|2018,2,weather_coverage,1.0,0.0,1,observation_support,True,,constant
GROUP_complete,supervised,CY-Bench_wheat_AU|AU-111|2019,2,weather_coverage,1.0,0.0,1,observation_support,True,,constant
GROUP_complete,supervised,CY-Bench_wheat_AU|AU-111|2020,2,weather_coverage,1.0,0.0,1,observation_support,True,,constant
GROUP_complete,supervised,CY-Bench_wheat_AU|AU-111|2021,2,weather_coverage,1.0,0.0,1,observation_support,True,,constant
GROUP_complete,supervised,CY-Bench_wheat_AU|AU-111|2022,2,weather_coverage,1.0,0.0,1,observation_support,True,,constant
GROUP_complete,supervised,CY-Bench_wheat_AU|AU-111|2023,2,weather_coverage,1.0,0.0,1,observation_support,True,,constant
GROUP_complete,supervised,CY-Bench_wheat_AU|AU-123|2001,2,weather_coverage,1.0,0.0,1,observation_support,True,,constant
GROUP_complete,supervised,CY-Bench_wheat_AU|AU-123|2002,2,weather_coverage,1.0,0.0,1,observation_support,True,,constant
GROUP_complete,supervised,CY-Bench_wheat_AU|AU-123|2003,2,weather_coverage,1.0,0.0,1,observation_support,True,,constant
GROUP_complete,supervised,CY-Bench_wheat_AU|AU-123|2004,2,weather_coverage,1.0,0.0,1,observation_support,True,,constant
GROUP_complete,supervised,CY-Bench_wheat_AU|AU-123|2005,2,weather_coverage,1.0,0.0,1,observation_support,True,,constant
GROUP_complete,supervised,CY-Bench_wheat_AU|AU-123|2006,2,weather_coverage,1.0,0.0,1,observation_support,True,,constant
GROUP_complete,supervised,CY-Bench_wheat_AU|AU-123|2007,2,weather_coverage,1.0,0.0,1,observation_support,True,,constant
GROUP_complete,supervised,CY-Bench_wheat_AU|AU-123|2008,2,weather_coverage,1.0,0.0,1,observation_support,True,,constant
GROUP_complete,supervised,CY-Bench_wheat_AU|AU-123|2009,2,weather_coverage,1.0,0.0,1,observation_support,True,,constant
GROUP_complete,supervised,CY-Bench_wheat_AU|AU-123|2010,2,weather_coverage,1.0,0.0,1,observation_support,True,,constant
GROUP_complete,supervised,CY-Bench_wheat_AU|AU-123|2011,2,weather_coverage,1.0,0.0,1,observation_support,True,,constant
GROUP_complete,supervised,CY-Bench_wheat_AU|AU-123|2012,2,weather_coverage,1.0,0.0,1,observation_support,True,,constant
GROUP_complete,supervised,CY-Bench_wheat_AU|AU-123|2013,2,weather_coverage,1.0,0.0,1,observation_support,True,,constant
GROUP_complete,supervised,CY-Bench_wheat_AU|AU-123|2014,2,weather_coverage,1.0,0.0,1,observation_support,True,,constant
GROUP_complete,supervised,CY-Bench_wheat_AU|AU-123|2015,2,weather_coverage,1.0,0.0,1,observation_support,True,,constant
GROUP_complete,supervised,CY-Bench_wheat_AU|AU-123|2016,2,weather_coverage,1.0,0.0,1,observation_support,True,,constant
GROUP_complete,supervised,CY-Bench_wheat_AU|AU-123|2017,2,weather_coverage,1.0,0.0,1,observation_support,True,,constant
GROUP_complete,supervised,CY-Bench_wheat_AU|AU-123|2018,2,weather_coverage,1.0,0.0,1,observation_support,True,,constant
GROUP_complete,supervised,CY-Bench_wheat_AU|AU-123|2019,2,weather_coverage,1.0,0.0,1,observation_support,True,,constant
GROUP_complete,supervised,CY-Bench_wheat_AU|AU-123|2020,2,weather_coverage,1.0,0.0,1,observation_support,True,,constant
GROUP_complete,supervised,CY-Bench_wheat_AU|AU-123|2021,2,weather_coverage,1.0,0.0,1,observation_support,True,,constant
GROUP_complete,supervised,CY-Bench_wheat_AU|AU-123|2022,2,weather_coverage,1.0,0.0,1,observation_support,True,,constant
GROUP_complete,supervised,CY-Bench_wheat_AU|AU-123|2023,2,weather_coverage,1.0,0.0,1,observation_support,True,,constant
GROUP_complete,supervised,CY-Bench_wheat_AU|AU-222|2001,2,weather_coverage,1.0,0.0,1,observation_support,True,,constant
GROUP_complete,supervised,CY-Bench_wheat_AU|AU-222|2002,2,weather_coverage,1.0,0.0,1,observation_support,True,,constant
GROUP_complete,supervised,CY-Bench_wheat_AU|AU-222|2003,2,weather_coverage,1.0,0.0,1,observation_support,True,,constant
GROUP_complete,supervised,CY-Bench_wheat_AU|AU-222|2004,2,weather_coverage,1.0,0.0,1,observation_support,True,,constant
GROUP_complete,supervised,CY-Bench_wheat_AU|AU-222|2005,2,weather_coverage,1.0,0.0,1,observation_support,True,,constant
GROUP_complete,supervised,CY-Bench_wheat_AU|AU-222|2006,2,weather_coverage,1.0,0.0,1,observation_support,True,,constant
GROUP_complete,supervised,CY-Bench_wheat_AU|AU-222|2007,2,weather_coverage,1.0,0.0,1,observation_support,True,,constant
GROUP_complete,supervised,CY-Bench_wheat_AU|AU-222|2008,2,weather_coverage,1.0,0.0,1,observation_support,True,,constant
GROUP_complete,supervised,CY-Bench_wheat_AU|AU-222|2009,2,weather_coverage,1.0,0.0,1,observation_support,True,,constant
GROUP_complete,supervised,CY-Bench_wheat_AU|AU-222|2010,2,weather_coverage,1.0,0.0,1,observation_support,True,,constant
GROUP_complete,supervised,CY-Bench_wheat_AU|AU-222|2011,2,weather_coverage,1.0,0.0,1,observation_support,True,,constant
GROUP_complete,supervised,CY-Bench_wheat_AU|AU-222|2012,2,weather_coverage,1.0,0.0,1,observation_support,True,,constant
GROUP_complete,supervised,CY-Bench_wheat_AU|AU-222|2013,2,weather_coverage,1.0,0.0,1,observation_support,True,,constant
GROUP_complete,supervised,CY-Bench_wheat_AU|AU-222|2014,2,weather_coverage,1.0,0.0,1,observation_support,True,,constant
GROUP_complete,supervised,CY-Bench_wheat_AU|AU-222|2015,2,weather_coverage,1.0,0.0,1,observation_support,True,,constant
GROUP_complete,supervised,CY-Bench_wheat_AU|AU-222|2016,2,weather_coverage,1.0,0.0,1,observation_support,True,,constant
GROUP_complete,supervised,CY-Bench_wheat_AU|AU-222|2017,2,weather_coverage,1.0,0.0,1,observation_support,True,,constant
GROUP_complete,supervised,CY-Bench_wheat_AU|AU-222|2018,2,weather_coverage,1.0,0.0,1,observation_support,True,,constant
GROUP_complete,supervised,CY-Bench_wheat_AU|AU-222|2019,2,weather_coverage,1.0,0.0,1,observation_support,True,,constant
GROUP_complete,supervised,CY-Bench_wheat_AU|AU-222|2020,2,weather_coverage,1.0,0.0,1,observation_support,True,,constant
GROUP_complete,supervised,CY-Bench_wheat_AU|AU-222|2021,2,weather_coverage,1.0,0.0,1,observation_support,True,,constant
GROUP_complete,supervised,CY-Bench_wheat_AU|AU-222|2022,2,weather_coverage,1.0,0.0,1,observation_support,True,,constant
GROUP_complete,supervised,CY-Bench_wheat_AU|AU-222|2023,2,weather_coverage,1.0,0.0,1,observation_support,True,,constant
GROUP_complete,supervised,CY-Bench_wheat_AU|AU-231|2001,2,weather_coverage,1.0,0.0,1,observation_support,True,,constant
GROUP_complete,supervised,CY-Bench_wheat_AU|AU-231|2002,2,weather_coverage,1.0,0.0,1,observation_support,True,,constant
GROUP_complete,supervised,CY-Bench_wheat_AU|AU-231|2003,2,weather_coverage,1.0,0.0,1,observation_support,True,,constant
GROUP_complete,supervised,CY-Bench_wheat_AU|AU-231|2004,2,weather_coverage,1.0,0.0,1,observation_support,True,,constant
GROUP_complete,supervised,CY-Bench_wheat_AU|AU-231|2005,2,weather_coverage,1.0,0.0,1,observation_support,True,,constant
GROUP_complete,supervised,CY-Bench_wheat_AU|AU-231|2006,2,weather_coverage,1.0,0.0,1,observation_support,True,,constant
GROUP_complete,supervised,CY-Bench_wheat_AU|AU-231|2007,2,weather_coverage,1.0,0.0,1,observation_support,True,,constant
GROUP_complete,supervised,CY-Bench_wheat_AU|AU-231|2008,2,weather_coverage,1.0,0.0,1,observation_support,True,,constant
GROUP_complete,supervised,CY-Bench_wheat_AU|AU-231|2009,2,weather_coverage,1.0,0.0,1,observation_support,True,,constant
GROUP_complete,supervised,CY-Bench_wheat_AU|AU-231|2010,2,weather_coverage,1.0,0.0,1,observation_support,True,,constant
GROUP_complete,supervised,CY-Bench_wheat_AU|AU-231|2011,2,weather_coverage,1.0,0.0,1,observation_support,True,,constant
GROUP_complete,supervised,CY-Bench_wheat_AU|AU-231|2012,2,weather_coverage,1.0,0.0,1,observation_support,True,,constant
GROUP_complete,supervised,CY-Bench_wheat_AU|AU-231|2013,2,weather_coverage,1.0,0.0,1,observation_support,True,,constant
GROUP_complete,supervised,CY-Bench_wheat_AU|AU-231|2014,2,weather_coverage,1.0,0.0,1,observation_support,True,,constant
GROUP_complete,supervised,CY-Bench_wheat_AU|AU-231|2015,2,weather_coverage,1.0,0.0,1,observation_support,True,,constant
GROUP_complete,supervised,CY-Bench_wheat_AU|AU-231|2016,2,weather_coverage,1.0,0.0,1,observation_support,True,,constant
GROUP_complete,supervised,CY-Bench_wheat_AU|AU-231|2017,2,weather_coverage,1.0,0.0,1,observation_support,True,,constant
GROUP_complete,supervised,CY-Bench_wheat_AU|AU-231|2018,2,weather_coverage,1.0,0.0,1,observation_support,True,,constant
GROUP_complete,supervised,CY-Bench_wheat_AU|AU-231|2019,2,weather_coverage,1.0,0.0,1,observation_support,True,,constant
GROUP_complete,supervised,CY-Bench_wheat_AU|AU-231|2020,2,weather_coverage,1.0,0.0,1,observation_support,True,,constant
GROUP_complete,supervised,CY-Bench_wheat_AU|AU-231|2021,2,weather_coverage,1.0,0.0,1,observation_support,True,,constant
GROUP_complete,supervised,CY-Bench_wheat_AU|AU-231|2022,2,weather_coverage,1.0,0.0,1,observation_support,True,,constant
GROUP_complete,supervised,CY-Bench_wheat_AU|AU-231|2023,2,weather_coverage,1.0,0.0,1,observation_support,True,,constant
GROUP_complete,supervised,CY-Bench_wheat_AU|AU-312|2003,2,weather_coverage,1.0,0.0,1,observation_support,True,,constant
GROUP_complete,supervised,CY-Bench_wheat_AU|AU-312|2009,2,weather_coverage,1.0,0.0,1,observation_support,True,,constant
GROUP_complete,supervised,CY-Bench_wheat_AU|AU-322|2001,2,weather_coverage,1.0,0.0,1,observation_support,True,,constant
GROUP_complete,supervised,CY-Bench_wheat_AU|AU-322|2002,2,weather_coverage,1.0,0.0,1,observation_support,True,,constant
GROUP_complete,supervised,CY-Bench_wheat_AU|AU-322|2003,2,weather_coverage,1.0,0.0,1,observation_support,True,,constant
GROUP_complete,supervised,CY-Bench_wheat_AU|AU-322|2004,2,weather_coverage,1.0,0.0,1,observation_support,True,,constant
GROUP_complete,supervised,CY-Bench_wheat_AU|AU-322|2005,2,weather_coverage,1.0,0.0,1,observation_support,True,,constant
GROUP_complete,supervised,CY-Bench_wheat_AU|AU-322|2006,2,weather_coverage,1.0,0.0,1,observation_support,True,,constant
GROUP_complete,supervised,CY-Bench_wheat_AU|AU-322|2007,2,weather_coverage,1.0,0.0,1,observation_support,True,,constant
GROUP_complete,supervised,CY-Bench_wheat_AU|AU-322|2008,2,weather_coverage,1.0,0.0,1,observation_support,True,,constant
GROUP_complete,supervised,CY-Bench_wheat_AU|AU-322|2009,2,weather_coverage,1.0,0.0,1,observation_support,True,,constant
GROUP_complete,supervised,CY-Bench_wheat_AU|AU-322|2010,2,weather_coverage,1.0,0.0,1,observation_support,True,,constant
GROUP_complete,supervised,CY-Bench_wheat_AU|AU-322|2011,2,weather_coverage,1.0,0.0,1,observation_support,True,,constant
GROUP_complete,supervised,CY-Bench_wheat_AU|AU-322|2012,2,weather_coverage,1.0,0.0,1,observation_support,True,,constant
GROUP_complete,supervised,CY-Bench_wheat_AU|AU-322|2013,2,weather_coverage,1.0,0.0,1,observation_support,True,,constant
GROUP_complete,supervised,CY-Bench_wheat_AU|AU-322|2014,2,weather_coverage,1.0,0.0,1,observation_support,True,,constant
GROUP_complete,supervised,CY-Bench_wheat_AU|AU-322|2015,2,weather_coverage,1.0,0.0,1,observation_support,True,,constant
GROUP_complete,supervised,CY-Bench_wheat_AU|AU-322|2016,2,weather_coverage,1.0,0.0,1,observation_support,True,,constant
GROUP_complete,supervised,CY-Bench_wheat_AU|AU-322|2017,2,weather_coverage,1.0,0.0,1,observation_support,True,,constant
GROUP_complete,supervised,CY-Bench_wheat_AU|AU-322|2018,2,weather_coverage,1.0,0.0,1,observation_support,True,,constant
GROUP_complete,supervised,CY-Bench_wheat_AU|AU-322|2019,2,weather_coverage,1.0,0.0,1,observation_support,True,,constant
GROUP_complete,supervised,CY-Bench_wheat_AU|AU-322|2020,2,weather_coverage,1.0,0.0,1,observation_support,True,,constant
GROUP_complete,supervised,CY-Bench_wheat_AU|AU-322|2021,2,weather_coverage,1.0,0.0,1,observation_support,True,,constant
GROUP_complete,supervised,CY-Bench_wheat_AU|AU-322|2022,2,weather_coverage,1.0,0.0,1,observation_support,True,,constant
GROUP_complete,supervised,CY-Bench_wheat_AU|AU-322|2023,2,weather_coverage,1.0,0.0,1,observation_support,True,,constant
GROUP_complete,supervised,CY-Bench_wheat_AU|AU-331|2001,2,weather_coverage,1.0,0.0,1,observation_support,True,,constant
GROUP_complete,supervised,CY-Bench_wheat_AU|AU-331|2002,2,weather_coverage,1.0,0.0,1,observation_support,True,,constant
GROUP_complete,supervised,CY-Bench_wheat_AU|AU-331|2003,2,weather_coverage,1.0,0.0,1,observation_support,True,,constant
GROUP_complete,supervised,CY-Bench_wheat_AU|AU-331|2004,2,weather_coverage,1.0,0.0,1,observation_support,True,,constant
GROUP_complete,supervised,CY-Bench_wheat_AU|AU-331|2005,2,weather_coverage,1.0,0.0,1,observation_support,True,,constant
GROUP_complete,supervised,CY-Bench_wheat_AU|AU-331|2006,2,weather_coverage,1.0,0.0,1,observation_support,True,,constant
GROUP_complete,supervised,CY-Bench_wheat_AU|AU-331|2007,2,weather_coverage,1.0,0.0,1,observation_support,True,,constant
GROUP_complete,supervised,CY-Bench_wheat_AU|AU-331|2008,2,weather_coverage,1.0,0.0,1,observation_support,True,,constant
GROUP_complete,supervised,CY-Bench_wheat_AU|AU-331|2009,2,weather_coverage,1.0,0.0,1,observation_support,True,,constant
GROUP_complete,supervised,CY-Bench_wheat_AU|AU-331|2010,2,weather_coverage,1.0,0.0,1,observation_support,True,,constant
GROUP_complete,supervised,CY-Bench_wheat_AU|AU-331|2011,2,weather_coverage,1.0,0.0,1,observation_support,True,,constant
GROUP_complete,supervised,CY-Bench_wheat_AU|AU-331|2012,2,weather_coverage,1.0,0.0,1,observation_support,True,,constant
GROUP_complete,supervised,CY-Bench_wheat_AU|AU-331|2013,2,weather_coverage,1.0,0.0,1,observation_support,True,,constant
GROUP_complete,supervised,CY-Bench_wheat_AU|AU-331|2014,2,weather_coverage,1.0,0.0,1,observation_support,True,,constant
GROUP_complete,supervised,CY-Bench_wheat_AU|AU-331|2015,2,weather_coverage,1.0,0.0,1,observation_support,True,,constant
GROUP_complete,supervised,CY-Bench_wheat_AU|AU-331|2016,2,weather_coverage,1.0,0.0,1,observation_support,True,,constant
GROUP_complete,supervised,CY-Bench_wheat_AU|AU-331|2017,2,weather_coverage,1.0,0.0,1,observation_support,True,,constant
GROUP_complete,supervised,CY-Bench_wheat_AU|AU-331|2018,2,weather_coverage,1.0,0.0,1,observation_support,True,,constant
GROUP_complete,supervised,CY-Bench_wheat_AU|AU-331|2019,2,weather_coverage,1.0,0.0,1,observation_support,True,,constant
GROUP_complete,supervised,CY-Bench_wheat_AU|AU-331|2020,2,weather_coverage,1.0,0.0,1,observation_support,True,,constant
GROUP_complete,supervised,CY-Bench_wheat_AU|AU-331|2021,2,weather_coverage,1.0,0.0,1,observation_support,True,,constant
GROUP_complete,supervised,CY-Bench_wheat_AU|AU-331|2022,2,weather_coverage,1.0,0.0,1,observation_support,True,,constant
GROUP_complete,supervised,CY-Bench_wheat_AU|AU-331|2023,2,weather_coverage,1.0,0.0,1,observation_support,True,,constant
GROUP_complete,supervised,CY-Bench_wheat_AU|AU-332|2015,2,weather_coverage,1.0,0.0,1,observation_support,True,,constant
GROUP_complete,supervised,CY-Bench_wheat_AU|AU-411|2001,2,weather_coverage,1.0,0.0,1,observation_support,True,,constant
GROUP_complete,supervised,CY-Bench_wheat_AU|AU-411|2002,2,weather_coverage,1.0,0.0,1,observation_support,True,,constant
GROUP_complete,supervised,CY-Bench_wheat_AU|AU-411|2003,2,weather_coverage,1.0,0.0,1,observation_support,True,,constant
GROUP_complete,supervised,CY-Bench_wheat_AU|AU-411|2004,2,weather_coverage,1.0,0.0,1,observation_support,True,,constant
GROUP_complete,supervised,CY-Bench_wheat_AU|AU-411|2005,2,weather_coverage,1.0,0.0,1,observation_support,True,,constant
GROUP_complete,supervised,CY-Bench_wheat_AU|AU-411|2006,2,weather_coverage,1.0,0.0,1,observation_support,True,,constant
GROUP_complete,supervised,CY-Bench_wheat_AU|AU-411|2007,2,weather_coverage,1.0,0.0,1,observation_support,True,,constant
GROUP_complete,supervised,CY-Bench_wheat_AU|AU-411|2008,2,weather_coverage,1.0,0.0,1,observation_support,True,,constant
GROUP_complete,supervised,CY-Bench_wheat_AU|AU-411|2009,2,weather_coverage,1.0,0.0,1,observation_support,True,,constant
GROUP_complete,supervised,CY-Bench_wheat_AU|AU-411|2010,2,weather_coverage,1.0,0.0,1,observation_support,True,,constant
GROUP_complete,supervised,CY-Bench_wheat_AU|AU-411|2011,2,weather_coverage,1.0,0.0,1,observation_support,True,,constant
GROUP_complete,supervised,CY-Bench_wheat_AU|AU-411|2012,2,weather_coverage,1.0,0.0,1,observation_support,True,,constant
GROUP_complete,supervised,CY-Bench_wheat_AU|AU-411|2013,2,weather_coverage,1.0,0.0,1,observation_support,True,,constant
GROUP_complete,supervised,CY-Bench_wheat_AU|AU-411|2014,2,weather_coverage,1.0,0.0,1,observation_support,True,,constant
GROUP_complete,supervised,CY-Bench_wheat_AU|AU-411|2015,2,weather_coverage,1.0,0.0,1,observation_support,True,,constant
GROUP_complete,supervised,CY-Bench_wheat_AU|AU-411|2016,2,weather_coverage,1.0,0.0,1,observation_support,True,,constant
GROUP_complete,supervised,CY-Bench_wheat_AU|AU-411|2017,2,weather_coverage,1.0,0.0,1,observation_support,True,,constant
GROUP_complete,supervised,CY-Bench_wheat_AU|AU-411|2018,2,weather_coverage,1.0,0.0,1,observation_support,True,,constant
GROUP_complete,supervised,CY-Bench_wheat_AU|AU-411|2019,2,weather_coverage,1.0,0.0,1,observation_support,True,,constant
GROUP_complete,supervised,CY-Bench_wheat_AU|AU-411|2020,2,weather_coverage,1.0,0.0,1,observation_support,True,,constant
GROUP_complete,supervised,CY-Bench_wheat_AU|AU-411|2021,2,weather_coverage,1.0,0.0,1,observation_support,True,,constant
GROUP_complete,supervised,CY-Bench_wheat_AU|AU-411|2022,2,weather_coverage,1.0,0.0,1,observation_support,True,,constant
GROUP_complete,supervised,CY-Bench_wheat_AU|AU-411|2023,2,weather_coverage,1.0,0.0,1,observation_support,True,,constant
GROUP_complete,supervised,CY-Bench_wheat_AU|AU-421|2001,2,weather_coverage,1.0,0.0,1,observation_support,True,,constant
GROUP_complete,supervised,CY-Bench_wheat_AU|AU-421|2002,2,weather_coverage,1.0,0.0,1,observation_support,True,,constant
GROUP_complete,supervised,CY-Bench_wheat_AU|AU-421|2003,2,weather_coverage,1.0,0.0,1,observation_support,True,,constant
GROUP_complete,supervised,CY-Bench_wheat_AU|AU-421|2004,2,weather_coverage,1.0,0.0,1,observation_support,True,,constant
GROUP_complete,supervised,CY-Bench_wheat_AU|AU-421|2005,2,weather_coverage,1.0,0.0,1,observation_support,True,,constant
GROUP_complete,supervised,CY-Bench_wheat_AU|AU-421|2006,2,weather_coverage,1.0,0.0,1,observation_support,True,,constant
GROUP_complete,supervised,CY-Bench_wheat_AU|AU-421|2007,2,weather_coverage,1.0,0.0,1,observation_support,True,,constant
GROUP_complete,supervised,CY-Bench_wheat_AU|AU-421|2008,2,weather_coverage,1.0,0.0,1,observation_support,True,,constant
GROUP_complete,supervised,CY-Bench_wheat_AU|AU-421|2009,2,weather_coverage,1.0,0.0,1,observation_support,True,,constant
GROUP_complete,supervised,CY-Bench_wheat_AU|AU-421|2010,2,weather_coverage,1.0,0.0,1,observation_support,True,,constant
GROUP_complete,supervised,CY-Bench_wheat_AU|AU-421|2011,2,weather_coverage,1.0,0.0,1,observation_support,True,,constant
GROUP_complete,supervised,CY-Bench_wheat_AU|AU-421|2012,2,weather_coverage,1.0,0.0,1,observation_support,True,,constant
GROUP_complete,supervised,CY-Bench_wheat_AU|AU-421|2013,2,weather_coverage,1.0,0.0,1,observation_support,True,,constant
GROUP_complete,supervised,CY-Bench_wheat_AU|AU-421|2014,2,weather_coverage,1.0,0.0,1,observation_support,True,,constant
GROUP_complete,supervised,CY-Bench_wheat_AU|AU-421|2015,2,weather_coverage,1.0,0.0,1,observation_support,True,,constant
GROUP_complete,supervised,CY-Bench_wheat_AU|AU-421|2016,2,weather_coverage,1.0,0.0,1,observation_support,True,,constant
GROUP_complete,supervised,CY-Bench_wheat_AU|AU-421|2017,2,weather_coverage,1.0,0.0,1,observation_support,True,,constant
GROUP_complete,supervised,CY-Bench_wheat_AU|AU-421|2018,2,weather_coverage,1.0,0.0,1,observation_support,True,,constant
GROUP_complete,supervised,CY-Bench_wheat_AU|AU-421|2019,2,weather_coverage,1.0,0.0,1,observation_support,True,,constant
GROUP_complete,supervised,CY-Bench_wheat_AU|AU-421|2020,2,weather_coverage,1.0,0.0,1,observation_support,True,,constant
GROUP_complete,supervised,CY-Bench_wheat_AU|AU-421|2021,2,weather_coverage,1.0,0.0,1,observation_support,True,,constant
GROUP_complete,supervised,CY-Bench_wheat_AU|AU-421|2022,2,weather_coverage,1.0,0.0,1,observation_support,True,,constant
GROUP_complete,supervised,CY-Bench_wheat_AU|AU-421|2023,2,weather_coverage,1.0,0.0,1,observation_support,True,,constant
GROUP_complete,supervised,CY-Bench_wheat_AU|AU-422|2001,2,weather_coverage,1.0,0.0,1,observation_support,True,,constant
GROUP_complete,supervised,CY-Bench_wheat_AU|AU-422|2002,2,weather_coverage,1.0,0.0,1,observation_support,True,,constant
GROUP_complete,supervised,CY-Bench_wheat_AU|AU-422|2003,2,weather_coverage,1.0,0.0,1,observation_support,True,,constant
GROUP_complete,supervised,CY-Bench_wheat_AU|AU-422|2004,2,weather_coverage,1.0,0.0,1,observation_support,True,,constant
GROUP_complete,supervised,CY-Bench_wheat_AU|AU-422|2005,2,weather_coverage,1.0,0.0,1,observation_support,True,,constant
GROUP_complete,supervised,CY-Bench_wheat_AU|AU-422|2006,2,weather_coverage,1.0,0.0,1,observation_support,True,,constant
GROUP_complete,supervised,CY-Bench_wheat_AU|AU-422|2007,2,weather_coverage,1.0,0.0,1,observation_support,True,,constant
GROUP_complete,supervised,CY-Bench_wheat_AU|AU-422|2008,2,weather_coverage,1.0,0.0,1,observation_support,True,,constant
GROUP_complete,supervised,CY-Bench_wheat_AU|AU-422|2009,2,weather_coverage,1.0,0.0,1,observation_support,True,,constant
GROUP_complete,supervised,CY-Bench_wheat_AU|AU-422|2010,2,weather_coverage,1.0,0.0,1,observation_support,True,,constant
GROUP_complete,supervised,CY-Bench_wheat_AU|AU-422|2011,2,weather_coverage,1.0,0.0,1,observation_support,True,,constant
GROUP_complete,supervised,CY-Bench_wheat_AU|AU-422|2012,2,weather_coverage,1.0,0.0,1,observation_support,True,,constant
GROUP_complete,supervised,CY-Bench_wheat_AU|AU-422|2013,2,weather_coverage,1.0,0.0,1,observation_support,True,,constant
GROUP_complete,supervised,CY-Bench_wheat_AU|AU-422|2014,2,weather_coverage,1.0,0.0,1,observation_support,True,,constant
GROUP_complete,supervised,CY-Bench_wheat_AU|AU-422|2015,2,weather_coverage,1.0,0.0,1,observation_support,True,,constant
GROUP_complete,supervised,CY-Bench_wheat_AU|AU-422|2016,2,weather_coverage,1.0,0.0,1,observation_support,True,,constant
GROUP_complete,supervised,CY-Bench_wheat_AU|AU-422|2017,2,weather_coverage,1.0,0.0,1,observation_support,True,,constant
GROUP_complete,supervised,CY-Bench_wheat_AU|AU-422|2018,2,weather_coverage,1.0,0.0,1,observation_support,True,,constant
GROUP_complete,supervised,CY-Bench_wheat_AU|AU-422|2019,2,weather_coverage,1.0,0.0,1,observation_support,True,,constant
GROUP_complete,supervised,CY-Bench_wheat_AU|AU-422|2020,2,weather_coverage,1.0,0.0,1,observation_support,True,,constant
GROUP_complete,supervised,CY-Bench_wheat_AU|AU-422|2021,2,weather_coverage,1.0,0.0,1,observation_support,True,,constant
GROUP_complete,supervised,CY-Bench_wheat_AU|AU-422|2022,2,weather_coverage,1.0,0.0,1,observation_support,True,,constant
GROUP_complete,supervised,CY-Bench_wheat_AU|AU-422|2023,2,weather_coverage,1.0,0.0,1,observation_support,True,,constant
GROUP_complete,supervised,CY-Bench_wheat_AU|AU-431|2001,2,weather_coverage,1.0,0.0,2,observation_support,True,,constant
GROUP_complete,supervised,CY-Bench_wheat_AU|AU-431|2002,2,weather_coverage,1.0,0.0,2,observation_support,True,,constant
GROUP_complete,supervised,CY-Bench_wheat_AU|AU-431|2003,2,weather_coverage,1.0,0.0,2,observation_support,True,,constant
GROUP_complete,supervised,CY-Bench_wheat_AU|AU-431|2004,2,weather_coverage,1.0,0.0,2,observation_support,True,,constant
GROUP_complete,supervised,CY-Bench_wheat_AU|AU-431|2005,2,weather_coverage,1.0,0.0,2,observation_support,True,,constant
GROUP_complete,supervised,CY-Bench_wheat_AU|AU-431|2006,2,weather_coverage,1.0,0.0,2,observation_support,True,,constant
GROUP_complete,supervised,CY-Bench_wheat_AU|AU-431|2007,2,weather_coverage,1.0,0.0,2,observation_support,True,,constant
GROUP_complete,supervised,CY-Bench_wheat_AU|AU-431|2008,2,weather_coverage,1.0,0.0,2,observation_support,True,,constant
GROUP_complete,supervised,CY-Bench_wheat_AU|AU-431|2009,2,weather_coverage,1.0,0.0,2,observation_support,True,,constant
GROUP_complete,supervised,CY-Bench_wheat_AU|AU-431|2010,2,weather_coverage,1.0,0.0,2,observation_support,True,,constant
GROUP_complete,supervised,CY-Bench_wheat_AU|AU-431|2011,2,weather_coverage,1.0,0.0,2,observation_support,True,,constant
GROUP_complete,supervised,CY-Bench_wheat_AU|AU-431|2012,2,weather_coverage,1.0,0.0,2,observation_support,True,,constant
GROUP_complete,supervised,CY-Bench_wheat_AU|AU-431|2013,2,weather_coverage,1.0,0.0,2,observation_support,True,,constant
GROUP_complete,supervised,CY-Bench_wheat_AU|AU-431|2014,2,weather_coverage,1.0,0.0,2,observation_support,True,,constant
GROUP_complete,supervised,CY-Bench_wheat_AU|AU-431|2015,2,weather_coverage,1.0,0.0,2,observation_support,True,,constant
GROUP_complete,supervised,CY-Bench_wheat_AU|AU-431|2016,2,weather_coverage,1.0,0.0,2,observation_support,True,,constant
GROUP_complete,supervised,CY-Bench_wheat_AU|AU-431|2017,2,weather_coverage,1.0,0.0,2,observation_support,True,,constant
GROUP_complete,supervised,CY-Bench_wheat_AU|AU-431|2018,2,weather_coverage,1.0,0.0,2,observation_support,True,,constant
GROUP_complete,supervised,CY-Bench_wheat_AU|AU-431|2019,2,weather_coverage,1.0,0.0,2,observation_support,True,,constant
GROUP_complete,supervised,CY-Bench_wheat_AU|AU-431|2020,2,weather_coverage,1.0,0.0,2,observation_support,True,,constant
GROUP_complete,supervised,CY-Bench_wheat_AU|AU-431|2021,2,weather_coverage,1.0,0.0,2,observation_support,True,,constant
GROUP_complete,supervised,CY-Bench_wheat_AU|AU-431|2022,2,weather_coverage,1.0,0.0,2,observation_support,True,,constant
GROUP_complete,supervised,CY-Bench_wheat_AU|AU-431|2023,2,weather_coverage,1.0,0.0,2,observation_support,True,,constant
GROUP_complete,supervised,CY-Bench_wheat_AU|AU-521|2001,2,weather_coverage,1.0,0.0,1,observation_support,True,,constant
GROUP_complete,supervised,CY-Bench_wheat_AU|AU-521|2002,2,weather_coverage,1.0,0.0,1,observation_support,True,,constant
GROUP_complete,supervised,CY-Bench_wheat_AU|AU-521|2003,2,weather_coverage,1.0,0.0,1,observation_support,True,,constant
GROUP_complete,supervised,CY-Bench_wheat_AU|AU-521|2004,2,weather_coverage,1.0,0.0,1,observation_support,True,,constant
GROUP_complete,supervised,CY-Bench_wheat_AU|AU-521|2005,2,weather_coverage,1.0,0.0,1,observation_support,True,,constant
GROUP_complete,supervised,CY-Bench_wheat_AU|AU-521|2006,2,weather_coverage,1.0,0.0,1,observation_support,True,,constant
GROUP_complete,supervised,CY-Bench_wheat_AU|AU-521|2007,2,weather_coverage,1.0,0.0,1,observation_support,True,,constant
GROUP_complete,supervised,CY-Bench_wheat_AU|AU-521|2008,2,weather_coverage,1.0,0.0,1,observation_support,True,,constant
GROUP_complete,supervised,CY-Bench_wheat_AU|AU-521|2009,2,weather_coverage,1.0,0.0,1,observation_support,True,,constant
GROUP_complete,supervised,CY-Bench_wheat_AU|AU-521|2010,2,weather_coverage,1.0,0.0,1,observation_support,True,,constant
GROUP_complete,supervised,CY-Bench_wheat_AU|AU-521|2011,2,weather_coverage,1.0,0.0,1,observation_support,True,,constant
GROUP_complete,supervised,CY-Bench_wheat_AU|AU-521|2012,2,weather_coverage,1.0,0.0,1,observation_support,True,,constant
GROUP_complete,supervised,CY-Bench_wheat_AU|AU-521|2013,2,weather_coverage,1.0,0.0,1,observation_support,True,,constant
GROUP_complete,supervised,CY-Bench_wheat_AU|AU-521|2014,2,weather_coverage,1.0,0.0,1,observation_support,True,,constant
GROUP_complete,supervised,CY-Bench_wheat_AU|AU-521|2015,2,weather_coverage,1.0,0.0,1,observation_support,True,,constant
GROUP_complete,supervised,CY-Bench_wheat_AU|AU-521|2016,2,weather_coverage,1.0,0.0,1,observation_support,True,,constant
GROUP_complete,supervised,CY-Bench_wheat_AU|AU-521|2017,2,weather_coverage,1.0,0.0,1,observation_support,True,,constant
GROUP_complete,supervised,CY-Bench_wheat_AU|AU-521|2018,2,weather_coverage,1.0,0.0,1,observation_support,True,,constant
GROUP_complete,supervised,CY-Bench_wheat_AU|AU-521|2019,2,weather_coverage,1.0,0.0,1,observation_support,True,,constant
GROUP_complete,supervised,CY-Bench_wheat_AU|AU-521|2020,2,weather_coverage,1.0,0.0,1,observation_support,True,,constant
GROUP_complete,supervised,CY-Bench_wheat_AU|AU-521|2021,2,weather_coverage,1.0,0.0,1,observation_support,True,,constant
GROUP_complete,supervised,CY-Bench_wheat_AU|AU-521|2022,2,weather_coverage,1.0,0.0,1,observation_support,True,,constant
GROUP_complete,supervised,CY-Bench_wheat_AU|AU-521|2023,2,weather_coverage,1.0,0.0,1,observation_support,True,,constant
GROUP_complete,supervised,CY-Bench_wheat_AU|AU-522|2001,2,weather_coverage,1.0,0.0,1,observation_support,True,,constant
GROUP_complete,supervised,CY-Bench_wheat_AU|AU-522|2002,2,weather_coverage,1.0,0.0,1,observation_support,True,,constant
GROUP_complete,supervised,CY-Bench_wheat_AU|AU-522|2003,2,weather_coverage,1.0,0.0,1,observation_support,True,,constant
GROUP_complete,supervised,CY-Bench_wheat_AU|AU-522|2004,2,weather_coverage,1.0,0.0,1,observation_support,True,,constant
GROUP_complete,supervised,CY-Bench_wheat_AU|AU-522|2005,2,weather_coverage,1.0,0.0,1,observation_support,True,,constant
GROUP_complete,supervised,CY-Bench_wheat_AU|AU-522|2006,2,weather_coverage,1.0,0.0,1,observation_support,True,,constant
GROUP_complete,supervised,CY-Bench_wheat_AU|AU-522|2007,2,weather_coverage,1.0,0.0,1,observation_support,True,,constant
GROUP_complete,supervised,CY-Bench_wheat_AU|AU-522|2008,2,weather_coverage,1.0,0.0,1,observation_support,True,,constant
GROUP_complete,supervised,CY-Bench_wheat_AU|AU-522|2009,2,weather_coverage,1.0,0.0,1,observation_support,True,,constant
GROUP_complete,supervised,CY-Bench_wheat_AU|AU-522|2010,2,weather_coverage,1.0,0.0,1,observation_support,True,,constant
GROUP_complete,supervised,CY-Bench_wheat_AU|AU-522|2011,2,weather_coverage,1.0,0.0,1,observation_support,True,,constant
GROUP_complete,supervised,CY-Bench_wheat_AU|AU-522|2012,2,weather_coverage,1.0,0.0,1,observation_support,True,,constant
GROUP_complete,supervised,CY-Bench_wheat_AU|AU-522|2013,2,weather_coverage,1.0,0.0,1,observation_support,True,,constant
GROUP_complete,supervised,CY-Bench_wheat_AU|AU-522|2014,2,weather_coverage,1.0,0.0,1,observation_support,True,,constant
GROUP_complete,supervised,CY-Bench_wheat_AU|AU-522|2015,2,weather_coverage,1.0,0.0,1,observation_support,True,,constant
GROUP_complete,supervised,CY-Bench_wheat_AU|AU-522|2016,2,weather_coverage,1.0,0.0,1,observation_support,True,,constant
GROUP_complete,supervised,CY-Bench_wheat_AU|AU-522|2017,2,weather_coverage,1.0,0.0,1,observation_support,True,,constant
GROUP_complete,supervised,CY-Bench_wheat_AU|AU-522|2018,2,weather_coverage,1.0,0.0,1,observation_support,True,,constant
GROUP_complete,supervised,CY-Bench_wheat_AU|AU-522|2019,2,weather_coverage,1.0,0.0,1,observation_support,True,,constant
GROUP_complete,supervised,CY-Bench_wheat_AU|AU-522|2020,2,weather_coverage,1.0,0.0,1,observation_support,True,,constant
GROUP_complete,supervised,CY-Bench_wheat_AU|AU-522|2021,2,weather_coverage,1.0,0.0,1,observation_support,True,,constant
GROUP_complete,supervised,CY-Bench_wheat_AU|AU-522|2022,2,weather_coverage,1.0,0.0,1,observation_support,True,,constant
GROUP_complete,supervised,CY-Bench_wheat_AU|AU-522|2023,2,weather_coverage,1.0,0.0,1,observation_support,True,,constant
GROUP_complete,supervised,CY-Bench_wheat_AU|AU-111|2001,3,weather_tmin_mean,9.10699421965318,-0.1617747209966182,1,temperature,False,0.3593452960149499,pooled_feature_p02_p98
GROUP_complete,supervised,CY-Bench_wheat_AU|AU-111|2002,3,weather_tmin_mean,9.355624277456648,-0.1956226136535406,1,temperature,False,0.39156321371434055,pooled_feature_p02_p98
GROUP_complete,supervised,CY-Bench_wheat_AU|AU-111|2003,3,weather_tmin_mean,9.257976878612718,-0.1608040239661932,1,temperature,False,0.3789098930044202,pooled_feature_p02_p98
GROUP_complete,supervised,CY-Bench_wheat_AU|AU-111|2004,3,weather_tmin_mean,9.442485549132948,-0.1069718077778816,1,temperature,False,0.4028188492028844,pooled_feature_p02_p98
GROUP_complete,supervised,CY-Bench_wheat_AU|AU-111|2005,3,weather_tmin_mean,10.000057803468207,-0.0501219294965267,1,temperature,False,0.4750700370131557,pooled_feature_p02_p98
GROUP_complete,supervised,CY-Bench_wheat_AU|AU-111|2006,3,weather_tmin_mean,9.572260115606936,-0.1491590328514576,1,temperature,False,0.4196352644789407,pooled_feature_p02_p98
GROUP_complete,supervised,CY-Bench_wheat_AU|AU-111|2007,3,weather_tmin_mean,10.005965317919074,-0.0438145138323307,1,temperature,False,0.4758355430668784,pooled_feature_p02_p98
GROUP_complete,supervised,CY-Bench_wheat_AU|AU-111|2008,3,weather_tmin_mean,9.54750289017341,-0.1047809030860662,1,temperature,False,0.41642717991133354,pooled_feature_p02_p98
GROUP_complete,supervised,CY-Bench_wheat_AU|AU-111|2009,3,weather_tmin_mean,10.772300578034685,0.1027888972312212,1,temperature,False,0.575138606255087,pooled_feature_p02_p98
GROUP_complete,supervised,CY-Bench_wheat_AU|AU-111|2010,3,weather_tmin_mean,9.424196531791909,-0.0363943967968225,1,temperature,False,0.4004489263516332,pooled_feature_p02_p98
GROUP_complete,supervised,CY-Bench_wheat_AU|AU-111|2011,3,weather_tmin_mean,9.750514450867051,-0.092459475621581,1,temperature,False,0.4427337729766926,pooled_feature_p02_p98
GROUP_complete,supervised,CY-Bench_wheat_AU|AU-111|2012,3,weather_tmin_mean,8.971104046242774,-0.1930130571126938,1,temperature,False,0.34173640969697683,pooled_feature_p02_p98
GROUP_complete,supervised,CY-Bench_wheat_AU|AU-111|2013,3,weather_tmin_mean,9.625479768786128,-0.1448087580502033,1,temperature,False,0.42653156020949423,pooled_feature_p02_p98
GROUP_complete,supervised,CY-Bench_wheat_AU|AU-111|2014,3,weather_tmin_mean,9.58950289017341,-0.1389509178698063,1,temperature,False,0.4218696133617734,pooled_feature_p02_p98
GROUP_complete,supervised,CY-Bench_wheat_AU|AU-111|2015,3,weather_tmin_mean,10.052005780346825,-0.0272345077246427,1,temperature,False,0.48180154670474773,pooled_feature_p02_p98
GROUP_complete,supervised,CY-Bench_wheat_AU|AU-111|2016,3,weather_tmin_mean,9.252445086705205,-0.1461556833237409,1,temperature,False,0.3781930737349363,pooled_feature_p02_p98
GROUP_complete,supervised,CY-Bench_wheat_AU|AU-111|2017,3,weather_tmin_mean,9.396820809248556,-0.1359066683799028,1,temperature,False,0.39690153234925457,pooled_feature_p02_p98
GROUP_complete,supervised,CY-Bench_wheat_AU|AU-111|2018,3,weather_tmin_mean,9.358421965317918,-0.1718304175883531,1,temperature,False,0.3919257430000563,pooled_feature_p02_p98
GROUP_complete,supervised,CY-Bench_wheat_AU|AU-111|2019,3,weather_tmin_mean,9.126202312138728,-0.2094750124961137,1,temperature,False,0.3618343142307236,pooled_feature_p02_p98
GROUP_complete,supervised,CY-Bench_wheat_AU|AU-111|2020,3,weather_tmin_mean,10.01834682080925,-0.0290841404348611,1,temperature,False,0.4774399598644072,pooled_feature_p02_p98
GROUP_complete,supervised,CY-Bench_wheat_AU|AU-111|2021,3,weather_tmin_mean,9.29650867052023,-0.1417006030678749,1,temperature,False,0.38390290998496396,pooled_feature_p02_p98
GROUP_complete,supervised,CY-Bench_wheat_AU|AU-111|2022,3,weather_tmin_mean,9.182075144508673,-0.0936601441353559,1,temperature,False,0.3690744135607476,pooled_feature_p02_p98
GROUP_complete,supervised,CY-Bench_wheat_AU|AU-111|2023,3,weather_tmin_mean,9.575473988439304,-0.1095527131110429,1,temperature,False,0.4200517237410441,pooled_feature_p02_p98
GROUP_complete,supervised,CY-Bench_wheat_AU|AU-123|2001,3,weather_tmin_mean,7.834923076923075,-0.1534981653094291,1,temperature,False,0.1945080927165303,pooled_feature_p02_p98
GROUP_complete,supervised,CY-Bench_wheat_AU|AU-123|2002,3,weather_tmin_mean,7.893769230769232,-0.0948889888823032,1,temperature,False,0.20213348024324596,pooled_feature_p02_p98
GROUP_complete,supervised,CY-Bench_wheat_AU|AU-123|2003,3,weather_tmin_mean,7.839153846153847,-0.1232383269816637,1,temperature,False,0.1950563231923076,pooled_feature_p02_p98
GROUP_complete,supervised,CY-Bench_wheat_AU|AU-123|2004,3,weather_tmin_mean,8.251302197802197,-0.1739979181438684,1,temperature,False,0.24846322737218007,pooled_feature_p02_p98
GROUP_complete,supervised,CY-Bench_wheat_AU|AU-123|2005,3,weather_tmin_mean,8.454637362637364,-0.1898163706064224,1,temperature,False,0.27481175362812343,pooled_feature_p02_p98
GROUP_complete,supervised,CY-Bench_wheat_AU|AU-123|2006,3,weather_tmin_mean,7.908478021978021,-0.0725780576467514,1,temperature,False,0.20403947113110904,pooled_feature_p02_p98
GROUP_complete,supervised,CY-Bench_wheat_AU|AU-123|2007,3,weather_tmin_mean,8.63429120879121,-0.1590390279889106,1,temperature,False,0.29809161319497757,pooled_feature_p02_p98
GROUP_complete,supervised,CY-Bench_wheat_AU|AU-123|2008,3,weather_tmin_mean,8.1459010989011,-0.2256405632942915,1,temperature,False,0.2348051686490263,pooled_feature_p02_p98
GROUP_complete,supervised,CY-Bench_wheat_AU|AU-123|2009,3,weather_tmin_mean,9.184670329670327,-0.1171982567757368,1,temperature,False,0.3694107021925065,pooled_feature_p02_p98
GROUP_complete,supervised,CY-Bench_wheat_AU|AU-123|2010,3,weather_tmin_mean,8.322950549450548,-0.1210179664194583,1,temperature,False,0.25774754607884354,pooled_feature_p02_p98
GROUP_complete,supervised,CY-Bench_wheat_AU|AU-123|2011,3,weather_tmin_mean,8.3655989010989,-0.2403427213430404,1,temperature,False,0.26327399406972735,pooled_feature_p02_p98
GROUP_complete,supervised,CY-Bench_wheat_AU|AU-123|2012,3,weather_tmin_mean,7.63874175824176,-0.142401460558176,1,temperature,False,0.16908657435599223,pooled_feature_p02_p98
GROUP_complete,supervised,CY-Bench_wheat_AU|AU-123|2013,3,weather_tmin_mean,7.972285714285715,-0.1925374809652567,1,temperature,False,0.21230778348850837,pooled_feature_p02_p98
GROUP_complete,supervised,CY-Bench_wheat_AU|AU-123|2014,3,weather_tmin_mean,8.174593406593406,-0.0759593453258276,1,temperature,False,0.2385231680574769,pooled_feature_p02_p98
GROUP_complete,supervised,CY-Bench_wheat_AU|AU-123|2015,3,weather_tmin_mean,8.52624725274725,-0.183396628126502,1,temperature,False,0.28409108842137043,pooled_feature_p02_p98
GROUP_complete,supervised,CY-Bench_wheat_AU|AU-123|2016,3,weather_tmin_mean,8.160686813186812,-0.1266526225954294,1,temperature,False,0.23672112736372183,pooled_feature_p02_p98
GROUP_complete,supervised,CY-Bench_wheat_AU|AU-123|2017,3,weather_tmin_mean,7.826967032967033,-0.1063683964312076,1,temperature,False,0.19347713462701766,pooled_feature_p02_p98
GROUP_complete,supervised,CY-Bench_wheat_AU|AU-123|2018,3,weather_tmin_mean,8.021500000000003,-0.087619986385107,1,temperature,False,0.21868505669829283,pooled_feature_p02_p98
GROUP_complete,supervised,CY-Bench_wheat_AU|AU-123|2019,3,weather_tmin_mean,7.572851648351649,-0.0473876371979713,1,temperature,False,0.16054841868648984,pooled_feature_p02_p98
GROUP_complete,supervised,CY-Bench_wheat_AU|AU-123|2020,3,weather_tmin_mean,8.406247252747251,-0.2285604663193225,1,temperature,False,0.26854127856297083,pooled_feature_p02_p98
GROUP_complete,supervised,CY-Bench_wheat_AU|AU-123|2021,3,weather_tmin_mean,7.960456043956043,-0.1257885266095399,1,temperature,False,0.2107748741192254,pooled_feature_p02_p98
GROUP_complete,supervised,CY-Bench_wheat_AU|AU-123|2022,3,weather_tmin_mean,7.9345934065934065,-0.1203502174466848,1,temperature,False,0.20742354834067755,pooled_feature_p02_p98
GROUP_complete,supervised,CY-Bench_wheat_AU|AU-123|2023,3,weather_tmin_mean,8.332582417582417,-0.1468305215239524,1,temperature,False,0.25899566039577476,pooled_feature_p02_p98
GROUP_complete,supervised,CY-Bench_wheat_AU|AU-222|2001,3,weather_tmin_mean,6.998411042944785,0.0051969029009342,1,temperature,False,0.08611140044465036,pooled_feature_p02_p98
GROUP_complete,supervised,CY-Bench_wheat_AU|AU-222|2002,3,weather_tmin_mean,6.630546012269939,0.0484122633934021,1,temperature,False,0.038442806440081675,pooled_feature_p02_p98
GROUP_complete,supervised,CY-Bench_wheat_AU|AU-222|2003,3,weather_tmin_mean,6.47939263803681,0.0268767122179269,1,temperature,False,0.018856087866909295,pooled_feature_p02_p98
GROUP_complete,supervised,CY-Bench_wheat_AU|AU-222|2004,3,weather_tmin_mean,7.069141104294478,0.0005934182554483,1,temperature,False,0.09527672548848924,pooled_feature_p02_p98
GROUP_complete,supervised,CY-Bench_wheat_AU|AU-222|2005,3,weather_tmin_mean,7.160803680981595,-0.0109601709991693,1,temperature,False,0.107154522476953,pooled_feature_p02_p98
GROUP_complete,supervised,CY-Bench_wheat_AU|AU-222|2006,3,weather_tmin_mean,6.580914110429449,0.0489484500139951,1,temperature,False,0.03201141780232852,pooled_feature_p02_p98
GROUP_complete,supervised,CY-Bench_wheat_AU|AU-222|2007,3,weather_tmin_mean,7.061588957055215,-0.0505724307149648,1,temperature,False,0.09429810504187942,pooled_feature_p02_p98
GROUP_complete,supervised,CY-Bench_wheat_AU|AU-222|2008,3,weather_tmin_mean,6.857834355828221,-0.0179400499910116,1,temperature,False,0.06789522748476427,pooled_feature_p02_p98
GROUP_complete,supervised,CY-Bench_wheat_AU|AU-222|2009,3,weather_tmin_mean,7.939042944785276,-0.1034222841262817,1,temperature,False,0.20800012728102144,pooled_feature_p02_p98
GROUP_complete,supervised,CY-Bench_wheat_AU|AU-222|2010,3,weather_tmin_mean,6.864588957055214,-0.0558885391801595,1,temperature,False,0.06877050052433979,pooled_feature_p02_p98
GROUP_complete,supervised,CY-Bench_wheat_AU|AU-222|2011,3,weather_tmin_mean,7.474496932515336,-0.045892035588622,1,temperature,False,0.14780344260372658,pooled_feature_p02_p98
GROUP_complete,supervised,CY-Bench_wheat_AU|AU-222|2012,3,weather_tmin_mean,6.915092024539876,-0.0408949479460716,1,temperature,False,0.07531477632977668,pooled_feature_p02_p98
GROUP_complete,supervised,CY-Bench_wheat_AU|AU-222|2013,3,weather_tmin_mean,7.3289754601227,0.0057699903845787,1,temperature,False,0.12894651572022772,pooled_feature_p02_p98
GROUP_complete,supervised,CY-Bench_wheat_AU|AU-222|2014,3,weather_tmin_mean,6.8835030674846625,0.0076453378424048,1,temperature,False,0.07122142403116226,pooled_feature_p02_p98
GROUP_complete,supervised,CY-Bench_wheat_AU|AU-222|2015,3,weather_tmin_mean,7.222141104294478,-0.019732030108571,1,temperature,False,0.11510273305794881,pooled_feature_p02_p98
GROUP_complete,supervised,CY-Bench_wheat_AU|AU-222|2016,3,weather_tmin_mean,6.850104294478528,-0.0335024446249008,1,temperature,False,0.0668935526165852,pooled_feature_p02_p98
GROUP_complete,supervised,CY-Bench_wheat_AU|AU-222|2017,3,weather_tmin_mean,7.193766871165645,-0.0580021813511848,1,temperature,False,0.11142595030768832,pooled_feature_p02_p98
GROUP_complete,supervised,CY-Bench_wheat_AU|AU-222|2018,3,weather_tmin_mean,6.557319018404907,0.0325320437550544,1,temperature,False,0.028953924514219593,pooled_feature_p02_p98
GROUP_complete,supervised,CY-Bench_wheat_AU|AU-222|2019,3,weather_tmin_mean,6.239668711656442,0.1006072303280234,1,temperature,False,0.0,pooled_feature_p02_p98
GROUP_complete,supervised,CY-Bench_wheat_AU|AU-222|2020,3,weather_tmin_mean,7.0429018404907975,-0.0103605277836322,1,temperature,False,0.09187659579705905,pooled_feature_p02_p98
GROUP_complete,supervised,CY-Bench_wheat_AU|AU-222|2021,3,weather_tmin_mean,6.98655828220859,-0.0185889359563589,1,temperature,False,0.08457549898010919,pooled_feature_p02_p98
GROUP_complete,supervised,CY-Bench_wheat_AU|AU-222|2022,3,weather_tmin_mean,7.276546012269939,0.0774912200868129,1,temperature,False,0.12215261617780007,pooled_feature_p02_p98
GROUP_complete,supervised,CY-Bench_wheat_AU|AU-222|2023,3,weather_tmin_mean,7.0775705521472405,-0.0659422297030687,1,temperature,False,0.09636902808283718,pooled_feature_p02_p98
GROUP_complete,supervised,CY-Bench_wheat_AU|AU-231|2001,3,weather_tmin_mean,6.44264606741573,0.1573928259313106,1,temperature,False,0.01409440298269219,pooled_feature_p02_p98
GROUP_complete,supervised,CY-Bench_wheat_AU|AU-231|2002,3,weather_tmin_mean,6.257685393258426,-0.0834648702293634,1,temperature,False,0.0,pooled_feature_p02_p98
GROUP_complete,supervised,CY-Bench_wheat_AU|AU-231|2003,3,weather_tmin_mean,6.238084269662922,0.0684635657817125,1,temperature,False,0.0,pooled_feature_p02_p98
GROUP_complete,supervised,CY-Bench_wheat_AU|AU-231|2004,3,weather_tmin_mean,6.872713483146068,0.0598566681146621,1,temperature,False,0.06982329082352635,pooled_feature_p02_p98
GROUP_complete,supervised,CY-Bench_wheat_AU|AU-231|2005,3,weather_tmin_mean,7.001943820224719,-0.0434196982532739,1,temperature,False,0.08656918390277571,pooled_feature_p02_p98
GROUP_complete,supervised,CY-Bench_wheat_AU|AU-231|2006,3,weather_tmin_mean,6.1406292134831455,-0.0194807983934879,1,temperature,False,0.0,pooled_feature_p02_p98
GROUP_complete,supervised,CY-Bench_wheat_AU|AU-231|2007,3,weather_tmin_mean,6.829949438202246,-0.1690231058746576,1,temperature,False,0.06428185109308891,pooled_feature_p02_p98
GROUP_complete,supervised,CY-Bench_wheat_AU|AU-231|2008,3,weather_tmin_mean,6.342994382022472,-0.0679089613258838,1,temperature,False,0.0011813633165736913,pooled_feature_p02_p98
GROUP_complete,supervised,CY-Bench_wheat_AU|AU-231|2009,3,weather_tmin_mean,7.205606741573034,-0.1759197749197483,1,temperature,False,0.11296018142087992,pooled_feature_p02_p98
GROUP_complete,supervised,CY-Bench_wheat_AU|AU-231|2010,3,weather_tmin_mean,6.792280898876405,0.2026113867759704,1,temperature,False,0.059400695891751606,pooled_feature_p02_p98
GROUP_complete,supervised,CY-Bench_wheat_AU|AU-231|2011,3,weather_tmin_mean,7.1375617977528085,-0.0877895951271057,1,temperature,False,0.10414279860229667,pooled_feature_p02_p98
GROUP_complete,supervised,CY-Bench_wheat_AU|AU-231|2012,3,weather_tmin_mean,6.684584269662921,-0.0719931870698928,1,temperature,False,0.04544517833624954,pooled_feature_p02_p98
GROUP_complete,supervised,CY-Bench_wheat_AU|AU-231|2013,3,weather_tmin_mean,7.052252808988763,0.0854474268853664,1,temperature,False,0.09308831064818616,pooled_feature_p02_p98
GROUP_complete,supervised,CY-Bench_wheat_AU|AU-231|2014,3,weather_tmin_mean,6.797101123595504,-0.1079663857817649,1,temperature,False,0.06002530904055783,pooled_feature_p02_p98
GROUP_complete,supervised,CY-Bench_wheat_AU|AU-231|2015,3,weather_tmin_mean,6.794494382022473,-0.0502713862806558,1,temperature,False,0.05968752290880261,pooled_feature_p02_p98
GROUP_complete,supervised,CY-Bench_wheat_AU|AU-231|2016,3,weather_tmin_mean,6.570769662921347,0.1031582374125719,1,temperature,False,0.030696882553415992,pooled_feature_p02_p98
GROUP_complete,supervised,CY-Bench_wheat_AU|AU-231|2017,3,weather_tmin_mean,6.781949438202248,-0.084964195266366,1,temperature,False,0.05806192714972926,pooled_feature_p02_p98
GROUP_complete,supervised,CY-Bench_wheat_AU|AU-231|2018,3,weather_tmin_mean,6.331876404494382,-0.0886521134525537,1,temperature,False,0.0,pooled_feature_p02_p98
GROUP_complete,supervised,CY-Bench_wheat_AU|AU-231|2019,3,weather_tmin_mean,6.168393258426966,0.017073106020689,1,temperature,False,0.0,pooled_feature_p02_p98
GROUP_complete,supervised,CY-Bench_wheat_AU|AU-231|2020,3,weather_tmin_mean,6.768073033707866,0.0106732808053493,1,temperature,False,0.0562637983880136,pooled_feature_p02_p98
GROUP_complete,supervised,CY-Bench_wheat_AU|AU-231|2021,3,weather_tmin_mean,6.730129213483146,0.124647106975317,1,temperature,False,0.05134697180638274,pooled_feature_p02_p98
GROUP_complete,supervised,CY-Bench_wheat_AU|AU-231|2022,3,weather_tmin_mean,6.815702247191011,0.264516856521368,1,temperature,False,0.062435675166080486,pooled_feature_p02_p98
GROUP_complete,supervised,CY-Bench_wheat_AU|AU-231|2023,3,weather_tmin_mean,7.117466292134832,-0.1320294588804245,1,temperature,False,0.1015387878408972,pooled_feature_p02_p98
GROUP_complete,supervised,CY-Bench_wheat_AU|AU-312|2003,3,weather_tmin_mean,13.440982658959538,-0.1970337033271789,1,temperature,False,0.9209510973459195,pooled_feature_p02_p98
GROUP_complete,supervised,CY-Bench_wheat_AU|AU-312|2009,3,weather_tmin_mean,14.08030057803468,-0.2415579352527856,1,temperature,False,1.0,pooled_feature_p02_p98
GROUP_complete,supervised,CY-Bench_wheat_AU|AU-322|2001,3,weather_tmin_mean,11.708032258064517,0.2163633704185485,1,temperature,False,0.6963923537796269,pooled_feature_p02_p98
GROUP_complete,supervised,CY-Bench_wheat_AU|AU-322|2002,3,weather_tmin_mean,12.211526881720433,0.1960893664509058,1,temperature,False,0.761636067634427,pooled_feature_p02_p98
GROUP_complete,supervised,CY-Bench_wheat_AU|AU-322|2003,3,weather_tmin_mean,12.411543010752686,0.2548825219273567,1,temperature,False,0.7875545074266327,pooled_feature_p02_p98
GROUP_complete,supervised,CY-Bench_wheat_AU|AU-322|2004,3,weather_tmin_mean,11.617978494623657,0.1866886354982853,1,temperature,False,0.6847230296251379,pooled_feature_p02_p98
GROUP_complete,supervised,CY-Bench_wheat_AU|AU-322|2005,3,weather_tmin_mean,13.1395,0.3579469267278909,1,temperature,False,0.8818844471590398,pooled_feature_p02_p98
GROUP_complete,supervised,CY-Bench_wheat_AU|AU-322|2006,3,weather_tmin_mean,12.917720430107526,0.2448556516319513,1,temperature,False,0.8531458626398261,pooled_feature_p02_p98
GROUP_complete,supervised,CY-Bench_wheat_AU|AU-322|2007,3,weather_tmin_mean,12.757397849462366,0.3381798025220632,1,temperature,False,0.8323709822644912,pooled_feature_p02_p98
GROUP_complete,supervised,CY-Bench_wheat_AU|AU-322|2008,3,weather_tmin_mean,12.128881720430106,0.2754905074834823,1,temperature,False,0.7509267631029158,pooled_feature_p02_p98
GROUP_complete,supervised,CY-Bench_wheat_AU|AU-322|2009,3,weather_tmin_mean,13.201059139784943,0.2236423958092928,1,temperature,False,0.8898613881482275,pooled_feature_p02_p98
GROUP_complete,supervised,CY-Bench_wheat_AU|AU-322|2010,3,weather_tmin_mean,12.73155376344086,0.2806328721344471,1,temperature,False,0.8290220604011701,pooled_feature_p02_p98
GROUP_complete,supervised,CY-Bench_wheat_AU|AU-322|2011,3,weather_tmin_mean,11.922193548387098,0.2688996847718954,1,temperature,False,0.7241437483091742,pooled_feature_p02_p98
GROUP_complete,supervised,CY-Bench_wheat_AU|AU-322|2012,3,weather_tmin_mean,11.798741935483871,0.1861923467367887,1,temperature,False,0.7081466724145248,pooled_feature_p02_p98
GROUP_complete,supervised,CY-Bench_wheat_AU|AU-322|2013,3,weather_tmin_mean,12.535091397849463,0.1939146518707275,1,temperature,False,0.8035641234905231,pooled_feature_p02_p98
GROUP_complete,supervised,CY-Bench_wheat_AU|AU-322|2014,3,weather_tmin_mean,12.837290322580644,0.2277204245328903,1,temperature,False,0.8427235886487123,pooled_feature_p02_p98
GROUP_complete,supervised,CY-Bench_wheat_AU|AU-322|2015,3,weather_tmin_mean,13.084747311827956,0.3013140447437763,1,temperature,False,0.8747894980731102,pooled_feature_p02_p98
GROUP_complete,supervised,CY-Bench_wheat_AU|AU-322|2016,3,weather_tmin_mean,12.54129569892473,0.3125892672687769,1,temperature,False,0.8043680876740619,pooled_feature_p02_p98
GROUP_complete,supervised,CY-Bench_wheat_AU|AU-322|2017,3,weather_tmin_mean,12.527715053763442,0.2351894415915012,1,temperature,False,0.8026082839239584,pooled_feature_p02_p98
GROUP_complete,supervised,CY-Bench_wheat_AU|AU-322|2018,3,weather_tmin_mean,12.468693548387098,0.2170937117189169,1,temperature,False,0.7949601740393029,pooled_feature_p02_p98
GROUP_complete,supervised,CY-Bench_wheat_AU|AU-322|2019,3,weather_tmin_mean,12.510849462365591,0.1411152947694063,1,temperature,False,0.8004228110957414,pooled_feature_p02_p98
GROUP_complete,supervised,CY-Bench_wheat_AU|AU-322|2020,3,weather_tmin_mean,13.147306451612902,0.2811881154775619,1,temperature,False,0.8828960208111183,pooled_feature_p02_p98
GROUP_complete,supervised,CY-Bench_wheat_AU|AU-322|2021,3,weather_tmin_mean,12.25867741935484,0.3016252983361482,1,temperature,False,0.7677459167588966,pooled_feature_p02_p98
GROUP_complete,supervised,CY-Bench_wheat_AU|AU-322|2022,3,weather_tmin_mean,11.440344086021506,0.2198128420859575,1,temperature,False,0.6617048523078652,pooled_feature_p02_p98
GROUP_complete,supervised,CY-Bench_wheat_AU|AU-322|2023,3,weather_tmin_mean,12.94532258064516,0.2462605684995651,1,temperature,False,0.8567225975776855,pooled_feature_p02_p98
GROUP_complete,supervised,CY-Bench_wheat_AU|AU-331|2001,3,weather_tmin_mean,13.529597826086956,0.3776010368019342,1,temperature,False,0.9324340056742668,pooled_feature_p02_p98
GROUP_complete,supervised,CY-Bench_wheat_AU|AU-331|2002,3,weather_tmin_mean,13.486391304347826,0.3359818607568741,1,temperature,False,0.9268352290268811,pooled_feature_p02_p98
GROUP_complete,supervised,CY-Bench_wheat_AU|AU-331|2003,3,weather_tmin_mean,13.765836956521738,0.400844544172287,1,temperature,False,0.9630462853357213,pooled_feature_p02_p98
GROUP_complete,supervised,CY-Bench_wheat_AU|AU-331|2004,3,weather_tmin_mean,13.322054347826086,0.3483451474457979,1,temperature,False,0.9055401588050381,pooled_feature_p02_p98
GROUP_complete,supervised,CY-Bench_wheat_AU|AU-331|2005,3,weather_tmin_mean,14.571777173913045,0.5098253283649683,1,temperature,False,1.0,pooled_feature_p02_p98
GROUP_complete,supervised,CY-Bench_wheat_AU|AU-331|2006,3,weather_tmin_mean,13.80083152173913,0.4184383060783148,1,temperature,False,0.9675809422957865,pooled_feature_p02_p98
GROUP_complete,supervised,CY-Bench_wheat_AU|AU-331|2007,3,weather_tmin_mean,13.65165760869565,0.4345992468297481,1,temperature,False,0.9482507257652901,pooled_feature_p02_p98
GROUP_complete,supervised,CY-Bench_wheat_AU|AU-331|2008,3,weather_tmin_mean,13.469891304347826,0.4211988411843776,1,temperature,False,0.924697130171351,pooled_feature_p02_p98
GROUP_complete,supervised,CY-Bench_wheat_AU|AU-331|2009,3,weather_tmin_mean,13.77741304347826,0.3825483880937099,1,temperature,False,0.9645463349280399,pooled_feature_p02_p98
GROUP_complete,supervised,CY-Bench_wheat_AU|AU-331|2010,3,weather_tmin_mean,14.435038043478258,0.4300449453294277,1,temperature,False,1.0,pooled_feature_p02_p98
GROUP_complete,supervised,CY-Bench_wheat_AU|AU-331|2011,3,weather_tmin_mean,13.11754347826087,0.3950431048870086,1,temperature,False,0.879039282674079,pooled_feature_p02_p98
GROUP_complete,supervised,CY-Bench_wheat_AU|AU-331|2012,3,weather_tmin_mean,12.983119565217391,0.3310080710798502,1,temperature,False,0.8616203969386778,pooled_feature_p02_p98
GROUP_complete,supervised,CY-Bench_wheat_AU|AU-331|2013,3,weather_tmin_mean,13.804271739130431,0.3835089690983295,1,temperature,False,0.9680267316816723,pooled_feature_p02_p98
GROUP_complete,supervised,CY-Bench_wheat_AU|AU-331|2014,3,weather_tmin_mean,13.537228260869568,0.3741825688630342,1,temperature,False,0.9334227707576547,pooled_feature_p02_p98
GROUP_complete,supervised,CY-Bench_wheat_AU|AU-331|2015,3,weather_tmin_mean,14.004010869565215,0.4450546149164438,1,temperature,False,0.9939092775111972,pooled_feature_p02_p98
GROUP_complete,supervised,CY-Bench_wheat_AU|AU-331|2016,3,weather_tmin_mean,14.06133152173913,0.4752348586916923,1,temperature,False,1.0,pooled_feature_p02_p98
GROUP_complete,supervised,CY-Bench_wheat_AU|AU-331|2017,3,weather_tmin_mean,13.99313586956522,0.4414473343640566,1,temperature,False,0.9925000759927803,pooled_feature_p02_p98
GROUP_complete,supervised,CY-Bench_wheat_AU|AU-331|2018,3,weather_tmin_mean,13.727619565217392,0.3910008613020181,1,temperature,False,0.9580940089351659,pooled_feature_p02_p98
GROUP_complete,supervised,CY-Bench_wheat_AU|AU-331|2019,3,weather_tmin_mean,13.761527173913043,0.3702081330120563,1,temperature,False,0.9624878161682526,pooled_feature_p02_p98
GROUP_complete,supervised,CY-Bench_wheat_AU|AU-331|2020,3,weather_tmin_mean,14.148146739130436,0.4496078975498676,1,temperature,False,1.0,pooled_feature_p02_p98
GROUP_complete,supervised,CY-Bench_wheat_AU|AU-331|2021,3,weather_tmin_mean,14.132858695652171,0.5460539758205414,1,temperature,False,1.0,pooled_feature_p02_p98
GROUP_complete,supervised,CY-Bench_wheat_AU|AU-331|2022,3,weather_tmin_mean,13.413978260869566,0.4647144265472889,1,temperature,False,0.9174518202155897,pooled_feature_p02_p98
GROUP_complete,supervised,CY-Bench_wheat_AU|AU-331|2023,3,weather_tmin_mean,14.002255434782608,0.4282823670655489,1,temperature,False,0.9936818052021275,pooled_feature_p02_p98
GROUP_complete,supervised,CY-Bench_wheat_AU|AU-332|2015,3,weather_tmin_mean,16.28404705882353,0.3246993105858564,1,temperature,False,1.0,pooled_feature_p02_p98
GROUP_complete,supervised,CY-Bench_wheat_AU|AU-411|2001,3,weather_tmin_mean,8.346315789473683,0.0126056279987096,1,temperature,False,0.26077525474264046,pooled_feature_p02_p98
GROUP_complete,supervised,CY-Bench_wheat_AU|AU-411|2002,3,weather_tmin_mean,8.067039473684211,0.0483566541224718,1,temperature,False,0.22458614133863475,pooled_feature_p02_p98
GROUP_complete,supervised,CY-Bench_wheat_AU|AU-411|2003,3,weather_tmin_mean,8.445434210526317,0.0126640349626541,1,temperature,False,0.27361919308291754,pooled_feature_p02_p98
GROUP_complete,supervised,CY-Bench_wheat_AU|AU-411|2004,3,weather_tmin_mean,8.52471052631579,0.0263200514018535,1,temperature,False,0.28389195672292383,pooled_feature_p02_p98
GROUP_complete,supervised,CY-Bench_wheat_AU|AU-411|2005,3,weather_tmin_mean,8.768618421052631,0.003139030188322,1,temperature,False,0.3154979682739276,pooled_feature_p02_p98
GROUP_complete,supervised,CY-Bench_wheat_AU|AU-411|2006,3,weather_tmin_mean,8.63908552631579,0.0223622266203165,1,temperature,False,0.29871286924421114,pooled_feature_p02_p98
GROUP_complete,supervised,CY-Bench_wheat_AU|AU-411|2007,3,weather_tmin_mean,8.578598684210528,0.0304054394364357,1,temperature,False,0.29087487846361215,pooled_feature_p02_p98
GROUP_complete,supervised,CY-Bench_wheat_AU|AU-411|2008,3,weather_tmin_mean,8.329927631578949,0.0114510785788297,1,temperature,False,0.2586516485827025,pooled_feature_p02_p98
GROUP_complete,supervised,CY-Bench_wheat_AU|AU-411|2009,3,weather_tmin_mean,9.891138157894735,0.0178697034716606,1,temperature,False,0.46095603885889086,pooled_feature_p02_p98
GROUP_complete,supervised,CY-Bench_wheat_AU|AU-411|2010,3,weather_tmin_mean,8.032552631578948,0.0294401627033948,1,temperature,False,0.22011727602735565,pooled_feature_p02_p98
GROUP_complete,supervised,CY-Bench_wheat_AU|AU-411|2011,3,weather_tmin_mean,9.225651315789474,0.0376086086034774,1,temperature,False,0.3747210900421935,pooled_feature_p02_p98
GROUP_complete,supervised,CY-Bench_wheat_AU|AU-411|2012,3,weather_tmin_mean,8.160302631578947,0.0342477709054946,1,temperature,False,0.2366713444391102,pooled_feature_p02_p98
GROUP_complete,supervised,CY-Bench_wheat_AU|AU-411|2013,3,weather_tmin_mean,9.150072368421052,0.0254624169319868,1,temperature,False,0.36492743786821885,pooled_feature_p02_p98
GROUP_complete,supervised,CY-Bench_wheat_AU|AU-411|2014,3,weather_tmin_mean,8.670230263157896,0.0160524509847164,1,temperature,False,0.30274865871074974,pooled_feature_p02_p98
GROUP_complete,supervised,CY-Bench_wheat_AU|AU-411|2015,3,weather_tmin_mean,9.0585,0.0192240141332149,1,temperature,False,0.35306133022462993,pooled_feature_p02_p98
GROUP_complete,supervised,CY-Bench_wheat_AU|AU-411|2016,3,weather_tmin_mean,7.906414473684211,0.0072704199701547,1,temperature,False,0.2037720729344226,pooled_feature_p02_p98
GROUP_complete,supervised,CY-Bench_wheat_AU|AU-411|2017,3,weather_tmin_mean,8.932223684210525,0.0249360799789428,1,temperature,False,0.33669822439008346,pooled_feature_p02_p98
GROUP_complete,supervised,CY-Bench_wheat_AU|AU-411|2018,3,weather_tmin_mean,8.627368421052632,0.0143053531646728,1,temperature,False,0.29719454625310304,pooled_feature_p02_p98
GROUP_complete,supervised,CY-Bench_wheat_AU|AU-411|2019,3,weather_tmin_mean,8.558467105263157,0.0224708504974842,1,temperature,False,0.28826619325710395,pooled_feature_p02_p98
GROUP_complete,supervised,CY-Bench_wheat_AU|AU-411|2020,3,weather_tmin_mean,9.034960526315787,0.025597283616662,1,temperature,False,0.3500110440583273,pooled_feature_p02_p98
GROUP_complete,supervised,CY-Bench_wheat_AU|AU-411|2021,3,weather_tmin_mean,8.82271052631579,0.0123425312340259,1,temperature,False,0.3225073178712831,pooled_feature_p02_p98
GROUP_complete,supervised,CY-Bench_wheat_AU|AU-411|2022,3,weather_tmin_mean,8.655921052631578,0.0207736678421497,1,temperature,False,0.30089444618651606,pooled_feature_p02_p98
GROUP_complete,supervised,CY-Bench_wheat_AU|AU-411|2023,3,weather_tmin_mean,9.030848684210524,0.0180108100175857,1,temperature,False,0.34947822436745546,pooled_feature_p02_p98
GROUP_complete,supervised,CY-Bench_wheat_AU|AU-421|2001,3,weather_tmin_mean,9.21979411764706,-0.0751122012734413,1,temperature,False,0.37396210406371433,pooled_feature_p02_p98
GROUP_complete,supervised,CY-Bench_wheat_AU|AU-421|2002,3,weather_tmin_mean,9.028223529411765,-0.1438831426203251,1,temperature,False,0.3491380522177091,pooled_feature_p02_p98
GROUP_complete,supervised,CY-Bench_wheat_AU|AU-421|2003,3,weather_tmin_mean,9.434847058823529,-0.0696674920618534,1,temperature,False,0.4018290402702452,pooled_feature_p02_p98
GROUP_complete,supervised,CY-Bench_wheat_AU|AU-421|2004,3,weather_tmin_mean,9.668417647058826,-0.0295085255056619,1,temperature,False,0.4320955255666905,pooled_feature_p02_p98
GROUP_complete,supervised,CY-Bench_wheat_AU|AU-421|2005,3,weather_tmin_mean,9.61450588235294,-0.03897868655622,1,temperature,False,0.42510954481412966,pooled_feature_p02_p98
GROUP_complete,supervised,CY-Bench_wheat_AU|AU-421|2006,3,weather_tmin_mean,9.835905882352945,0.0009682141244411,1,temperature,False,0.4537989440028777,pooled_feature_p02_p98
GROUP_complete,supervised,CY-Bench_wheat_AU|AU-421|2007,3,weather_tmin_mean,9.52594117647059,-0.0645598229020834,1,temperature,False,0.41363317534216604,pooled_feature_p02_p98
GROUP_complete,supervised,CY-Bench_wheat_AU|AU-421|2008,3,weather_tmin_mean,9.305888235294118,-0.0983900725841522,1,temperature,False,0.3851183303915347,pooled_feature_p02_p98
GROUP_complete,supervised,CY-Bench_wheat_AU|AU-421|2009,3,weather_tmin_mean,10.457935294117648,0.1164635233581066,1,temperature,False,0.5344026029968223,pooled_feature_p02_p98
GROUP_complete,supervised,CY-Bench_wheat_AU|AU-421|2010,3,weather_tmin_mean,9.200670588235294,-0.0604773536324501,1,temperature,False,0.371484043678927,pooled_feature_p02_p98
GROUP_complete,supervised,CY-Bench_wheat_AU|AU-421|2011,3,weather_tmin_mean,9.877205882352944,0.016374722123146,1,temperature,False,0.4591506702291436,pooled_feature_p02_p98
GROUP_complete,supervised,CY-Bench_wheat_AU|AU-421|2012,3,weather_tmin_mean,9.131141176470589,-0.125792970880866,1,temperature,False,0.3624743009080308,pooled_feature_p02_p98
GROUP_complete,supervised,CY-Bench_wheat_AU|AU-421|2013,3,weather_tmin_mean,9.953041176470588,0.0274838432669639,1,temperature,False,0.46897754026318667,pooled_feature_p02_p98
GROUP_complete,supervised,CY-Bench_wheat_AU|AU-421|2014,3,weather_tmin_mean,9.598058823529412,-0.056345846503973,1,temperature,False,0.4229783061688315,pooled_feature_p02_p98
GROUP_complete,supervised,CY-Bench_wheat_AU|AU-421|2015,3,weather_tmin_mean,9.761182352941177,-0.0132727622985839,1,temperature,False,0.44411613838369823,pooled_feature_p02_p98
GROUP_complete,supervised,CY-Bench_wheat_AU|AU-421|2016,3,weather_tmin_mean,8.605382352941175,-0.1754215527325868,1,temperature,False,0.29434555309754495,pooled_feature_p02_p98
GROUP_complete,supervised,CY-Bench_wheat_AU|AU-421|2017,3,weather_tmin_mean,9.93530588235294,0.0254923030734062,1,temperature,False,0.4666793698355849,pooled_feature_p02_p98
GROUP_complete,supervised,CY-Bench_wheat_AU|AU-421|2018,3,weather_tmin_mean,9.45614705882353,-0.0704157669097185,1,temperature,False,0.4045891315201114,pooled_feature_p02_p98
GROUP_complete,supervised,CY-Bench_wheat_AU|AU-421|2019,3,weather_tmin_mean,9.230517647058823,-0.1089631263166666,1,temperature,False,0.37535167775841327,pooled_feature_p02_p98
GROUP_complete,supervised,CY-Bench_wheat_AU|AU-421|2020,3,weather_tmin_mean,9.865200000000002,0.0091989804059267,1,temperature,False,0.45759492699772203,pooled_feature_p02_p98
GROUP_complete,supervised,CY-Bench_wheat_AU|AU-421|2021,3,weather_tmin_mean,9.562876470588236,-0.0471958238631486,1,temperature,False,0.4184193153471115,pooled_feature_p02_p98
GROUP_complete,supervised,CY-Bench_wheat_AU|AU-421|2022,3,weather_tmin_mean,9.451264705882352,-0.045042248442769,1,temperature,False,0.403956467687637,pooled_feature_p02_p98
GROUP_complete,supervised,CY-Bench_wheat_AU|AU-421|2023,3,weather_tmin_mean,9.937141176470588,0.0253107473254203,1,temperature,False,0.4669171904569487,pooled_feature_p02_p98
GROUP_complete,supervised,CY-Bench_wheat_AU|AU-422|2001,3,weather_tmin_mean,7.96828947368421,-0.1145337913185358,1,temperature,False,0.2117899436426598,pooled_feature_p02_p98
GROUP_complete,supervised,CY-Bench_wheat_AU|AU-422|2002,3,weather_tmin_mean,7.792,-0.0826853513717651,1,temperature,False,0.18894604534410295,pooled_feature_p02_p98
GROUP_complete,supervised,CY-Bench_wheat_AU|AU-422|2003,3,weather_tmin_mean,7.832309210526316,-0.0588707216084003,1,temperature,False,0.19416938333765643,pooled_feature_p02_p98
GROUP_complete,supervised,CY-Bench_wheat_AU|AU-422|2004,3,weather_tmin_mean,8.154388157894738,-0.0626783035695552,1,temperature,False,0.23590493659576053,pooled_feature_p02_p98
GROUP_complete,supervised,CY-Bench_wheat_AU|AU-422|2005,3,weather_tmin_mean,8.687565789473684,-0.0911248903721571,1,temperature,False,0.3049950265274647,pooled_feature_p02_p98
GROUP_complete,supervised,CY-Bench_wheat_AU|AU-422|2006,3,weather_tmin_mean,7.960263157894737,-0.1082790754735469,1,temperature,False,0.21074987960607833,pooled_feature_p02_p98
GROUP_complete,supervised,CY-Bench_wheat_AU|AU-422|2007,3,weather_tmin_mean,8.411388157894736,-0.1182279419153928,1,temperature,False,0.26920744604249963,pooled_feature_p02_p98
GROUP_complete,supervised,CY-Bench_wheat_AU|AU-422|2008,3,weather_tmin_mean,7.944776315789474,-0.0816080830991268,1,temperature,False,0.2087430675223792,pooled_feature_p02_p98
GROUP_complete,supervised,CY-Bench_wheat_AU|AU-422|2009,3,weather_tmin_mean,9.423236842105265,-0.0642867498099803,1,temperature,False,0.40032456808371336,pooled_feature_p02_p98
GROUP_complete,supervised,CY-Bench_wheat_AU|AU-422|2010,3,weather_tmin_mean,7.7906578947368414,-0.117762180045247,1,temperature,False,0.18877213299700238,pooled_feature_p02_p98
GROUP_complete,supervised,CY-Bench_wheat_AU|AU-422|2011,3,weather_tmin_mean,8.660657894736843,-0.0815037377178669,1,temperature,False,0.30150825447040047,pooled_feature_p02_p98
GROUP_complete,supervised,CY-Bench_wheat_AU|AU-422|2012,3,weather_tmin_mean,7.894151315789475,-0.0846086833626031,1,temperature,False,0.20218299148836702,pooled_feature_p02_p98
GROUP_complete,supervised,CY-Bench_wheat_AU|AU-422|2013,3,weather_tmin_mean,8.72703947368421,-0.0890853963792324,1,temperature,False,0.31011009555983293,pooled_feature_p02_p98
GROUP_complete,supervised,CY-Bench_wheat_AU|AU-422|2014,3,weather_tmin_mean,8.17253947368421,-0.1102343555539846,1,temperature,False,0.2382570158391444,pooled_feature_p02_p98
GROUP_complete,supervised,CY-Bench_wheat_AU|AU-422|2015,3,weather_tmin_mean,8.615118421052632,-0.0937092863023281,1,temperature,False,0.2956071698300581,pooled_feature_p02_p98
GROUP_complete,supervised,CY-Bench_wheat_AU|AU-422|2016,3,weather_tmin_mean,7.734177631578947,-0.0990616660565137,1,temperature,False,0.18145332172318876,pooled_feature_p02_p98
GROUP_complete,supervised,CY-Bench_wheat_AU|AU-422|2017,3,weather_tmin_mean,8.567092105263157,-0.0907664354890585,1,temperature,False,0.28938383584067645,pooled_feature_p02_p98
GROUP_complete,supervised,CY-Bench_wheat_AU|AU-422|2018,3,weather_tmin_mean,8.105815789473684,-0.0897782128304243,1,temperature,False,0.22961084415143118,pooled_feature_p02_p98
GROUP_complete,supervised,CY-Bench_wheat_AU|AU-422|2019,3,weather_tmin_mean,7.989947368421051,-0.0967519078403711,1,temperature,False,0.2145964115184191,pooled_feature_p02_p98
GROUP_complete,supervised,CY-Bench_wheat_AU|AU-422|2020,3,weather_tmin_mean,8.427282894736843,-0.0638978686183691,1,temperature,False,0.27126711383953345,pooled_feature_p02_p98
GROUP_complete,supervised,CY-Bench_wheat_AU|AU-422|2021,3,weather_tmin_mean,8.134815789473684,-0.066117525100708,1,temperature,False,0.23336871486721109,pooled_feature_p02_p98
GROUP_complete,supervised,CY-Bench_wheat_AU|AU-422|2022,3,weather_tmin_mean,8.383782894736843,-0.1101057007908821,1,temperature,False,0.2656303077658636,pooled_feature_p02_p98
GROUP_complete,supervised,CY-Bench_wheat_AU|AU-422|2023,3,weather_tmin_mean,8.209217105263157,-0.1029131319373846,1,temperature,False,0.24300976748171987,pooled_feature_p02_p98
GROUP_complete,supervised,CY-Bench_wheat_AU|AU-431|2001,3,weather_tmin_mean,7.969813253012048,-0.01577816531062125,2,temperature,False,0.21198739763277685,pooled_feature_p02_p98
GROUP_complete,supervised,CY-Bench_wheat_AU|AU-431|2002,3,weather_tmin_mean,7.7884578313253,-0.10419603530317541,2,temperature,False,0.18848704493261997,pooled_feature_p02_p98
GROUP_complete,supervised,CY-Bench_wheat_AU|AU-431|2003,3,weather_tmin_mean,7.703518072289158,-0.13283948320895428,2,temperature,False,0.17748040241236743,pooled_feature_p02_p98
GROUP_complete,supervised,CY-Bench_wheat_AU|AU-431|2004,3,weather_tmin_mean,8.256168674698795,-0.11336091533303261,2,temperature,False,0.2490938339590334,pooled_feature_p02_p98
GROUP_complete,supervised,CY-Bench_wheat_AU|AU-431|2005,3,weather_tmin_mean,8.451439759036143,-0.0881010992452502,2,temperature,False,0.2743974025614441,pooled_feature_p02_p98
GROUP_complete,supervised,CY-Bench_wheat_AU|AU-431|2006,3,weather_tmin_mean,7.6477771084337345,-0.055038299411535194,2,temperature,False,0.1702573908350694,pooled_feature_p02_p98
GROUP_complete,supervised,CY-Bench_wheat_AU|AU-431|2007,3,weather_tmin_mean,8.304897590361445,-0.0936177214607596,2,temperature,False,0.2554082120687018,pooled_feature_p02_p98
GROUP_complete,supervised,CY-Bench_wheat_AU|AU-431|2008,3,weather_tmin_mean,7.973560240963855,-0.0955619751475751,2,temperature,False,0.21247293888437946,pooled_feature_p02_p98
GROUP_complete,supervised,CY-Bench_wheat_AU|AU-431|2009,3,weather_tmin_mean,9.066409638554216,-0.07375521492213005,2,temperature,False,0.35408627502101925,pooled_feature_p02_p98
GROUP_complete,supervised,CY-Bench_wheat_AU|AU-431|2010,3,weather_tmin_mean,8.1235421686747,0.00863782595843075,2,temperature,False,0.23190785936854516,pooled_feature_p02_p98
GROUP_complete,supervised,CY-Bench_wheat_AU|AU-431|2011,3,weather_tmin_mean,8.476024096385542,-0.10237926151603455,2,temperature,False,0.2775830839887601,pooled_feature_p02_p98
GROUP_complete,supervised,CY-Bench_wheat_AU|AU-431|2012,3,weather_tmin_mean,7.984403614457832,-0.11782567668706175,2,temperature,False,0.21387804218483736,pooled_feature_p02_p98
GROUP_complete,supervised,CY-Bench_wheat_AU|AU-431|2013,3,weather_tmin_mean,8.758626506024095,-0.08629334345459935,2,temperature,False,0.3142031984504691,pooled_feature_p02_p98
GROUP_complete,supervised,CY-Bench_wheat_AU|AU-431|2014,3,weather_tmin_mean,8.156536144578315,-0.07128104567527765,2,temperature,False,0.23618327646666046,pooled_feature_p02_p98
GROUP_complete,supervised,CY-Bench_wheat_AU|AU-431|2015,3,weather_tmin_mean,8.330692771084337,-0.04811844881623975,2,temperature,False,0.25875079669790196,pooled_feature_p02_p98
GROUP_complete,supervised,CY-Bench_wheat_AU|AU-431|2016,3,weather_tmin_mean,7.830355421686748,-0.11899532750248905,2,temperature,False,0.19391620796300021,pooled_feature_p02_p98
GROUP_complete,supervised,CY-Bench_wheat_AU|AU-431|2017,3,weather_tmin_mean,8.724819277108434,-0.07924981694668524,2,temperature,False,0.30982239860481975,pooled_feature_p02_p98
GROUP_complete,supervised,CY-Bench_wheat_AU|AU-431|2018,3,weather_tmin_mean,7.950680722891567,-0.1131460946053266,2,temperature,False,0.20950817092041368,pooled_feature_p02_p98
GROUP_complete,supervised,CY-Bench_wheat_AU|AU-431|2019,3,weather_tmin_mean,7.660819277108433,-0.10122187249362465,2,temperature,False,0.17194741786034226,pooled_feature_p02_p98
GROUP_complete,supervised,CY-Bench_wheat_AU|AU-431|2020,3,weather_tmin_mean,8.196210843373494,-0.10457596741616725,2,temperature,False,0.2413243933204465,pooled_feature_p02_p98
GROUP_complete,supervised,CY-Bench_wheat_AU|AU-431|2021,3,weather_tmin_mean,8.135861445783132,-0.12621636502444739,2,temperature,False,0.23350421284045392,pooled_feature_p02_p98
GROUP_complete,supervised,CY-Bench_wheat_AU|AU-431|2022,3,weather_tmin_mean,8.381795180722893,0.03284966852515935,2,temperature,False,0.26537273630778196,pooled_feature_p02_p98
GROUP_complete,supervised,CY-Bench_wheat_AU|AU-431|2023,3,weather_tmin_mean,8.144614457831326,-0.12601745966821903,2,temperature,False,0.23463844344910142,pooled_feature_p02_p98
GROUP_complete,supervised,CY-Bench_wheat_AU|AU-521|2001,3,weather_tmin_mean,8.544023255813954,-0.1417015604674816,1,temperature,False,0.2863945339857835,pooled_feature_p02_p98
GROUP_complete,supervised,CY-Bench_wheat_AU|AU-521|2002,3,weather_tmin_mean,8.94564534883721,-0.1586465798318386,1,temperature,False,0.3384374271644848,pooled_feature_p02_p98
GROUP_complete,supervised,CY-Bench_wheat_AU|AU-521|2003,3,weather_tmin_mean,9.236563953488371,-0.0854469463229179,1,temperature,False,0.3761351687194557,pooled_feature_p02_p98
GROUP_complete,supervised,CY-Bench_wheat_AU|AU-521|2004,3,weather_tmin_mean,8.72882558139535,-0.1625598538666963,1,temperature,False,0.3103415425206234,pooled_feature_p02_p98
GROUP_complete,supervised,CY-Bench_wheat_AU|AU-521|2005,3,weather_tmin_mean,7.977558139534883,-0.1808365099132061,1,temperature,False,0.21299099357281828,pooled_feature_p02_p98
GROUP_complete,supervised,CY-Bench_wheat_AU|AU-521|2006,3,weather_tmin_mean,9.569284883720927,-0.0443871077150106,1,temperature,False,0.4192497287280067,pooled_feature_p02_p98
GROUP_complete,supervised,CY-Bench_wheat_AU|AU-521|2007,3,weather_tmin_mean,9.255436046511628,-0.107647119089961,1,temperature,False,0.378580647537303,pooled_feature_p02_p98
GROUP_complete,supervised,CY-Bench_wheat_AU|AU-521|2008,3,weather_tmin_mean,8.632162790697674,-0.1089241988956928,1,temperature,False,0.2978158090561971,pooled_feature_p02_p98
GROUP_complete,supervised,CY-Bench_wheat_AU|AU-521|2009,3,weather_tmin_mean,9.278686046511629,-0.092989033088088,1,temperature,False,0.381593423197368,pooled_feature_p02_p98
GROUP_complete,supervised,CY-Bench_wheat_AU|AU-521|2010,3,weather_tmin_mean,8.609930232558138,-0.166676240041852,1,temperature,False,0.29493487529173384,pooled_feature_p02_p98
GROUP_complete,supervised,CY-Bench_wheat_AU|AU-521|2011,3,weather_tmin_mean,9.80560465116279,0.0009821355342864,1,temperature,False,0.4498724574738584,pooled_feature_p02_p98
GROUP_complete,supervised,CY-Bench_wheat_AU|AU-521|2012,3,weather_tmin_mean,9.129918604651165,-0.1293122395873069,1,temperature,False,0.36231587791361175,pooled_feature_p02_p98
GROUP_complete,supervised,CY-Bench_wheat_AU|AU-521|2013,3,weather_tmin_mean,9.687593023255817,-0.0224959012120962,1,temperature,False,0.4345803043485779,pooled_feature_p02_p98
GROUP_complete,supervised,CY-Bench_wheat_AU|AU-521|2014,3,weather_tmin_mean,9.770750000000003,-0.0028344951570034,1,temperature,False,0.4453559308216735,pooled_feature_p02_p98
GROUP_complete,supervised,CY-Bench_wheat_AU|AU-521|2015,3,weather_tmin_mean,9.863837209302329,0.0168095398694276,1,temperature,False,0.457418334195842,pooled_feature_p02_p98
GROUP_complete,supervised,CY-Bench_wheat_AU|AU-521|2016,3,weather_tmin_mean,7.998110465116278,-0.1834681220352649,1,temperature,False,0.21565419986397344,pooled_feature_p02_p98
GROUP_complete,supervised,CY-Bench_wheat_AU|AU-521|2017,3,weather_tmin_mean,9.612005813953488,-0.0342921558767557,1,temperature,False,0.42478558157875895,pooled_feature_p02_p98
GROUP_complete,supervised,CY-Bench_wheat_AU|AU-521|2018,3,weather_tmin_mean,9.0816511627907,-0.1122847590595483,1,temperature,False,0.3560612983862653,pooled_feature_p02_p98
GROUP_complete,supervised,CY-Bench_wheat_AU|AU-521|2019,3,weather_tmin_mean,9.666063953488372,-0.0390767753124237,1,temperature,False,0.43179052983764477,pooled_feature_p02_p98
GROUP_complete,supervised,CY-Bench_wheat_AU|AU-521|2020,3,weather_tmin_mean,9.541040697674418,-0.052191799506545,1,temperature,False,0.4155897977061027,pooled_feature_p02_p98
GROUP_complete,supervised,CY-Bench_wheat_AU|AU-521|2021,3,weather_tmin_mean,9.029831395348836,-0.1166561357676982,1,temperature,False,0.3493464022977029,pooled_feature_p02_p98
GROUP_complete,supervised,CY-Bench_wheat_AU|AU-521|2022,3,weather_tmin_mean,8.688063953488372,-0.1205172501504421,1,temperature,False,0.3050595794916872,pooled_feature_p02_p98
GROUP_complete,supervised,CY-Bench_wheat_AU|AU-521|2023,3,weather_tmin_mean,9.919715116279072,0.0089315641671419,1,temperature,False,0.4646590911022895,pooled_feature_p02_p98
GROUP_complete,supervised,CY-Bench_wheat_AU|AU-522|2001,3,weather_tmin_mean,8.369058510638299,0.202939685434103,1,temperature,False,0.26372229632407684,pooled_feature_p02_p98
GROUP_complete,supervised,CY-Bench_wheat_AU|AU-522|2002,3,weather_tmin_mean,8.954281914893617,-0.0546352081000804,1,temperature,False,0.33955656849787336,pooled_feature_p02_p98
GROUP_complete,supervised,CY-Bench_wheat_AU|AU-522|2003,3,weather_tmin_mean,8.89925,0.0600819494575262,1,temperature,False,0.33242543672504526,pooled_feature_p02_p98
GROUP_complete,supervised,CY-Bench_wheat_AU|AU-522|2004,3,weather_tmin_mean,8.620803191489362,0.1390035115182399,1,temperature,False,0.29634381232488977,pooled_feature_p02_p98
GROUP_complete,supervised,CY-Bench_wheat_AU|AU-522|2005,3,weather_tmin_mean,8.15608510638298,0.226910887286067,1,temperature,False,0.23612483014852434,pooled_feature_p02_p98
GROUP_complete,supervised,CY-Bench_wheat_AU|AU-522|2006,3,weather_tmin_mean,9.176276595744683,-0.001457629725337,1,temperature,False,0.3683230274712918,pooled_feature_p02_p98
GROUP_complete,supervised,CY-Bench_wheat_AU|AU-522|2007,3,weather_tmin_mean,9.294398936170214,0.0545629486441612,1,temperature,False,0.3836295269183432,pooled_feature_p02_p98
GROUP_complete,supervised,CY-Bench_wheat_AU|AU-522|2008,3,weather_tmin_mean,8.73693085106383,0.1100946683436632,1,temperature,False,0.3113918375389227,pooled_feature_p02_p98
GROUP_complete,supervised,CY-Bench_wheat_AU|AU-522|2009,3,weather_tmin_mean,8.961468085106382,0.0794396623969078,1,temperature,False,0.3404877650013617,pooled_feature_p02_p98
GROUP_complete,supervised,CY-Bench_wheat_AU|AU-522|2010,3,weather_tmin_mean,8.736824468085107,-0.1033035423606634,1,temperature,False,0.3113780522464951,pooled_feature_p02_p98
GROUP_complete,supervised,CY-Bench_wheat_AU|AU-522|2011,3,weather_tmin_mean,9.660776595744682,0.0119664222002029,1,temperature,False,0.43110538477458044,pooled_feature_p02_p98
GROUP_complete,supervised,CY-Bench_wheat_AU|AU-522|2012,3,weather_tmin_mean,9.12801595744681,-0.0501242354512214,1,temperature,False,0.36206932956148397,pooled_feature_p02_p98
GROUP_complete,supervised,CY-Bench_wheat_AU|AU-522|2013,3,weather_tmin_mean,9.336515957446808,0.0278378631919622,1,temperature,False,0.38908712419045327,pooled_feature_p02_p98
GROUP_complete,supervised,CY-Bench_wheat_AU|AU-522|2014,3,weather_tmin_mean,9.70972340425532,0.0818569473922252,1,temperature,False,0.43744799782054633,pooled_feature_p02_p98
GROUP_complete,supervised,CY-Bench_wheat_AU|AU-522|2015,3,weather_tmin_mean,9.976484042553192,0.0237292665988206,1,temperature,False,0.47201530784752355,pooled_feature_p02_p98
GROUP_complete,supervised,CY-Bench_wheat_AU|AU-522|2016,3,weather_tmin_mean,7.852712765957446,0.2767143007367849,1,temperature,False,0.19681331173256808,pooled_feature_p02_p98
GROUP_complete,supervised,CY-Bench_wheat_AU|AU-522|2017,3,weather_tmin_mean,9.383595744680852,0.0296971071511507,1,temperature,False,0.395187805354314,pooled_feature_p02_p98
GROUP_complete,supervised,CY-Bench_wheat_AU|AU-522|2018,3,weather_tmin_mean,9.005989361702127,0.1210428904742002,1,temperature,False,0.3462569098823372,pooled_feature_p02_p98
GROUP_complete,supervised,CY-Bench_wheat_AU|AU-522|2019,3,weather_tmin_mean,9.51881914893617,-0.023317189887166,1,temperature,False,0.41271029055911174,pooled_feature_p02_p98
GROUP_complete,supervised,CY-Bench_wheat_AU|AU-522|2020,3,weather_tmin_mean,9.481484042553191,0.0577619783580303,1,temperature,False,0.4078723421816246,pooled_feature_p02_p98
GROUP_complete,supervised,CY-Bench_wheat_AU|AU-522|2021,3,weather_tmin_mean,8.741281914893618,0.0713615324348211,1,temperature,False,0.311955655999214,pooled_feature_p02_p98
GROUP_complete,supervised,CY-Bench_wheat_AU|AU-522|2022,3,weather_tmin_mean,8.681867021276595,0.0208256244659423,1,temperature,False,0.3042565701783661,pooled_feature_p02_p98
GROUP_complete,supervised,CY-Bench_wheat_AU|AU-522|2023,3,weather_tmin_mean,9.57015425531915,-0.0014989078044891,1,temperature,False,0.41936238342007875,pooled_feature_p02_p98
GROUP_complete,supervised,CY-Bench_wheat_AU|AU-111|2001,4,weather_tmax_mean,20.59006358381503,-0.0602997057139873,1,temperature,False,0.4724914455272114,pooled_feature_p02_p98
GROUP_complete,supervised,CY-Bench_wheat_AU|AU-111|2002,4,weather_tmax_mean,22.469236994219653,0.0077169872820377,1,temperature,False,0.6364555519871532,pooled_feature_p02_p98
GROUP_complete,supervised,CY-Bench_wheat_AU|AU-111|2003,4,weather_tmax_mean,20.562982658959537,-0.0642859674990177,1,temperature,False,0.47012854510436874,pooled_feature_p02_p98
GROUP_complete,supervised,CY-Bench_wheat_AU|AU-111|2004,4,weather_tmax_mean,21.05828901734105,-0.0459892060607671,1,temperature,False,0.5133456660077907,pooled_feature_p02_p98
GROUP_complete,supervised,CY-Bench_wheat_AU|AU-111|2005,4,weather_tmax_mean,20.928092485549136,-0.1316797044128179,1,temperature,False,0.5019855872192941,pooled_feature_p02_p98
GROUP_complete,supervised,CY-Bench_wheat_AU|AU-111|2006,4,weather_tmax_mean,22.28106358381503,0.021639471873641,1,temperature,False,0.6200367984406827,pooled_feature_p02_p98
GROUP_complete,supervised,CY-Bench_wheat_AU|AU-111|2007,4,weather_tmax_mean,21.820907514450862,0.0109931677579879,1,temperature,False,0.579886656720037,pooled_feature_p02_p98
GROUP_complete,supervised,CY-Bench_wheat_AU|AU-111|2008,4,weather_tmax_mean,21.07123699421965,-0.0535987894982099,1,temperature,False,0.5144754198919235,pooled_feature_p02_p98
GROUP_complete,supervised,CY-Bench_wheat_AU|AU-111|2009,4,weather_tmax_mean,22.422971098265897,0.0376708935946226,1,temperature,False,0.6324186992690249,pooled_feature_p02_p98
GROUP_complete,supervised,CY-Bench_wheat_AU|AU-111|2010,4,weather_tmax_mean,19.170317919075146,0.0859322175383567,1,temperature,False,0.34861393213193204,pooled_feature_p02_p98
GROUP_complete,supervised,CY-Bench_wheat_AU|AU-111|2011,4,weather_tmax_mean,21.648502890173415,0.0155092217028141,1,temperature,False,0.5648437820110302,pooled_feature_p02_p98
GROUP_complete,supervised,CY-Bench_wheat_AU|AU-111|2012,4,weather_tmax_mean,21.65757803468208,0.0221675503998994,1,temperature,False,0.5656356184387484,pooled_feature_p02_p98
GROUP_complete,supervised,CY-Bench_wheat_AU|AU-111|2013,4,weather_tmax_mean,22.320300578034683,0.0263648275285959,1,temperature,False,0.6234603561931383,pooled_feature_p02_p98
GROUP_complete,supervised,CY-Bench_wheat_AU|AU-111|2014,4,weather_tmax_mean,22.557832369942197,0.0217295903712511,1,temperature,False,0.6441857920684568,pooled_feature_p02_p98
GROUP_complete,supervised,CY-Bench_wheat_AU|AU-111|2015,4,weather_tmax_mean,21.672826589595378,0.0076563209295272,1,temperature,False,0.5669661053790814,pooled_feature_p02_p98
GROUP_complete,supervised,CY-Bench_wheat_AU|AU-111|2016,4,weather_tmax_mean,19.82263005780347,-0.0360119622200727,1,temperature,False,0.4055303275893015,pooled_feature_p02_p98
GROUP_complete,supervised,CY-Bench_wheat_AU|AU-111|2017,4,weather_tmax_mean,21.9269710982659,0.0207975469529628,1,temperature,False,0.5891410558360968,pooled_feature_p02_p98
GROUP_complete,supervised,CY-Bench_wheat_AU|AU-111|2018,4,weather_tmax_mean,21.815393063583812,0.0167176909744739,1,temperature,False,0.5794055026104551,pooled_feature_p02_p98
GROUP_complete,supervised,CY-Bench_wheat_AU|AU-111|2019,4,weather_tmax_mean,21.783421965317924,0.0104452017694711,1,temperature,False,0.5766159183545877,pooled_feature_p02_p98
GROUP_complete,supervised,CY-Bench_wheat_AU|AU-111|2020,4,weather_tmax_mean,21.698682080924858,0.0198730397969484,1,temperature,False,0.5692220826664613,pooled_feature_p02_p98
GROUP_complete,supervised,CY-Bench_wheat_AU|AU-111|2021,4,weather_tmax_mean,20.459323699421965,-0.1074740309268236,1,temperature,False,0.46108395742393443,pooled_feature_p02_p98
GROUP_complete,supervised,CY-Bench_wheat_AU|AU-111|2022,4,weather_tmax_mean,19.007907514450867,0.0944779701530933,1,temperature,False,0.3344430862022403,pooled_feature_p02_p98
GROUP_complete,supervised,CY-Bench_wheat_AU|AU-111|2023,4,weather_tmax_mean,22.59852601156069,0.0349164959043264,1,temperature,False,0.6477364471328771,pooled_feature_p02_p98
GROUP_complete,supervised,CY-Bench_wheat_AU|AU-123|2001,4,weather_tmax_mean,18.837714285714288,0.2860132288187742,1,temperature,False,0.31959316308135216,pooled_feature_p02_p98
GROUP_complete,supervised,CY-Bench_wheat_AU|AU-123|2002,4,weather_tmax_mean,20.52576373626374,-0.0246497672051191,1,temperature,False,0.46688107077899293,pooled_feature_p02_p98
GROUP_complete,supervised,CY-Bench_wheat_AU|AU-123|2003,4,weather_tmax_mean,18.297197802197804,0.3468441516160965,1,temperature,False,0.2724313089619032,pooled_feature_p02_p98
GROUP_complete,supervised,CY-Bench_wheat_AU|AU-123|2004,4,weather_tmax_mean,18.78290659340659,0.2669117730110883,1,temperature,False,0.31481101032918646,pooled_feature_p02_p98
GROUP_complete,supervised,CY-Bench_wheat_AU|AU-123|2005,4,weather_tmax_mean,18.91370879120879,0.2545677311718464,1,temperature,False,0.326223935483878,pooled_feature_p02_p98
GROUP_complete,supervised,CY-Bench_wheat_AU|AU-123|2006,4,weather_tmax_mean,20.95596153846154,-0.0364679042249918,1,temperature,False,0.5044172544264642,pooled_feature_p02_p98
GROUP_complete,supervised,CY-Bench_wheat_AU|AU-123|2007,4,weather_tmax_mean,20.17904945054945,-0.0328158605843782,1,temperature,False,0.43662910055672366,pooled_feature_p02_p98
GROUP_complete,supervised,CY-Bench_wheat_AU|AU-123|2008,4,weather_tmax_mean,19.331329670329673,0.0994635447859764,1,temperature,False,0.362662740920853,pooled_feature_p02_p98
GROUP_complete,supervised,CY-Bench_wheat_AU|AU-123|2009,4,weather_tmax_mean,20.542489010989012,-0.0749655123800039,1,temperature,False,0.46834040641584385,pooled_feature_p02_p98
GROUP_complete,supervised,CY-Bench_wheat_AU|AU-123|2010,4,weather_tmax_mean,17.758642857142856,0.3476693015545606,1,temperature,False,0.2254406055725316,pooled_feature_p02_p98
GROUP_complete,supervised,CY-Bench_wheat_AU|AU-123|2011,4,weather_tmax_mean,19.780159340659345,0.0890454594045877,1,temperature,False,0.4018246167971561,pooled_feature_p02_p98
GROUP_complete,supervised,CY-Bench_wheat_AU|AU-123|2012,4,weather_tmax_mean,19.547065934065937,0.1007509119808673,1,temperature,False,0.3814864447465188,pooled_feature_p02_p98
GROUP_complete,supervised,CY-Bench_wheat_AU|AU-123|2013,4,weather_tmax_mean,19.874791208791212,0.0574001222848892,1,temperature,False,0.41008156084232306,pooled_feature_p02_p98
GROUP_complete,supervised,CY-Bench_wheat_AU|AU-123|2014,4,weather_tmax_mean,20.625060439560436,-0.0325643401592969,1,temperature,False,0.4755450371486293,pooled_feature_p02_p98
GROUP_complete,supervised,CY-Bench_wheat_AU|AU-123|2015,4,weather_tmax_mean,19.880758241758244,0.0301209948956966,1,temperature,False,0.41060220423970156,pooled_feature_p02_p98
GROUP_complete,supervised,CY-Bench_wheat_AU|AU-123|2016,4,weather_tmax_mean,18.09021978021978,0.2723548337817192,1,temperature,False,0.25437179074896427,pooled_feature_p02_p98
GROUP_complete,supervised,CY-Bench_wheat_AU|AU-123|2017,4,weather_tmax_mean,19.64946703296703,0.1108564734458923,1,temperature,False,0.39042127991865905,pooled_feature_p02_p98
GROUP_complete,supervised,CY-Bench_wheat_AU|AU-123|2018,4,weather_tmax_mean,19.94351098901099,0.0282150469720363,1,temperature,False,0.41607758936075184,pooled_feature_p02_p98
GROUP_complete,supervised,CY-Bench_wheat_AU|AU-123|2019,4,weather_tmax_mean,19.70316483516483,0.082615815103054,1,temperature,False,0.3951065910812564,pooled_feature_p02_p98
GROUP_complete,supervised,CY-Bench_wheat_AU|AU-123|2020,4,weather_tmax_mean,19.56875274725275,0.1186555121093988,1,temperature,False,0.38337869105356587,pooled_feature_p02_p98
GROUP_complete,supervised,CY-Bench_wheat_AU|AU-123|2021,4,weather_tmax_mean,18.192796703296704,0.3851419389247894,1,temperature,False,0.26332196716301676,pooled_feature_p02_p98
GROUP_complete,supervised,CY-Bench_wheat_AU|AU-123|2022,4,weather_tmax_mean,17.345576923076923,0.5399945676326752,1,temperature,False,0.1893992341838321,pooled_feature_p02_p98
GROUP_complete,supervised,CY-Bench_wheat_AU|AU-123|2023,4,weather_tmax_mean,20.663016483516483,-0.0214405674487352,1,temperature,False,0.4788568277463195,pooled_feature_p02_p98
GROUP_complete,supervised,CY-Bench_wheat_AU|AU-222|2001,4,weather_tmax_mean,16.302595092024543,0.0862732995301485,1,temperature,False,0.09839561363684099,pooled_feature_p02_p98
GROUP_complete,supervised,CY-Bench_wheat_AU|AU-222|2002,4,weather_tmax_mean,17.85860736196319,0.0756345000118017,1,temperature,False,0.234162839837781,pooled_feature_p02_p98
GROUP_complete,supervised,CY-Bench_wheat_AU|AU-222|2003,4,weather_tmax_mean,16.12750306748466,0.1243777927011251,1,temperature,False,0.08311825435057775,pooled_feature_p02_p98
GROUP_complete,supervised,CY-Bench_wheat_AU|AU-222|2004,4,weather_tmax_mean,16.83009202453988,0.0096437186002731,1,temperature,False,0.1444214687928132,pooled_feature_p02_p98
GROUP_complete,supervised,CY-Bench_wheat_AU|AU-222|2005,4,weather_tmax_mean,17.13334355828221,0.0140791665762662,1,temperature,False,0.17088116989722688,pooled_feature_p02_p98
GROUP_complete,supervised,CY-Bench_wheat_AU|AU-222|2006,4,weather_tmax_mean,18.56757055214724,0.1186696793884038,1,temperature,False,0.29602222724071786,pooled_feature_p02_p98
GROUP_complete,supervised,CY-Bench_wheat_AU|AU-222|2007,4,weather_tmax_mean,17.976803680981597,0.0329044871032238,1,temperature,False,0.24447586030061003,pooled_feature_p02_p98
GROUP_complete,supervised,CY-Bench_wheat_AU|AU-222|2008,4,weather_tmax_mean,16.92580981595092,0.0359099972993135,1,temperature,False,0.15277316324215676,pooled_feature_p02_p98
GROUP_complete,supervised,CY-Bench_wheat_AU|AU-222|2009,4,weather_tmax_mean,18.23590797546013,-0.0795726757496595,1,temperature,False,0.2670835685029939,pooled_feature_p02_p98
GROUP_complete,supervised,CY-Bench_wheat_AU|AU-222|2010,4,weather_tmax_mean,15.91044171779141,0.1623340006917715,1,temperature,False,0.06417893238466117,pooled_feature_p02_p98
GROUP_complete,supervised,CY-Bench_wheat_AU|AU-222|2011,4,weather_tmax_mean,17.9038527607362,-0.0508026182651519,1,temperature,False,0.2381106507956014,pooled_feature_p02_p98
GROUP_complete,supervised,CY-Bench_wheat_AU|AU-222|2012,4,weather_tmax_mean,17.25022699386503,0.0172836873680353,1,temperature,False,0.18107963693022883,pooled_feature_p02_p98
GROUP_complete,supervised,CY-Bench_wheat_AU|AU-222|2013,4,weather_tmax_mean,17.28832515337423,-0.0406616739928722,1,temperature,False,0.1844038275808135,pooled_feature_p02_p98
GROUP_complete,supervised,CY-Bench_wheat_AU|AU-222|2014,4,weather_tmax_mean,18.48516564417178,0.0744298780336976,1,temperature,False,0.28883212598167485,pooled_feature_p02_p98
GROUP_complete,supervised,CY-Bench_wheat_AU|AU-222|2015,4,weather_tmax_mean,18.079558282208588,0.0444673914462327,1,temperature,False,0.2534415397219698,pooled_feature_p02_p98
GROUP_complete,supervised,CY-Bench_wheat_AU|AU-222|2016,4,weather_tmax_mean,16.004079754601225,0.1010459102690219,1,temperature,False,0.07234916135404536,pooled_feature_p02_p98
GROUP_complete,supervised,CY-Bench_wheat_AU|AU-222|2017,4,weather_tmax_mean,17.68948466257669,-0.0623184647411108,1,temperature,False,0.21940632394975,pooled_feature_p02_p98
GROUP_complete,supervised,CY-Bench_wheat_AU|AU-222|2018,4,weather_tmax_mean,17.358128834355828,0.0230924859642982,1,temperature,False,0.19049443003207847,pooled_feature_p02_p98
GROUP_complete,supervised,CY-Bench_wheat_AU|AU-222|2019,4,weather_tmax_mean,16.983846625766873,0.0629639057442545,1,temperature,False,0.15783706719618795,pooled_feature_p02_p98
GROUP_complete,supervised,CY-Bench_wheat_AU|AU-222|2020,4,weather_tmax_mean,17.446791411042945,-0.0512786470353603,1,temperature,False,0.1982305336202029,pooled_feature_p02_p98
GROUP_complete,supervised,CY-Bench_wheat_AU|AU-222|2021,4,weather_tmax_mean,16.819883435582824,0.0075839571654796,1,temperature,False,0.1435307355814487,pooled_feature_p02_p98
GROUP_complete,supervised,CY-Bench_wheat_AU|AU-222|2022,4,weather_tmax_mean,15.640570552147242,0.134878134354949,1,temperature,False,0.040631778998417065,pooled_feature_p02_p98
GROUP_complete,supervised,CY-Bench_wheat_AU|AU-222|2023,4,weather_tmax_mean,17.888159509202456,0.0150053743273019,1,temperature,False,0.23674136260168888,pooled_feature_p02_p98
GROUP_complete,supervised,CY-Bench_wheat_AU|AU-231|2001,4,weather_tmax_mean,14.812443820224718,0.8545362930744886,1,temperature,False,0.0,pooled_feature_p02_p98
GROUP_complete,supervised,CY-Bench_wheat_AU|AU-231|2002,4,weather_tmax_mean,15.71952808988764,1.0062719881534576,1,temperature,False,0.04752108578202788,pooled_feature_p02_p98
GROUP_complete,supervised,CY-Bench_wheat_AU|AU-231|2003,4,weather_tmax_mean,14.771904494382024,1.0152851678431034,1,temperature,False,0.0,pooled_feature_p02_p98
GROUP_complete,supervised,CY-Bench_wheat_AU|AU-231|2004,4,weather_tmax_mean,15.146803370786516,1.0608200524002314,1,temperature,False,0.0,pooled_feature_p02_p98
GROUP_complete,supervised,CY-Bench_wheat_AU|AU-231|2005,4,weather_tmax_mean,15.916893258426963,1.0554938539862633,1,temperature,False,0.06474185068147265,pooled_feature_p02_p98
GROUP_complete,supervised,CY-Bench_wheat_AU|AU-231|2006,4,weather_tmax_mean,16.744825842696628,0.5834274366497993,1,temperature,False,0.1369817119083384,pooled_feature_p02_p98
GROUP_complete,supervised,CY-Bench_wheat_AU|AU-231|2007,4,weather_tmax_mean,16.068752808988766,0.9453614726662636,1,temperature,False,0.07799209963530013,pooled_feature_p02_p98
GROUP_complete,supervised,CY-Bench_wheat_AU|AU-231|2008,4,weather_tmax_mean,15.302865168539329,1.0146766789257526,1,temperature,False,0.01116586533478089,pooled_feature_p02_p98
GROUP_complete,supervised,CY-Bench_wheat_AU|AU-231|2009,4,weather_tmax_mean,16.350359550561794,0.9100687261670828,1,temperature,False,0.1025632209056758,pooled_feature_p02_p98
GROUP_complete,supervised,CY-Bench_wheat_AU|AU-231|2010,4,weather_tmax_mean,14.74974157303371,0.8796866983175278,1,temperature,False,0.0,pooled_feature_p02_p98
GROUP_complete,supervised,CY-Bench_wheat_AU|AU-231|2011,4,weather_tmax_mean,16.204584269662924,0.9530359003692864,1,temperature,False,0.08984384463939293,pooled_feature_p02_p98
GROUP_complete,supervised,CY-Bench_wheat_AU|AU-231|2012,4,weather_tmax_mean,15.57341573033708,1.0123191643506289,1,temperature,False,0.034772298286517844,pooled_feature_p02_p98
GROUP_complete,supervised,CY-Bench_wheat_AU|AU-231|2013,4,weather_tmax_mean,15.594365168539325,0.9912496451288462,1,temperature,False,0.03660020618296318,pooled_feature_p02_p98
GROUP_complete,supervised,CY-Bench_wheat_AU|AU-231|2014,4,weather_tmax_mean,16.54308426966292,0.8318947777152061,1,temperature,False,0.11937909121609873,pooled_feature_p02_p98
GROUP_complete,supervised,CY-Bench_wheat_AU|AU-231|2015,4,weather_tmax_mean,16.437073033707865,0.8221263606101274,1,temperature,False,0.1101292596242703,pooled_feature_p02_p98
GROUP_complete,supervised,CY-Bench_wheat_AU|AU-231|2016,4,weather_tmax_mean,14.779404494382025,1.0257823001593351,1,temperature,False,0.0,pooled_feature_p02_p98
GROUP_complete,supervised,CY-Bench_wheat_AU|AU-231|2017,4,weather_tmax_mean,15.983898876404494,0.8868927601724863,1,temperature,False,0.07058831286460686,pooled_feature_p02_p98
GROUP_complete,supervised,CY-Bench_wheat_AU|AU-231|2018,4,weather_tmax_mean,15.88844382022472,0.9235083535313606,1,temperature,False,0.062259542934731134,pooled_feature_p02_p98
GROUP_complete,supervised,CY-Bench_wheat_AU|AU-231|2019,4,weather_tmax_mean,15.388865168539326,0.9343054536730052,1,temperature,False,0.01866965028484479,pooled_feature_p02_p98
GROUP_complete,supervised,CY-Bench_wheat_AU|AU-231|2020,4,weather_tmax_mean,15.650337078651685,0.9250333681702614,1,temperature,False,0.04148394079607334,pooled_feature_p02_p98
GROUP_complete,supervised,CY-Bench_wheat_AU|AU-231|2021,4,weather_tmax_mean,15.115578651685396,0.9982601534575224,1,temperature,False,0.0,pooled_feature_p02_p98
GROUP_complete,supervised,CY-Bench_wheat_AU|AU-231|2022,4,weather_tmax_mean,14.683977528089883,0.8682922888547182,1,temperature,False,0.0,pooled_feature_p02_p98
GROUP_complete,supervised,CY-Bench_wheat_AU|AU-231|2023,4,weather_tmax_mean,16.31323595505618,0.9620066918432713,1,temperature,False,0.09932406419349778,pooled_feature_p02_p98
GROUP_complete,supervised,CY-Bench_wheat_AU|AU-312|2003,4,weather_tmax_mean,26.43702312138728,0.306162966415286,1,temperature,False,0.9826580383373149,pooled_feature_p02_p98
GROUP_complete,supervised,CY-Bench_wheat_AU|AU-312|2009,4,weather_tmax_mean,27.56068786127167,0.2795935664325952,1,temperature,False,1.0,pooled_feature_p02_p98
GROUP_complete,supervised,CY-Bench_wheat_AU|AU-322|2001,4,weather_tmax_mean,24.327924731182797,0.0113007426261901,1,temperature,False,0.7986322155626521,pooled_feature_p02_p98
GROUP_complete,supervised,CY-Bench_wheat_AU|AU-322|2002,4,weather_tmax_mean,26.29026344086022,-0.017282897606492,1,temperature,False,0.9698527699417894,pooled_feature_p02_p98
GROUP_complete,supervised,CY-Bench_wheat_AU|AU-322|2003,4,weather_tmax_mean,24.843295698924734,0.0052204504609107,1,temperature,False,0.8436000401143028,pooled_feature_p02_p98
GROUP_complete,supervised,CY-Bench_wheat_AU|AU-322|2004,4,weather_tmax_mean,25.046688172043005,-0.0001102592796087,1,temperature,False,0.8613467073089681,pooled_feature_p02_p98
GROUP_complete,supervised,CY-Bench_wheat_AU|AU-322|2005,4,weather_tmax_mean,25.28874731182796,0.0314687024801969,1,temperature,False,0.8824671692873848,pooled_feature_p02_p98
GROUP_complete,supervised,CY-Bench_wheat_AU|AU-322|2006,4,weather_tmax_mean,25.9210376344086,0.0160853117704391,1,temperature,False,0.9376365949461268,pooled_feature_p02_p98
GROUP_complete,supervised,CY-Bench_wheat_AU|AU-322|2007,4,weather_tmax_mean,24.477763440860212,0.0311877001076936,1,temperature,False,0.8117061394535174,pooled_feature_p02_p98
GROUP_complete,supervised,CY-Bench_wheat_AU|AU-322|2008,4,weather_tmax_mean,24.44088709677419,0.0232273675501346,1,temperature,False,0.8084885562469352,pooled_feature_p02_p98
GROUP_complete,supervised,CY-Bench_wheat_AU|AU-322|2009,4,weather_tmax_mean,26.642763440860215,0.0128539856523275,1,temperature,False,1.0,pooled_feature_p02_p98
GROUP_complete,supervised,CY-Bench_wheat_AU|AU-322|2010,4,weather_tmax_mean,22.692806451612903,-0.0005362015217542,1,temperature,False,0.655962727913682,pooled_feature_p02_p98
GROUP_complete,supervised,CY-Bench_wheat_AU|AU-322|2011,4,weather_tmax_mean,24.32617741935484,0.026411484926939,1,temperature,False,0.7984797568161671,pooled_feature_p02_p98
GROUP_complete,supervised,CY-Bench_wheat_AU|AU-322|2012,4,weather_tmax_mean,25.33911827956989,-0.0096044726669788,1,temperature,False,0.8868622031206647,pooled_feature_p02_p98
GROUP_complete,supervised,CY-Bench_wheat_AU|AU-322|2013,4,weather_tmax_mean,26.60395161290322,0.0408003367483615,1,temperature,False,0.9972231023184105,pooled_feature_p02_p98
GROUP_complete,supervised,CY-Bench_wheat_AU|AU-322|2014,4,weather_tmax_mean,25.98612365591398,0.0177239868789911,1,temperature,False,0.943315565976727,pooled_feature_p02_p98
GROUP_complete,supervised,CY-Bench_wheat_AU|AU-322|2015,4,weather_tmax_mean,25.37831182795699,0.0145903006196022,1,temperature,False,0.8902819700802775,pooled_feature_p02_p98
GROUP_complete,supervised,CY-Bench_wheat_AU|AU-322|2016,4,weather_tmax_mean,24.07177956989247,0.0185718163847923,1,temperature,False,0.7762827015356507,pooled_feature_p02_p98
GROUP_complete,supervised,CY-Bench_wheat_AU|AU-322|2017,4,weather_tmax_mean,25.690327956989247,0.0225323513150215,1,temperature,False,0.9175064111641095,pooled_feature_p02_p98
GROUP_complete,supervised,CY-Bench_wheat_AU|AU-322|2018,4,weather_tmax_mean,25.6220376344086,0.0071170795708894,1,temperature,False,0.9115478542476478,pooled_feature_p02_p98
GROUP_complete,supervised,CY-Bench_wheat_AU|AU-322|2019,4,weather_tmax_mean,26.569639784946233,-0.080811358988285,1,temperature,False,0.9942292816412845,pooled_feature_p02_p98
GROUP_complete,supervised,CY-Bench_wheat_AU|AU-322|2020,4,weather_tmax_mean,25.744096774193547,0.0108299497514963,1,temperature,False,0.9221979186213232,pooled_feature_p02_p98
GROUP_complete,supervised,CY-Bench_wheat_AU|AU-322|2021,4,weather_tmax_mean,24.499236559139785,0.0276393461972475,1,temperature,False,0.8135797401718571,pooled_feature_p02_p98
GROUP_complete,supervised,CY-Bench_wheat_AU|AU-322|2022,4,weather_tmax_mean,22.837317204301076,-0.011984460055828,1,temperature,False,0.6685717699037281,pooled_feature_p02_p98
GROUP_complete,supervised,CY-Bench_wheat_AU|AU-322|2023,4,weather_tmax_mean,26.41343010752688,0.0374764110893011,1,temperature,False,0.9805994697055438,pooled_feature_p02_p98
GROUP_complete,supervised,CY-Bench_wheat_AU|AU-331|2001,4,weather_tmax_mean,25.92467934782609,0.0862276814877986,1,temperature,False,0.9379543465081572,pooled_feature_p02_p98
GROUP_complete,supervised,CY-Bench_wheat_AU|AU-331|2002,4,weather_tmax_mean,26.52502717391304,0.0742097590118646,1,temperature,False,0.9903366835104246,pooled_feature_p02_p98
GROUP_complete,supervised,CY-Bench_wheat_AU|AU-331|2003,4,weather_tmax_mean,25.79190760869565,0.0856389086693525,1,temperature,False,0.926369572346752,pooled_feature_p02_p98
GROUP_complete,supervised,CY-Bench_wheat_AU|AU-331|2004,4,weather_tmax_mean,26.044445652173913,0.0858660768717527,1,temperature,False,0.9484043533929247,pooled_feature_p02_p98
GROUP_complete,supervised,CY-Bench_wheat_AU|AU-331|2005,4,weather_tmax_mean,26.30983152173913,0.13944873213768,1,temperature,False,0.9715601498348222,pooled_feature_p02_p98
GROUP_complete,supervised,CY-Bench_wheat_AU|AU-331|2006,4,weather_tmax_mean,25.79855978260869,0.0956543292850256,1,temperature,False,0.9269499965617973,pooled_feature_p02_p98
GROUP_complete,supervised,CY-Bench_wheat_AU|AU-331|2007,4,weather_tmax_mean,24.827467391304346,0.0847640093415975,1,temperature,False,0.8422189678293394,pooled_feature_p02_p98
GROUP_complete,supervised,CY-Bench_wheat_AU|AU-331|2008,4,weather_tmax_mean,25.308864130434785,0.0841466356068849,1,temperature,False,0.8842224283653505,pooled_feature_p02_p98
GROUP_complete,supervised,CY-Bench_wheat_AU|AU-331|2009,4,weather_tmax_mean,27.252565217391304,0.0798935107886791,1,temperature,False,1.0,pooled_feature_p02_p98
GROUP_complete,supervised,CY-Bench_wheat_AU|AU-331|2010,4,weather_tmax_mean,23.98596195652174,0.0129636861383914,1,temperature,False,0.7687948304233053,pooled_feature_p02_p98
GROUP_complete,supervised,CY-Bench_wheat_AU|AU-331|2011,4,weather_tmax_mean,24.91532065217391,0.0752512421458959,1,temperature,False,0.8498844559308173,pooled_feature_p02_p98
GROUP_complete,supervised,CY-Bench_wheat_AU|AU-331|2012,4,weather_tmax_mean,25.303581521739133,0.0506736151874065,1,temperature,False,0.8837615032534027,pooled_feature_p02_p98
GROUP_complete,supervised,CY-Bench_wheat_AU|AU-331|2013,4,weather_tmax_mean,26.523070652173914,0.099679471924901,1,temperature,False,0.990165970506,pooled_feature_p02_p98
GROUP_complete,supervised,CY-Bench_wheat_AU|AU-331|2014,4,weather_tmax_mean,26.031755434782617,0.0858809892088174,1,temperature,False,0.9472970898781126,pooled_feature_p02_p98
GROUP_complete,supervised,CY-Bench_wheat_AU|AU-331|2015,4,weather_tmax_mean,25.996038043478254,0.1162786930799484,1,temperature,False,0.9441806291417726,pooled_feature_p02_p98
GROUP_complete,supervised,CY-Bench_wheat_AU|AU-331|2016,4,weather_tmax_mean,25.464130434782607,0.0984413530677557,1,temperature,False,0.8977699278748537,pooled_feature_p02_p98
GROUP_complete,supervised,CY-Bench_wheat_AU|AU-331|2017,4,weather_tmax_mean,26.42765217391304,0.1394575927406549,1,temperature,False,0.9818403921207445,pooled_feature_p02_p98
GROUP_complete,supervised,CY-Bench_wheat_AU|AU-331|2018,4,weather_tmax_mean,26.713195652173912,0.0930893085896968,1,temperature,False,1.0,pooled_feature_p02_p98
GROUP_complete,supervised,CY-Bench_wheat_AU|AU-331|2019,4,weather_tmax_mean,27.23746195652174,0.0680365115404129,1,temperature,False,1.0,pooled_feature_p02_p98
GROUP_complete,supervised,CY-Bench_wheat_AU|AU-331|2020,4,weather_tmax_mean,26.222336956521737,0.1036760658025741,1,temperature,False,0.9639259591174886,pooled_feature_p02_p98
GROUP_complete,supervised,CY-Bench_wheat_AU|AU-331|2021,4,weather_tmax_mean,25.84160326086956,0.1358583848923444,1,temperature,False,0.93070568265915,pooled_feature_p02_p98
GROUP_complete,supervised,CY-Bench_wheat_AU|AU-331|2022,4,weather_tmax_mean,24.349391304347822,0.0667561683803796,1,temperature,False,0.800505245198061,pooled_feature_p02_p98
GROUP_complete,supervised,CY-Bench_wheat_AU|AU-331|2023,4,weather_tmax_mean,26.733271739130437,0.1344220880419016,1,temperature,False,1.0,pooled_feature_p02_p98
GROUP_complete,supervised,CY-Bench_wheat_AU|AU-332|2015,4,weather_tmax_mean,25.34547058823529,0.1160181947052478,1,temperature,False,0.8874164630992877,pooled_feature_p02_p98
GROUP_complete,supervised,CY-Bench_wheat_AU|AU-411|2001,4,weather_tmax_mean,18.189769736842106,0.069716103374958,1,temperature,False,0.26305785431038464,pooled_feature_p02_p98
GROUP_complete,supervised,CY-Bench_wheat_AU|AU-411|2002,4,weather_tmax_mean,19.820098684210524,0.1532734297215938,1,temperature,False,0.4053094568559326,pooled_feature_p02_p98
GROUP_complete,supervised,CY-Bench_wheat_AU|AU-411|2003,4,weather_tmax_mean,18.703105263157894,0.1046542413532733,1,temperature,False,0.30784807985342755,pooled_feature_p02_p98
GROUP_complete,supervised,CY-Bench_wheat_AU|AU-411|2004,4,weather_tmax_mean,18.681111842105263,0.1163793429732322,1,temperature,False,0.30592908099418153,pooled_feature_p02_p98
GROUP_complete,supervised,CY-Bench_wheat_AU|AU-411|2005,4,weather_tmax_mean,19.013769736842107,0.116712475195527,1,temperature,False,0.3349545845296044,pooled_feature_p02_p98
GROUP_complete,supervised,CY-Bench_wheat_AU|AU-411|2006,4,weather_tmax_mean,20.194138157894734,0.1829215120524168,1,temperature,False,0.43794564026711286,pooled_feature_p02_p98
GROUP_complete,supervised,CY-Bench_wheat_AU|AU-411|2007,4,weather_tmax_mean,20.477927631578947,0.1817350033670663,1,temperature,False,0.4627072121463946,pooled_feature_p02_p98
GROUP_complete,supervised,CY-Bench_wheat_AU|AU-411|2008,4,weather_tmax_mean,19.08900657894737,0.1519553195685148,1,temperature,False,0.34151924829099767,pooled_feature_p02_p98
GROUP_complete,supervised,CY-Bench_wheat_AU|AU-411|2009,4,weather_tmax_mean,20.44646052631579,0.1730275340378284,1,temperature,False,0.4599616029499322,pooled_feature_p02_p98
GROUP_complete,supervised,CY-Bench_wheat_AU|AU-411|2010,4,weather_tmax_mean,17.26978289473684,0.0602074470371007,1,temperature,False,0.18278595407728487,pooled_feature_p02_p98
GROUP_complete,supervised,CY-Bench_wheat_AU|AU-411|2011,4,weather_tmax_mean,20.066855263157898,0.1559345573186874,1,temperature,False,0.42683978596563754,pooled_feature_p02_p98
GROUP_complete,supervised,CY-Bench_wheat_AU|AU-411|2012,4,weather_tmax_mean,19.564868421052633,0.1485387273132801,1,temperature,False,0.3830397707223849,pooled_feature_p02_p98
GROUP_complete,supervised,CY-Bench_wheat_AU|AU-411|2013,4,weather_tmax_mean,20.339184210526316,0.1617562156170606,1,temperature,False,0.4506013889508696,pooled_feature_p02_p98
GROUP_complete,supervised,CY-Bench_wheat_AU|AU-411|2014,4,weather_tmax_mean,20.41740789473684,0.1837016548961401,1,temperature,False,0.4574266645824685,pooled_feature_p02_p98
GROUP_complete,supervised,CY-Bench_wheat_AU|AU-411|2015,4,weather_tmax_mean,19.81861184210526,0.1571059506386518,1,temperature,False,0.40517972495578597,pooled_feature_p02_p98
GROUP_complete,supervised,CY-Bench_wheat_AU|AU-411|2016,4,weather_tmax_mean,18.192796052631586,0.0677611604332923,1,temperature,False,0.2633219103903293,pooled_feature_p02_p98
GROUP_complete,supervised,CY-Bench_wheat_AU|AU-411|2017,4,weather_tmax_mean,19.89628289473685,0.1600421443581581,1,temperature,False,0.4119567816510484,pooled_feature_p02_p98
GROUP_complete,supervised,CY-Bench_wheat_AU|AU-411|2018,4,weather_tmax_mean,19.80375,0.1624261531978845,1,temperature,False,0.4038829799892782,pooled_feature_p02_p98
GROUP_complete,supervised,CY-Bench_wheat_AU|AU-411|2019,4,weather_tmax_mean,20.38898684210526,0.2054371237754821,1,temperature,False,0.4549468335708194,pooled_feature_p02_p98
GROUP_complete,supervised,CY-Bench_wheat_AU|AU-411|2020,4,weather_tmax_mean,19.558782894736844,0.1697833687067031,1,temperature,False,0.3825087883877146,pooled_feature_p02_p98
GROUP_complete,supervised,CY-Bench_wheat_AU|AU-411|2021,4,weather_tmax_mean,18.66379605263158,0.1202420778572559,1,temperature,False,0.304418220988936,pooled_feature_p02_p98
GROUP_complete,supervised,CY-Bench_wheat_AU|AU-411|2022,4,weather_tmax_mean,17.641565789473685,0.057785915210843,1,temperature,False,0.21522524349842023,pooled_feature_p02_p98
GROUP_complete,supervised,CY-Bench_wheat_AU|AU-411|2023,4,weather_tmax_mean,20.258375,0.173390906304121,1,temperature,False,0.4435505175814053,pooled_feature_p02_p98
GROUP_complete,supervised,CY-Bench_wheat_AU|AU-421|2001,4,weather_tmax_mean,19.045282352941175,0.1428603492677211,1,temperature,False,0.33770416469729436,pooled_feature_p02_p98
GROUP_complete,supervised,CY-Bench_wheat_AU|AU-421|2002,4,weather_tmax_mean,20.537364705882354,0.0462285801768302,1,temperature,False,0.46789329381655453,pooled_feature_p02_p98
GROUP_complete,supervised,CY-Bench_wheat_AU|AU-421|2003,4,weather_tmax_mean,19.806888235294117,0.0719756316393613,1,temperature,False,0.40415680141683347,pooled_feature_p02_p98
GROUP_complete,supervised,CY-Bench_wheat_AU|AU-421|2004,4,weather_tmax_mean,20.25605882352941,0.0451477970927953,1,temperature,False,0.44334842350999015,pooled_feature_p02_p98
GROUP_complete,supervised,CY-Bench_wheat_AU|AU-421|2005,4,weather_tmax_mean,20.254005882352946,0.047557720914483,1,temperature,False,0.443169297590184,pooled_feature_p02_p98
GROUP_complete,supervised,CY-Bench_wheat_AU|AU-421|2006,4,weather_tmax_mean,21.818070588235297,0.0015383325517177,1,temperature,False,0.5796391255079346,pooled_feature_p02_p98
GROUP_complete,supervised,CY-Bench_wheat_AU|AU-421|2007,4,weather_tmax_mean,21.764082352941177,0.0034645050764083,1,temperature,False,0.5749284730953702,pooled_feature_p02_p98
GROUP_complete,supervised,CY-Bench_wheat_AU|AU-421|2008,4,weather_tmax_mean,20.197464705882357,0.0548944380134344,1,temperature,False,0.4382358926011267,pooled_feature_p02_p98
GROUP_complete,supervised,CY-Bench_wheat_AU|AU-421|2009,4,weather_tmax_mean,21.09672352941177,0.0088221486657857,1,temperature,False,0.5166992045338293,pooled_feature_p02_p98
GROUP_complete,supervised,CY-Bench_wheat_AU|AU-421|2010,4,weather_tmax_mean,18.51735294117647,0.1859151758253574,1,temperature,False,0.2916405742938497,pooled_feature_p02_p98
GROUP_complete,supervised,CY-Bench_wheat_AU|AU-421|2011,4,weather_tmax_mean,20.76304117647059,0.0315195675939321,1,temperature,False,0.4875843136256663,pooled_feature_p02_p98
GROUP_complete,supervised,CY-Bench_wheat_AU|AU-421|2012,4,weather_tmax_mean,20.78521176470588,0.023652845993638,1,temperature,False,0.48951877090862034,pooled_feature_p02_p98
GROUP_complete,supervised,CY-Bench_wheat_AU|AU-421|2013,4,weather_tmax_mean,21.132264705882353,0.0173154808580875,1,temperature,False,0.5198002899420566,pooled_feature_p02_p98
GROUP_complete,supervised,CY-Bench_wheat_AU|AU-421|2014,4,weather_tmax_mean,21.571782352941177,0.0069275069981813,1,temperature,False,0.5581496609337733,pooled_feature_p02_p98
GROUP_complete,supervised,CY-Bench_wheat_AU|AU-421|2015,4,weather_tmax_mean,20.87002941176471,0.0102432966232299,1,temperature,False,0.49691939164699106,pooled_feature_p02_p98
GROUP_complete,supervised,CY-Bench_wheat_AU|AU-421|2016,4,weather_tmax_mean,19.494805882352946,0.0975034423172473,1,temperature,False,0.37692658207752433,pooled_feature_p02_p98
GROUP_complete,supervised,CY-Bench_wheat_AU|AU-421|2017,4,weather_tmax_mean,20.678082352941175,0.0288552772253751,1,temperature,False,0.48017137477246646,pooled_feature_p02_p98
GROUP_complete,supervised,CY-Bench_wheat_AU|AU-421|2018,4,weather_tmax_mean,20.49484117647059,0.0397215355187654,1,temperature,False,0.4641829749790708,pooled_feature_p02_p98
GROUP_complete,supervised,CY-Bench_wheat_AU|AU-421|2019,4,weather_tmax_mean,21.001829411764703,0.0085578449070453,1,temperature,False,0.5084193783495308,pooled_feature_p02_p98
GROUP_complete,supervised,CY-Bench_wheat_AU|AU-421|2020,4,weather_tmax_mean,20.86350588235294,0.0145494844764471,1,temperature,False,0.496350192090929,pooled_feature_p02_p98
GROUP_complete,supervised,CY-Bench_wheat_AU|AU-421|2021,4,weather_tmax_mean,19.51437647058824,0.0847276542335748,1,temperature,False,0.3786341807457092,pooled_feature_p02_p98
GROUP_complete,supervised,CY-Bench_wheat_AU|AU-421|2022,4,weather_tmax_mean,18.81681176470588,0.1596420146524906,1,temperature,False,0.3177693488655231,pooled_feature_p02_p98
GROUP_complete,supervised,CY-Bench_wheat_AU|AU-421|2023,4,weather_tmax_mean,21.14323529411765,0.0202386025339365,1,temperature,False,0.5207575101152352,pooled_feature_p02_p98
GROUP_complete,supervised,CY-Bench_wheat_AU|AU-422|2001,4,weather_tmax_mean,17.210026315789474,0.1141888052225112,1,temperature,False,0.1775719945683016,pooled_feature_p02_p98
GROUP_complete,supervised,CY-Bench_wheat_AU|AU-422|2002,4,weather_tmax_mean,18.59957894736842,0.1483209151774644,1,temperature,False,0.2988150657795131,pooled_feature_p02_p98
GROUP_complete,supervised,CY-Bench_wheat_AU|AU-422|2003,4,weather_tmax_mean,17.27550657894737,0.1327033173292875,1,temperature,False,0.1832853644893534,pooled_feature_p02_p98
GROUP_complete,supervised,CY-Bench_wheat_AU|AU-422|2004,4,weather_tmax_mean,17.654513157894737,0.1494017150253057,1,temperature,False,0.21635494429261592,pooled_feature_p02_p98
GROUP_complete,supervised,CY-Bench_wheat_AU|AU-422|2005,4,weather_tmax_mean,17.991296052631576,0.1380652673542499,1,temperature,False,0.2457403677457013,pooled_feature_p02_p98
GROUP_complete,supervised,CY-Bench_wheat_AU|AU-422|2006,4,weather_tmax_mean,19.116684210526316,0.1199517250061035,1,temperature,False,0.34393421335257346,pooled_feature_p02_p98
GROUP_complete,supervised,CY-Bench_wheat_AU|AU-422|2007,4,weather_tmax_mean,19.14996710526316,0.1119300313293933,1,temperature,False,0.3468382561970024,pooled_feature_p02_p98
GROUP_complete,supervised,CY-Bench_wheat_AU|AU-422|2008,4,weather_tmax_mean,17.97858552631579,0.1622830498963594,1,temperature,False,0.24463133220993633,pooled_feature_p02_p98
GROUP_complete,supervised,CY-Bench_wheat_AU|AU-422|2009,4,weather_tmax_mean,19.310578947368423,0.0891696698963642,1,temperature,False,0.36085217158760213,pooled_feature_p02_p98
GROUP_complete,supervised,CY-Bench_wheat_AU|AU-422|2010,4,weather_tmax_mean,16.56061184210526,0.0837087035179138,1,temperature,False,0.12090842998707538,pooled_feature_p02_p98
GROUP_complete,supervised,CY-Bench_wheat_AU|AU-422|2011,4,weather_tmax_mean,18.900453947368423,0.1150539293885231,1,temperature,False,0.3250674064405663,pooled_feature_p02_p98
GROUP_complete,supervised,CY-Bench_wheat_AU|AU-422|2012,4,weather_tmax_mean,18.09792105263158,0.1590446624904871,1,temperature,False,0.2550437522840807,pooled_feature_p02_p98
GROUP_complete,supervised,CY-Bench_wheat_AU|AU-422|2013,4,weather_tmax_mean,18.84525657894737,0.1251153666526079,1,temperature,False,0.3202512531563682,pooled_feature_p02_p98
GROUP_complete,supervised,CY-Bench_wheat_AU|AU-422|2014,4,weather_tmax_mean,19.09074342105263,0.1125891618430614,1,temperature,False,0.34167079351948704,pooled_feature_p02_p98
GROUP_complete,supervised,CY-Bench_wheat_AU|AU-422|2015,4,weather_tmax_mean,18.640697368421055,0.1380716953426599,1,temperature,False,0.30240278425701494,pooled_feature_p02_p98
GROUP_complete,supervised,CY-Bench_wheat_AU|AU-422|2016,4,weather_tmax_mean,17.098671052631577,0.0911687295883894,1,temperature,False,0.16785587889627065,pooled_feature_p02_p98
GROUP_complete,supervised,CY-Bench_wheat_AU|AU-422|2017,4,weather_tmax_mean,18.638276315789472,0.14259715937078,1,temperature,False,0.3021915393930593,pooled_feature_p02_p98
GROUP_complete,supervised,CY-Bench_wheat_AU|AU-422|2018,4,weather_tmax_mean,18.534519736842103,0.1504783444106578,1,temperature,False,0.2931384340956708,pooled_feature_p02_p98
GROUP_complete,supervised,CY-Bench_wheat_AU|AU-422|2019,4,weather_tmax_mean,18.613118421052633,0.1420377809554338,1,temperature,False,0.29999642971978496,pooled_feature_p02_p98
GROUP_complete,supervised,CY-Bench_wheat_AU|AU-422|2020,4,weather_tmax_mean,18.32086842105263,0.1388745140284299,1,temperature,False,0.27449664888657244,pooled_feature_p02_p98
GROUP_complete,supervised,CY-Bench_wheat_AU|AU-422|2021,4,weather_tmax_mean,17.59646052631579,0.145207742229104,1,temperature,False,0.2112896598373402,pooled_feature_p02_p98
GROUP_complete,supervised,CY-Bench_wheat_AU|AU-422|2022,4,weather_tmax_mean,16.402092105263158,0.1199168879538774,1,temperature,False,0.1070770577126114,pooled_feature_p02_p98
GROUP_complete,supervised,CY-Bench_wheat_AU|AU-422|2023,4,weather_tmax_mean,19.043710526315788,0.1221783105283975,1,temperature,False,0.3375670176161817,pooled_feature_p02_p98
GROUP_complete,supervised,CY-Bench_wheat_AU|AU-431|2001,4,weather_tmax_mean,17.1025421686747,0.1732423342764377,2,temperature,False,0.1681936465974838,pooled_feature_p02_p98
GROUP_complete,supervised,CY-Bench_wheat_AU|AU-431|2002,4,weather_tmax_mean,18.19922891566265,0.04470443073660135,2,temperature,False,0.26388319900426344,pooled_feature_p02_p98
GROUP_complete,supervised,CY-Bench_wheat_AU|AU-431|2003,4,weather_tmax_mean,17.028789156626505,0.22672046255320305,2,temperature,False,0.16175845192505198,pooled_feature_p02_p98
GROUP_complete,supervised,CY-Bench_wheat_AU|AU-431|2004,4,weather_tmax_mean,17.906596385542166,0.05018030013889076,2,temperature,False,0.23835004115057384,pooled_feature_p02_p98
GROUP_complete,supervised,CY-Bench_wheat_AU|AU-431|2005,4,weather_tmax_mean,17.974933734939757,0.07427440118044615,2,temperature,False,0.24431270131263108,pooled_feature_p02_p98
GROUP_complete,supervised,CY-Bench_wheat_AU|AU-431|2006,4,weather_tmax_mean,19.258975903614456,0.02755290642380715,2,temperature,False,0.3563496350399448,pooled_feature_p02_p98
GROUP_complete,supervised,CY-Bench_wheat_AU|AU-431|2007,4,weather_tmax_mean,18.79632530120482,0.0130207035690546,2,temperature,False,0.31598183704576405,pooled_feature_p02_p98
GROUP_complete,supervised,CY-Bench_wheat_AU|AU-431|2008,4,weather_tmax_mean,17.807927710843373,0.0693515539169311,2,temperature,False,0.2297408723569973,pooled_feature_p02_p98
GROUP_complete,supervised,CY-Bench_wheat_AU|AU-431|2009,4,weather_tmax_mean,19.004572289156627,-0.06717006675899026,2,temperature,False,0.3341520767444729,pooled_feature_p02_p98
GROUP_complete,supervised,CY-Bench_wheat_AU|AU-431|2010,4,weather_tmax_mean,16.99252409638554,0.16704812087118626,2,temperature,False,0.15859420525936221,pooled_feature_p02_p98
GROUP_complete,supervised,CY-Bench_wheat_AU|AU-431|2011,4,weather_tmax_mean,18.646554216867468,-0.0093891117721796,2,temperature,False,0.30291381368988707,pooled_feature_p02_p98
GROUP_complete,supervised,CY-Bench_wheat_AU|AU-431|2012,4,weather_tmax_mean,17.949397590361446,0.048776946961879696,2,temperature,False,0.2420845880874056,pooled_feature_p02_p98
GROUP_complete,supervised,CY-Bench_wheat_AU|AU-431|2013,4,weather_tmax_mean,18.306144578313255,0.0003722095862030983,2,temperature,False,0.2732119448219813,pooled_feature_p02_p98
GROUP_complete,supervised,CY-Bench_wheat_AU|AU-431|2014,4,weather_tmax_mean,19.149909638554217,0.008895512670278556,2,temperature,False,0.34683324203623866,pooled_feature_p02_p98
GROUP_complete,supervised,CY-Bench_wheat_AU|AU-431|2015,4,weather_tmax_mean,18.779481927710844,0.006467028521001346,2,temperature,False,0.3145121969000383,pooled_feature_p02_p98
GROUP_complete,supervised,CY-Bench_wheat_AU|AU-431|2016,4,weather_tmax_mean,17.031451807228915,0.17193784099072215,2,temperature,False,0.16199077701246645,pooled_feature_p02_p98
GROUP_complete,supervised,CY-Bench_wheat_AU|AU-431|2017,4,weather_tmax_mean,18.444602409638556,-0.010252928361296647,2,temperature,False,0.2852928493675315,pooled_feature_p02_p98
GROUP_complete,supervised,CY-Bench_wheat_AU|AU-431|2018,4,weather_tmax_mean,18.125307228915663,0.0478076310828328,2,temperature,False,0.25743328690547956,pooled_feature_p02_p98
GROUP_complete,supervised,CY-Bench_wheat_AU|AU-431|2019,4,weather_tmax_mean,17.859,0.08681262191385025,2,temperature,False,0.23419709880744893,pooled_feature_p02_p98
GROUP_complete,supervised,CY-Bench_wheat_AU|AU-431|2020,4,weather_tmax_mean,18.42157831325301,0.0030083423480391502,2,temperature,False,0.28328392067047714,pooled_feature_p02_p98
GROUP_complete,supervised,CY-Bench_wheat_AU|AU-431|2021,4,weather_tmax_mean,17.710506024096382,0.10666429530829191,2,temperature,False,0.22124050739395157,pooled_feature_p02_p98
GROUP_complete,supervised,CY-Bench_wheat_AU|AU-431|2022,4,weather_tmax_mean,16.654734939759038,0.2533918861299753,2,temperature,False,0.12912098212228285,pooled_feature_p02_p98
GROUP_complete,supervised,CY-Bench_wheat_AU|AU-431|2023,4,weather_tmax_mean,18.601548192771084,0.025093287229537947,2,temperature,False,0.29898688896573966,pooled_feature_p02_p98
GROUP_complete,supervised,CY-Bench_wheat_AU|AU-521|2001,4,weather_tmax_mean,19.358162790697676,0.106369873508811,1,temperature,False,0.3650040195810935,pooled_feature_p02_p98
GROUP_complete,supervised,CY-Bench_wheat_AU|AU-521|2002,4,weather_tmax_mean,20.553790697674422,0.055191159248352,1,temperature,False,0.4693265160258476,pooled_feature_p02_p98
GROUP_complete,supervised,CY-Bench_wheat_AU|AU-521|2003,4,weather_tmax_mean,19.52604069767442,0.0963087622076273,1,temperature,False,0.3796519232069118,pooled_feature_p02_p98
GROUP_complete,supervised,CY-Bench_wheat_AU|AU-521|2004,4,weather_tmax_mean,19.73407558139535,0.0870923642069101,1,temperature,False,0.3978036561086961,pooled_feature_p02_p98
GROUP_complete,supervised,CY-Bench_wheat_AU|AU-521|2005,4,weather_tmax_mean,18.95802906976744,0.1184234078973531,1,temperature,False,0.3300910266377275,pooled_feature_p02_p98
GROUP_complete,supervised,CY-Bench_wheat_AU|AU-521|2006,4,weather_tmax_mean,21.397377906976747,0.0249693486839532,1,temperature,False,0.5429322951564223,pooled_feature_p02_p98
GROUP_complete,supervised,CY-Bench_wheat_AU|AU-521|2007,4,weather_tmax_mean,20.58756395348837,0.0476769041270017,1,temperature,False,0.47227334449900304,pooled_feature_p02_p98
GROUP_complete,supervised,CY-Bench_wheat_AU|AU-521|2008,4,weather_tmax_mean,19.043947674418604,0.1409799177199602,1,temperature,False,0.33758770957391243,pooled_feature_p02_p98
GROUP_complete,supervised,CY-Bench_wheat_AU|AU-521|2009,4,weather_tmax_mean,19.88516279069767,0.0702931638807058,1,temperature,False,0.4109865157285793,pooled_feature_p02_p98
GROUP_complete,supervised,CY-Bench_wheat_AU|AU-521|2010,4,weather_tmax_mean,20.410947674418605,0.0497012306004762,1,temperature,False,0.45686298895458394,pooled_feature_p02_p98
GROUP_complete,supervised,CY-Bench_wheat_AU|AU-521|2011,4,weather_tmax_mean,20.048436046511625,0.0522670969367027,1,temperature,False,0.42523264828351814,pooled_feature_p02_p98
GROUP_complete,supervised,CY-Bench_wheat_AU|AU-521|2012,4,weather_tmax_mean,20.65063372093023,0.0383208207786083,1,temperature,False,0.47777639068195976,pooled_feature_p02_p98
GROUP_complete,supervised,CY-Bench_wheat_AU|AU-521|2013,4,weather_tmax_mean,20.669616279069764,0.038832226768136,1,temperature,False,0.47943268177592663,pooled_feature_p02_p98
GROUP_complete,supervised,CY-Bench_wheat_AU|AU-521|2014,4,weather_tmax_mean,21.074552325581394,0.0333575252443552,1,temperature,False,0.5147646935381645,pooled_feature_p02_p98
GROUP_complete,supervised,CY-Bench_wheat_AU|AU-521|2015,4,weather_tmax_mean,21.165662790697674,0.0200750473886728,1,temperature,False,0.5227143835025004,pooled_feature_p02_p98
GROUP_complete,supervised,CY-Bench_wheat_AU|AU-521|2016,4,weather_tmax_mean,18.994779069767443,0.1465192046016454,1,temperature,False,0.33329758590417946,pooled_feature_p02_p98
GROUP_complete,supervised,CY-Bench_wheat_AU|AU-521|2017,4,weather_tmax_mean,20.121976744186043,0.0481264367699623,1,temperature,False,0.4316493178233613,pooled_feature_p02_p98
GROUP_complete,supervised,CY-Bench_wheat_AU|AU-521|2018,4,weather_tmax_mean,19.692796511627908,0.0860391668975353,1,temperature,False,0.39420192049853825,pooled_feature_p02_p98
GROUP_complete,supervised,CY-Bench_wheat_AU|AU-521|2019,4,weather_tmax_mean,21.701127906976748,0.0090272277593612,1,temperature,False,0.5694354890934223,pooled_feature_p02_p98
GROUP_complete,supervised,CY-Bench_wheat_AU|AU-521|2020,4,weather_tmax_mean,20.501337209302328,0.0477841850370168,1,temperature,False,0.4647497753674186,pooled_feature_p02_p98
GROUP_complete,supervised,CY-Bench_wheat_AU|AU-521|2021,4,weather_tmax_mean,19.372325581395348,0.1082181334495544,1,temperature,False,0.3662397699960714,pooled_feature_p02_p98
GROUP_complete,supervised,CY-Bench_wheat_AU|AU-521|2022,4,weather_tmax_mean,18.86442441860465,0.1406822223216295,1,temperature,False,0.32192371067666503,pooled_feature_p02_p98
GROUP_complete,supervised,CY-Bench_wheat_AU|AU-521|2023,4,weather_tmax_mean,21.668546511627905,0.0201913844794034,1,temperature,False,0.5665926543949255,pooled_feature_p02_p98
GROUP_complete,supervised,CY-Bench_wheat_AU|AU-522|2001,4,weather_tmax_mean,19.954515957446812,-0.1239174120128154,1,temperature,False,0.417037809320341,pooled_feature_p02_p98
GROUP_complete,supervised,CY-Bench_wheat_AU|AU-522|2002,4,weather_tmax_mean,21.162617021276596,-0.0044477302581071,1,temperature,False,0.5224486300287418,pooled_feature_p02_p98
GROUP_complete,supervised,CY-Bench_wheat_AU|AU-522|2003,4,weather_tmax_mean,19.82667021276596,-0.2596990056335926,1,temperature,False,0.40588284449631873,pooled_feature_p02_p98
GROUP_complete,supervised,CY-Bench_wheat_AU|AU-522|2004,4,weather_tmax_mean,19.732712765957448,-0.2993477899581194,1,temperature,False,0.3976847459462236,pooled_feature_p02_p98
GROUP_complete,supervised,CY-Bench_wheat_AU|AU-522|2005,4,weather_tmax_mean,19.34216489361702,-0.1583819985389709,1,temperature,False,0.36360815005380864,pooled_feature_p02_p98
GROUP_complete,supervised,CY-Bench_wheat_AU|AU-522|2006,4,weather_tmax_mean,21.435271276595746,0.0160523261874914,1,temperature,False,0.5462386172105417,pooled_feature_p02_p98
GROUP_complete,supervised,CY-Bench_wheat_AU|AU-522|2007,4,weather_tmax_mean,21.03320744680851,-0.0027035344392061,1,temperature,False,0.5111572158742321,pooled_feature_p02_p98
GROUP_complete,supervised,CY-Bench_wheat_AU|AU-522|2008,4,weather_tmax_mean,19.626941489361705,-0.2090719528496265,1,temperature,False,0.38845585160357,pooled_feature_p02_p98
GROUP_complete,supervised,CY-Bench_wheat_AU|AU-522|2009,4,weather_tmax_mean,19.793989361702124,-0.194512952119112,1,temperature,False,0.4030313319571546,pooled_feature_p02_p98
GROUP_complete,supervised,CY-Bench_wheat_AU|AU-522|2010,4,weather_tmax_mean,20.50593085106383,-0.033588608726859,1,temperature,False,0.46515058583155755,pooled_feature_p02_p98
GROUP_complete,supervised,CY-Bench_wheat_AU|AU-522|2011,4,weather_tmax_mean,20.144521276595743,0.0396950114518404,1,temperature,False,0.433616402974549,pooled_feature_p02_p98
GROUP_complete,supervised,CY-Bench_wheat_AU|AU-522|2012,4,weather_tmax_mean,20.982909574468085,-0.0129497535526752,1,temperature,False,0.5067685598569258,pooled_feature_p02_p98
GROUP_complete,supervised,CY-Bench_wheat_AU|AU-522|2013,4,weather_tmax_mean,20.697063829787233,-0.0640336815267801,1,temperature,False,0.48182757151999484,pooled_feature_p02_p98
GROUP_complete,supervised,CY-Bench_wheat_AU|AU-522|2014,4,weather_tmax_mean,21.34836702127659,0.0260866917669773,1,temperature,False,0.5386559329877462,pooled_feature_p02_p98
GROUP_complete,supervised,CY-Bench_wheat_AU|AU-522|2015,4,weather_tmax_mean,21.517712765957448,-0.0336842741817235,1,temperature,False,0.5534319103167419,pooled_feature_p02_p98
GROUP_complete,supervised,CY-Bench_wheat_AU|AU-522|2016,4,weather_tmax_mean,18.790654255319147,-0.1741344444453716,1,temperature,False,0.31548701950194963,pooled_feature_p02_p98
GROUP_complete,supervised,CY-Bench_wheat_AU|AU-522|2017,4,weather_tmax_mean,20.646276595744684,-0.07271090708673,1,temperature,False,0.4773962170727406,pooled_feature_p02_p98
GROUP_complete,supervised,CY-Bench_wheat_AU|AU-522|2018,4,weather_tmax_mean,19.92640425531915,-0.1514957100152969,1,temperature,False,0.41458497016515206,pooled_feature_p02_p98
GROUP_complete,supervised,CY-Bench_wheat_AU|AU-522|2019,4,weather_tmax_mean,21.72931914893617,-0.025054071098566,1,temperature,False,0.5718952683624774,pooled_feature_p02_p98
GROUP_complete,supervised,CY-Bench_wheat_AU|AU-522|2020,4,weather_tmax_mean,20.89913829787234,0.0016771517693996,1,temperature,False,0.4994592384084746,pooled_feature_p02_p98
GROUP_complete,supervised,CY-Bench_wheat_AU|AU-522|2021,4,weather_tmax_mean,19.192686170212767,-0.1285382304340601,1,temperature,False,0.3505656361580453,pooled_feature_p02_p98
GROUP_complete,supervised,CY-Bench_wheat_AU|AU-522|2022,4,weather_tmax_mean,19.0506914893617,-0.0384057965129613,1,temperature,False,0.33817612977247086,pooled_feature_p02_p98
GROUP_complete,supervised,CY-Bench_wheat_AU|AU-522|2023,4,weather_tmax_mean,21.71109574468085,-0.0156895536929368,1,temperature,False,0.5703052159602681,pooled_feature_p02_p98
GROUP_complete,supervised,CY-Bench_wheat_AU|AU-111|2001,5,weather_prec_sum,140.696,-0.0369350500404834,1,water_balance,False,0.18845574570821783,pooled_feature_p02_p98
GROUP_complete,supervised,CY-Bench_wheat_AU|AU-111|2002,5,weather_prec_sum,53.02300000000001,0.0402694903314113,1,water_balance,False,0.0,pooled_feature_p02_p98
GROUP_complete,supervised,CY-Bench_wheat_AU|AU-111|2003,5,weather_prec_sum,176.832,0.0155582800507545,1,water_balance,False,0.27583213094890136,pooled_feature_p02_p98
GROUP_complete,supervised,CY-Bench_wheat_AU|AU-111|2004,5,weather_prec_sum,146.258,-0.0319294594228267,1,water_balance,False,0.20190459048098414,pooled_feature_p02_p98
GROUP_complete,supervised,CY-Bench_wheat_AU|AU-111|2005,5,weather_prec_sum,248.0480000000001,0.0476036760956049,1,water_balance,False,0.4480315069534544,pooled_feature_p02_p98
GROUP_complete,supervised,CY-Bench_wheat_AU|AU-111|2006,5,weather_prec_sum,93.562,0.005751796066761,1,water_balance,False,0.07448633730843982,pooled_feature_p02_p98
GROUP_complete,supervised,CY-Bench_wheat_AU|AU-111|2007,5,weather_prec_sum,122.82200000000002,-0.0890878960490226,1,water_balance,False,0.145236642603503,pooled_feature_p02_p98
GROUP_complete,supervised,CY-Bench_wheat_AU|AU-111|2008,5,weather_prec_sum,133.35700000000003,-0.0606624782085418,1,water_balance,False,0.17071013769179724,pooled_feature_p02_p98
GROUP_complete,supervised,CY-Bench_wheat_AU|AU-111|2009,5,weather_prec_sum,114.196,-0.0362596996128559,1,water_balance,False,0.12437908506846486,pooled_feature_p02_p98
GROUP_complete,supervised,CY-Bench_wheat_AU|AU-111|2010,5,weather_prec_sum,351.411,0.1618494857102632,1,water_balance,False,0.6979619172820124,pooled_feature_p02_p98
GROUP_complete,supervised,CY-Bench_wheat_AU|AU-111|2011,5,weather_prec_sum,175.995,0.0088254809379577,1,water_balance,False,0.2738082756675628,pooled_feature_p02_p98
GROUP_complete,supervised,CY-Bench_wheat_AU|AU-111|2012,5,weather_prec_sum,99.81,-0.0335405264049768,1,water_balance,False,0.08959392129625782,pooled_feature_p02_p98
GROUP_complete,supervised,CY-Bench_wheat_AU|AU-111|2013,5,weather_prec_sum,99.808,-0.0137010756880044,1,water_balance,False,0.08958908532186993,pooled_feature_p02_p98
GROUP_complete,supervised,CY-Bench_wheat_AU|AU-111|2014,5,weather_prec_sum,100.352,-0.0130916405469179,1,water_balance,False,0.09090447035538032,pooled_feature_p02_p98
GROUP_complete,supervised,CY-Bench_wheat_AU|AU-111|2015,5,weather_prec_sum,145.46800000000002,-0.0705127194523811,1,water_balance,False,0.1999943805977613,pooled_feature_p02_p98
GROUP_complete,supervised,CY-Bench_wheat_AU|AU-111|2016,5,weather_prec_sum,284.171,0.0653713997453451,1,water_balance,False,0.5353764583606163,pooled_feature_p02_p98
GROUP_complete,supervised,CY-Bench_wheat_AU|AU-111|2017,5,weather_prec_sum,165.57500000000002,-0.0079839639365673,1,water_balance,False,0.24861284910657316,pooled_feature_p02_p98
GROUP_complete,supervised,CY-Bench_wheat_AU|AU-111|2018,5,weather_prec_sum,107.648,-0.0432023331522941,1,water_balance,False,0.10854610492246097,pooled_feature_p02_p98
GROUP_complete,supervised,CY-Bench_wheat_AU|AU-111|2019,5,weather_prec_sum,67.488,0.0041385218501091,1,water_balance,False,0.011439739213310781,pooled_feature_p02_p98
GROUP_complete,supervised,CY-Bench_wheat_AU|AU-111|2020,5,weather_prec_sum,178.07299999999998,0.0132114775478839,1,water_balance,False,0.27883285305659694,pooled_feature_p02_p98
GROUP_complete,supervised,CY-Bench_wheat_AU|AU-111|2021,5,weather_prec_sum,221.567,0.0299307536333799,1,water_balance,False,0.38400078807038635,pooled_feature_p02_p98
GROUP_complete,supervised,CY-Bench_wheat_AU|AU-111|2022,5,weather_prec_sum,378.8809999999999,0.1161499693989753,1,water_balance,False,0.7643840254998995,pooled_feature_p02_p98
GROUP_complete,supervised,CY-Bench_wheat_AU|AU-111|2023,5,weather_prec_sum,165.393,-0.0133006013929843,1,water_balance,False,0.24817277543727367,pooled_feature_p02_p98
GROUP_complete,supervised,CY-Bench_wheat_AU|AU-123|2001,5,weather_prec_sum,206.391,0.0218464024364948,1,water_balance,False,0.34730541441495644,pooled_feature_p02_p98
GROUP_complete,supervised,CY-Bench_wheat_AU|AU-123|2002,5,weather_prec_sum,91.156,-0.0299076382070779,1,water_balance,False,0.06866866011978906,pooled_feature_p02_p98
GROUP_complete,supervised,CY-Bench_wheat_AU|AU-123|2003,5,weather_prec_sum,334.467,0.1725742314010858,1,water_balance,False,0.6569915422676736,pooled_feature_p02_p98
GROUP_complete,supervised,CY-Bench_wheat_AU|AU-123|2004,5,weather_prec_sum,278.774,0.1103859674185514,1,water_balance,False,0.5223265814748523,pooled_feature_p02_p98
GROUP_complete,supervised,CY-Bench_wheat_AU|AU-123|2005,5,weather_prec_sum,378.494,0.1991023402661085,1,water_balance,False,0.76344826445584,pooled_feature_p02_p98
GROUP_complete,supervised,CY-Bench_wheat_AU|AU-123|2006,5,weather_prec_sum,125.044,-0.0274960175156593,1,water_balance,False,0.15060941014846638,pooled_feature_p02_p98
GROUP_complete,supervised,CY-Bench_wheat_AU|AU-123|2007,5,weather_prec_sum,211.54900000000004,0.0338480118662118,1,water_balance,False,0.3597773923613658,pooled_feature_p02_p98
GROUP_complete,supervised,CY-Bench_wheat_AU|AU-123|2008,5,weather_prec_sum,227.179,0.101841315627098,1,water_balance,False,0.3975705322028502,pooled_feature_p02_p98
GROUP_complete,supervised,CY-Bench_wheat_AU|AU-123|2009,5,weather_prec_sum,176.548,0.0031256824731826,1,water_balance,False,0.27514542258581876,pooled_feature_p02_p98
GROUP_complete,supervised,CY-Bench_wheat_AU|AU-123|2010,5,weather_prec_sum,512.009,0.0183841679245233,1,water_balance,False,1.0,pooled_feature_p02_p98
GROUP_complete,supervised,CY-Bench_wheat_AU|AU-123|2011,5,weather_prec_sum,256.737,0.0990537926554679,1,water_balance,False,0.4690413976817114,pooled_feature_p02_p98
GROUP_complete,supervised,CY-Bench_wheat_AU|AU-123|2012,5,weather_prec_sum,178.596,0.0328095164149999,1,water_balance,False,0.2800974603590344,pooled_feature_p02_p98
GROUP_complete,supervised,CY-Bench_wheat_AU|AU-123|2013,5,weather_prec_sum,193.07099999999997,0.0475687254220247,1,water_balance,False,0.3150978249915032,pooled_feature_p02_p98
GROUP_complete,supervised,CY-Bench_wheat_AU|AU-123|2014,5,weather_prec_sum,180.335,0.0103450920432806,1,water_balance,False,0.2843023400893186,pooled_feature_p02_p98
GROUP_complete,supervised,CY-Bench_wheat_AU|AU-123|2015,5,weather_prec_sum,275.56600000000003,0.0956060476601123,1,water_balance,False,0.5145696785566514,pooled_feature_p02_p98
GROUP_complete,supervised,CY-Bench_wheat_AU|AU-123|2016,5,weather_prec_sum,437.385,0.0398660935461521,1,water_balance,False,0.9058459482949227,pooled_feature_p02_p98
GROUP_complete,supervised,CY-Bench_wheat_AU|AU-123|2017,5,weather_prec_sum,278.576,0.1227058134973049,1,water_balance,False,0.5218478200104497,pooled_feature_p02_p98
GROUP_complete,supervised,CY-Bench_wheat_AU|AU-123|2018,5,weather_prec_sum,196.827,0.0314894746989011,1,water_balance,False,0.3241797848919905,pooled_feature_p02_p98
GROUP_complete,supervised,CY-Bench_wheat_AU|AU-123|2019,5,weather_prec_sum,141.602,-0.018563225865364,1,water_balance,False,0.1906464421059392,pooled_feature_p02_p98
GROUP_complete,supervised,CY-Bench_wheat_AU|AU-123|2020,5,weather_prec_sum,272.135,0.1138252541422844,1,water_balance,False,0.5062735644941987,pooled_feature_p02_p98
GROUP_complete,supervised,CY-Bench_wheat_AU|AU-123|2021,5,weather_prec_sum,384.26199999999994,0.1344891712069511,1,water_balance,False,0.7773952145905604,pooled_feature_p02_p98
GROUP_complete,supervised,CY-Bench_wheat_AU|AU-123|2022,5,weather_prec_sum,478.252,-0.1237659864127636,1,water_balance,False,1.0,pooled_feature_p02_p98
GROUP_complete,supervised,CY-Bench_wheat_AU|AU-123|2023,5,weather_prec_sum,218.507,0.0271000061184167,1,water_balance,False,0.37660174725689033,pooled_feature_p02_p98
GROUP_complete,supervised,CY-Bench_wheat_AU|AU-222|2001,5,weather_prec_sum,256.531,0.0561916716396808,1,water_balance,False,0.46854329231975705,pooled_feature_p02_p98
GROUP_complete,supervised,CY-Bench_wheat_AU|AU-222|2002,5,weather_prec_sum,130.989,0.0120783597230911,1,water_balance,False,0.16498434401651663,pooled_feature_p02_p98
GROUP_complete,supervised,CY-Bench_wheat_AU|AU-222|2003,5,weather_prec_sum,233.614,0.0775698032230138,1,water_balance,False,0.4131302797959374,pooled_feature_p02_p98
GROUP_complete,supervised,CY-Bench_wheat_AU|AU-222|2004,5,weather_prec_sum,211.201,0.0336938183754682,1,water_balance,False,0.35893593281787006,pooled_feature_p02_p98
GROUP_complete,supervised,CY-Bench_wheat_AU|AU-222|2005,5,weather_prec_sum,222.945,0.0387932229787111,1,water_balance,False,0.38733277442365344,pooled_feature_p02_p98
GROUP_complete,supervised,CY-Bench_wheat_AU|AU-222|2006,5,weather_prec_sum,122.967,0.0274868495762348,1,water_balance,False,0.14558725074662612,pooled_feature_p02_p98
GROUP_complete,supervised,CY-Bench_wheat_AU|AU-222|2007,5,weather_prec_sum,150.958,0.0066571217030286,1,water_balance,False,0.21326913029256295,pooled_feature_p02_p98
GROUP_complete,supervised,CY-Bench_wheat_AU|AU-222|2008,5,weather_prec_sum,169.43800000000002,0.0128629710525274,1,water_balance,False,0.2579535336368134,pooled_feature_p02_p98
GROUP_complete,supervised,CY-Bench_wheat_AU|AU-222|2009,5,weather_prec_sum,241.913,0.00792364962399,1,water_balance,False,0.4331971555185529,pooled_feature_p02_p98
GROUP_complete,supervised,CY-Bench_wheat_AU|AU-222|2010,5,weather_prec_sum,318.495,0.0730704888701438,1,water_balance,False,0.6183714508058572,pooled_feature_p02_p98
GROUP_complete,supervised,CY-Bench_wheat_AU|AU-222|2011,5,weather_prec_sum,206.752,0.0192580055445432,1,water_balance,False,0.3481783077919735,pooled_feature_p02_p98
GROUP_complete,supervised,CY-Bench_wheat_AU|AU-222|2012,5,weather_prec_sum,168.79000000000002,0.0115785785019397,1,water_balance,False,0.25638667793513187,pooled_feature_p02_p98
GROUP_complete,supervised,CY-Bench_wheat_AU|AU-222|2013,5,weather_prec_sum,230.014,0.0415278561413288,1,water_balance,False,0.40442552589770686,pooled_feature_p02_p98
GROUP_complete,supervised,CY-Bench_wheat_AU|AU-222|2014,5,weather_prec_sum,134.421,0.0136868264526128,1,water_balance,False,0.1732828760661631,pooled_feature_p02_p98
GROUP_complete,supervised,CY-Bench_wheat_AU|AU-222|2015,5,weather_prec_sum,138.061,0.0062676835805177,1,water_balance,False,0.18208434945215185,pooled_feature_p02_p98
GROUP_complete,supervised,CY-Bench_wheat_AU|AU-222|2016,5,weather_prec_sum,360.74299999999994,0.0845620036125183,1,water_balance,False,0.7205265737759811,pooled_feature_p02_p98
GROUP_complete,supervised,CY-Bench_wheat_AU|AU-222|2017,5,weather_prec_sum,239.219,0.0170341692864894,1,water_balance,False,0.42668309801804366,pooled_feature_p02_p98
GROUP_complete,supervised,CY-Bench_wheat_AU|AU-222|2018,5,weather_prec_sum,170.827,0.0103082582354545,1,water_balance,False,0.261312117849214,pooled_feature_p02_p98
GROUP_complete,supervised,CY-Bench_wheat_AU|AU-222|2019,5,weather_prec_sum,169.562,0.0224510449916124,1,water_balance,False,0.2582533640488635,pooled_feature_p02_p98
GROUP_complete,supervised,CY-Bench_wheat_AU|AU-222|2020,5,weather_prec_sum,233.87300000000005,0.0359209552407264,1,water_balance,False,0.4137565384791713,pooled_feature_p02_p98
GROUP_complete,supervised,CY-Bench_wheat_AU|AU-222|2021,5,weather_prec_sum,240.762,0.0538870505988597,1,water_balance,False,0.4304140522583131,pooled_feature_p02_p98
GROUP_complete,supervised,CY-Bench_wheat_AU|AU-222|2022,5,weather_prec_sum,467.54099999999994,0.139308194629848,1,water_balance,False,0.9787627701157675,pooled_feature_p02_p98
GROUP_complete,supervised,CY-Bench_wheat_AU|AU-222|2023,5,weather_prec_sum,186.088,0.019955089315772,1,water_balance,False,0.29821302041612985,pooled_feature_p02_p98
GROUP_complete,supervised,CY-Bench_wheat_AU|AU-231|2001,5,weather_prec_sum,371.333,0.2282160762697458,1,water_balance,False,0.7461330581599429,pooled_feature_p02_p98
GROUP_complete,supervised,CY-Bench_wheat_AU|AU-231|2002,5,weather_prec_sum,257.20799999999997,0.1153476797044277,1,water_balance,False,0.4701802696500631,pooled_feature_p02_p98
GROUP_complete,supervised,CY-Bench_wheat_AU|AU-231|2003,5,weather_prec_sum,339.3330000000001,0.2030449733138084,1,water_balance,False,0.6687574679534489,pooled_feature_p02_p98
GROUP_complete,supervised,CY-Bench_wheat_AU|AU-231|2004,5,weather_prec_sum,369.566,0.2963355500251055,1,water_balance,False,0.7418604747882279,pooled_feature_p02_p98
GROUP_complete,supervised,CY-Bench_wheat_AU|AU-231|2005,5,weather_prec_sum,349.492,0.2786389570683241,1,water_balance,False,0.6933217998568167,pooled_feature_p02_p98
GROUP_complete,supervised,CY-Bench_wheat_AU|AU-231|2006,5,weather_prec_sum,157.216,-0.1328055318444967,1,water_balance,False,0.22840089415232048,pooled_feature_p02_p98
GROUP_complete,supervised,CY-Bench_wheat_AU|AU-231|2007,5,weather_prec_sum,304.55999999999995,0.1904283575713634,1,water_balance,False,0.5846767992581228,pooled_feature_p02_p98
GROUP_complete,supervised,CY-Bench_wheat_AU|AU-231|2008,5,weather_prec_sum,251.99,0.0977505259215831,1,water_balance,False,0.4575632124720167,pooled_feature_p02_p98
GROUP_complete,supervised,CY-Bench_wheat_AU|AU-231|2009,5,weather_prec_sum,360.937,0.3100570254027843,1,water_balance,False,0.7209956632916081,pooled_feature_p02_p98
GROUP_complete,supervised,CY-Bench_wheat_AU|AU-231|2010,5,weather_prec_sum,529.34,0.0278339143842458,1,water_balance,False,1.0,pooled_feature_p02_p98
GROUP_complete,supervised,CY-Bench_wheat_AU|AU-231|2011,5,weather_prec_sum,320.894,0.2284477762877941,1,water_balance,False,0.6241722020841504,pooled_feature_p02_p98
GROUP_complete,supervised,CY-Bench_wheat_AU|AU-231|2012,5,weather_prec_sum,291.16,0.1384386774152517,1,water_balance,False,0.5522757708591536,pooled_feature_p02_p98
GROUP_complete,supervised,CY-Bench_wheat_AU|AU-231|2013,5,weather_prec_sum,383.207,0.2838446497917175,1,water_balance,False,0.7748442381009402,pooled_feature_p02_p98
GROUP_complete,supervised,CY-Bench_wheat_AU|AU-231|2014,5,weather_prec_sum,229.813,0.093380456790328,1,water_balance,False,0.4039395104717223,pooled_feature_p02_p98
GROUP_complete,supervised,CY-Bench_wheat_AU|AU-231|2015,5,weather_prec_sum,194.197,0.0024861395359039,1,water_balance,False,0.31782047857189427,pooled_feature_p02_p98
GROUP_complete,supervised,CY-Bench_wheat_AU|AU-231|2016,5,weather_prec_sum,494.023,0.0627622529864311,1,water_balance,False,1.0,pooled_feature_p02_p98
GROUP_complete,supervised,CY-Bench_wheat_AU|AU-231|2017,5,weather_prec_sum,359.95,0.2977449651807546,1,water_balance,False,0.7186091099311765,pooled_feature_p02_p98
GROUP_complete,supervised,CY-Bench_wheat_AU|AU-231|2018,5,weather_prec_sum,264.168,0.1231079865247011,1,water_balance,False,0.4870094605199757,pooled_feature_p02_p98
GROUP_complete,supervised,CY-Bench_wheat_AU|AU-231|2019,5,weather_prec_sum,283.622,0.1115791779011488,1,water_balance,False,0.5340489833911363,pooled_feature_p02_p98
GROUP_complete,supervised,CY-Bench_wheat_AU|AU-231|2020,5,weather_prec_sum,354.216,0.2453880552202463,1,water_balance,False,0.7047443713610504,pooled_feature_p02_p98
GROUP_complete,supervised,CY-Bench_wheat_AU|AU-231|2021,5,weather_prec_sum,367.01700000000005,0.2460500840097665,1,water_balance,False,0.7356970254308421,pooled_feature_p02_p98
GROUP_complete,supervised,CY-Bench_wheat_AU|AU-231|2022,5,weather_prec_sum,544.129,-0.0578499790281057,1,water_balance,False,1.0,pooled_feature_p02_p98
GROUP_complete,supervised,CY-Bench_wheat_AU|AU-231|2023,5,weather_prec_sum,242.14699999999996,0.1064305938780307,1,water_balance,False,0.4337629645219378,pooled_feature_p02_p98
GROUP_complete,supervised,CY-Bench_wheat_AU|AU-312|2003,5,weather_prec_sum,92.446,-0.0944713149219751,1,water_balance,False,0.07178786359998833,pooled_feature_p02_p98
GROUP_complete,supervised,CY-Bench_wheat_AU|AU-312|2009,5,weather_prec_sum,97.31499999999998,-0.0756602119654417,1,water_balance,False,0.08356104324734519,pooled_feature_p02_p98
GROUP_complete,supervised,CY-Bench_wheat_AU|AU-322|2001,5,weather_prec_sum,271.77,0.0824162382632494,1,water_balance,False,0.5053909991684059,pooled_feature_p02_p98
GROUP_complete,supervised,CY-Bench_wheat_AU|AU-322|2002,5,weather_prec_sum,107.553,-0.0266576427966356,1,water_balance,False,0.10831639613903545,pooled_feature_p02_p98
GROUP_complete,supervised,CY-Bench_wheat_AU|AU-322|2003,5,weather_prec_sum,237.06100000000004,0.0363968685269355,1,water_balance,False,0.4214650816534933,pooled_feature_p02_p98
GROUP_complete,supervised,CY-Bench_wheat_AU|AU-322|2004,5,weather_prec_sum,253.089,0.0533019453287124,1,water_balance,False,0.460220580398171,pooled_feature_p02_p98
GROUP_complete,supervised,CY-Bench_wheat_AU|AU-322|2005,5,weather_prec_sum,312.8140000000001,0.0811519417911768,1,water_balance,False,0.6046348655570107,pooled_feature_p02_p98
GROUP_complete,supervised,CY-Bench_wheat_AU|AU-322|2006,5,weather_prec_sum,145.92700000000002,-0.015654407441616,1,water_balance,False,0.20110423671978572,pooled_feature_p02_p98
GROUP_complete,supervised,CY-Bench_wheat_AU|AU-322|2007,5,weather_prec_sum,268.163,0.0642363093793392,1,water_balance,False,0.4966693193598177,pooled_feature_p02_p98
GROUP_complete,supervised,CY-Bench_wheat_AU|AU-322|2008,5,weather_prec_sum,263.07399999999996,0.0664604138582944,1,water_balance,False,0.484364182529791,pooled_feature_p02_p98
GROUP_complete,supervised,CY-Bench_wheat_AU|AU-322|2009,5,weather_prec_sum,83.351,-0.0321073960512876,1,water_balance,False,0.04979627007098632,pooled_feature_p02_p98
GROUP_complete,supervised,CY-Bench_wheat_AU|AU-322|2010,5,weather_prec_sum,495.452,-0.03563211299479,1,water_balance,False,1.0,pooled_feature_p02_p98
GROUP_complete,supervised,CY-Bench_wheat_AU|AU-322|2011,5,weather_prec_sum,332.482,0.1206555310636758,1,water_balance,False,0.6521918376876772,pooled_feature_p02_p98
GROUP_complete,supervised,CY-Bench_wheat_AU|AU-322|2012,5,weather_prec_sum,115.761,-0.0306957345455884,1,water_balance,False,0.1281632350270012,pooled_feature_p02_p98
GROUP_complete,supervised,CY-Bench_wheat_AU|AU-322|2013,5,weather_prec_sum,122.44,-0.0241974778473377,1,water_balance,False,0.14431297149541292,pooled_feature_p02_p98
GROUP_complete,supervised,CY-Bench_wheat_AU|AU-322|2014,5,weather_prec_sum,135.372,-0.0195089560002088,1,water_balance,False,0.1755823818876124,pooled_feature_p02_p98
GROUP_complete,supervised,CY-Bench_wheat_AU|AU-322|2015,5,weather_prec_sum,171.411,-0.0072558131068944,1,water_balance,False,0.2627242223704825,pooled_feature_p02_p98
GROUP_complete,supervised,CY-Bench_wheat_AU|AU-322|2016,5,weather_prec_sum,297.02,0.0901236291974783,1,water_balance,False,0.5664451758157177,pooled_feature_p02_p98
GROUP_complete,supervised,CY-Bench_wheat_AU|AU-322|2017,5,weather_prec_sum,198.695,0.0102070830762386,1,water_balance,False,0.3286965849702946,pooled_feature_p02_p98
GROUP_complete,supervised,CY-Bench_wheat_AU|AU-322|2018,5,weather_prec_sum,171.693,-0.0055736284703016,1,water_balance,False,0.26340609475917726,pooled_feature_p02_p98
GROUP_complete,supervised,CY-Bench_wheat_AU|AU-322|2019,5,weather_prec_sum,34.938,-0.0176192596554756,1,water_balance,False,0.0,pooled_feature_p02_p98
GROUP_complete,supervised,CY-Bench_wheat_AU|AU-322|2020,5,weather_prec_sum,145.762,-0.0140667743980884,1,water_balance,False,0.20070526883278345,pooled_feature_p02_p98
GROUP_complete,supervised,CY-Bench_wheat_AU|AU-322|2021,5,weather_prec_sum,372.581,0.1160911843180656,1,water_balance,False,0.7491507061779962,pooled_feature_p02_p98
GROUP_complete,supervised,CY-Bench_wheat_AU|AU-322|2022,5,weather_prec_sum,367.556,0.1411740984767675,1,water_balance,False,0.7370003205283826,pooled_feature_p02_p98
GROUP_complete,supervised,CY-Bench_wheat_AU|AU-322|2023,5,weather_prec_sum,158.45600000000002,-0.0113733746111392,1,water_balance,False,0.23139919827282215,pooled_feature_p02_p98
GROUP_complete,supervised,CY-Bench_wheat_AU|AU-331|2001,5,weather_prec_sum,222.908,0.017619589343667,1,water_balance,False,0.38724330889747716,pooled_feature_p02_p98
GROUP_complete,supervised,CY-Bench_wheat_AU|AU-331|2002,5,weather_prec_sum,132.394,-0.0237099472433328,1,water_balance,False,0.16838161602402052,pooled_feature_p02_p98
GROUP_complete,supervised,CY-Bench_wheat_AU|AU-331|2003,5,weather_prec_sum,196.34499999999997,-0.0045591462403535,1,water_balance,False,0.3230143150645051,pooled_feature_p02_p98
GROUP_complete,supervised,CY-Bench_wheat_AU|AU-331|2004,5,weather_prec_sum,223.423,0.019997889176011,1,water_balance,False,0.388488572302363,pooled_feature_p02_p98
GROUP_complete,supervised,CY-Bench_wheat_AU|AU-331|2005,5,weather_prec_sum,268.504,0.0624493788927793,1,water_balance,False,0.4974938529929557,pooled_feature_p02_p98
GROUP_complete,supervised,CY-Bench_wheat_AU|AU-331|2006,5,weather_prec_sum,173.776,-0.0209000315517187,1,water_balance,False,0.2684427620841812,pooled_feature_p02_p98
GROUP_complete,supervised,CY-Bench_wheat_AU|AU-331|2007,5,weather_prec_sum,280.0,0.0966682694852352,1,water_balance,False,0.5252910337746386,pooled_feature_p02_p98
GROUP_complete,supervised,CY-Bench_wheat_AU|AU-331|2008,5,weather_prec_sum,260.325,0.0660557691007852,1,water_balance,False,0.47771713573361446,pooled_feature_p02_p98
GROUP_complete,supervised,CY-Bench_wheat_AU|AU-331|2009,5,weather_prec_sum,97.075,-0.0134734623134136,1,water_balance,False,0.08298072632079652,pooled_feature_p02_p98
GROUP_complete,supervised,CY-Bench_wheat_AU|AU-331|2010,5,weather_prec_sum,499.578,-0.0535967443138361,1,water_balance,False,1.0,pooled_feature_p02_p98
GROUP_complete,supervised,CY-Bench_wheat_AU|AU-331|2011,5,weather_prec_sum,217.549,0.03120250813663,1,water_balance,False,0.37428531552508343,pooled_feature_p02_p98
GROUP_complete,supervised,CY-Bench_wheat_AU|AU-331|2012,5,weather_prec_sum,202.385,0.0109051465988159,1,water_balance,False,0.33761895771598094,pooled_feature_p02_p98
GROUP_complete,supervised,CY-Bench_wheat_AU|AU-331|2013,5,weather_prec_sum,163.34599999999998,-0.0247690360993146,1,water_balance,False,0.24322315565125194,pooled_feature_p02_p98
GROUP_complete,supervised,CY-Bench_wheat_AU|AU-331|2014,5,weather_prec_sum,215.12600000000003,0.0091675035655498,1,water_balance,False,0.3684265325541355,pooled_feature_p02_p98
GROUP_complete,supervised,CY-Bench_wheat_AU|AU-331|2015,5,weather_prec_sum,198.986,-0.0024037864059209,1,water_balance,False,0.32940021924373486,pooled_feature_p02_p98
GROUP_complete,supervised,CY-Bench_wheat_AU|AU-331|2016,5,weather_prec_sum,322.145,0.1054031364619731,1,water_balance,False,0.6271971040637855,pooled_feature_p02_p98
GROUP_complete,supervised,CY-Bench_wheat_AU|AU-331|2017,5,weather_prec_sum,248.879,0.0465404912829399,1,water_balance,False,0.4500408543116291,pooled_feature_p02_p98
GROUP_complete,supervised,CY-Bench_wheat_AU|AU-331|2018,5,weather_prec_sum,179.72299999999998,-0.0106151811778545,1,water_balance,False,0.2828225319266193,pooled_feature_p02_p98
GROUP_complete,supervised,CY-Bench_wheat_AU|AU-331|2019,5,weather_prec_sum,83.169,-0.0156507734209299,1,water_balance,False,0.049356196401686876,pooled_feature_p02_p98
GROUP_complete,supervised,CY-Bench_wheat_AU|AU-331|2020,5,weather_prec_sum,149.832,-0.0247743744403123,1,water_balance,False,0.21054647671217191,pooled_feature_p02_p98
GROUP_complete,supervised,CY-Bench_wheat_AU|AU-331|2021,5,weather_prec_sum,423.107,0.0835948437452316,1,water_balance,False,0.8713219271396626,pooled_feature_p02_p98
GROUP_complete,supervised,CY-Bench_wheat_AU|AU-331|2022,5,weather_prec_sum,357.26800000000003,0.1128178052604198,1,water_balance,False,0.7121240682769948,pooled_feature_p02_p98
GROUP_complete,supervised,CY-Bench_wheat_AU|AU-331|2023,5,weather_prec_sum,233.674,0.0275422111153602,1,water_balance,False,0.4132753590275746,pooled_feature_p02_p98
GROUP_complete,supervised,CY-Bench_wheat_AU|AU-332|2015,5,weather_prec_sum,167.628,-0.0793951358646154,1,water_balance,False,0.25357697681575847,pooled_feature_p02_p98
GROUP_complete,supervised,CY-Bench_wheat_AU|AU-411|2001,5,weather_prec_sum,170.77800000000002,-0.0103033538907766,1,water_balance,False,0.26119363647671034,pooled_feature_p02_p98
GROUP_complete,supervised,CY-Bench_wheat_AU|AU-411|2002,5,weather_prec_sum,62.657,0.0461922623217105,1,water_balance,False,0.0,pooled_feature_p02_p98
GROUP_complete,supervised,CY-Bench_wheat_AU|AU-411|2003,5,weather_prec_sum,145.60399999999998,-0.0032647289335727,1,water_balance,False,0.20032322685613885,pooled_feature_p02_p98
GROUP_complete,supervised,CY-Bench_wheat_AU|AU-411|2004,5,weather_prec_sum,145.313,-0.0124498773366212,1,water_balance,False,0.19961959258269854,pooled_feature_p02_p98
GROUP_complete,supervised,CY-Bench_wheat_AU|AU-411|2005,5,weather_prec_sum,186.095,-0.0220755599439144,1,water_balance,False,0.2982299463264875,pooled_feature_p02_p98
GROUP_complete,supervised,CY-Bench_wheat_AU|AU-411|2006,5,weather_prec_sum,65.178,0.0406068712472915,1,water_balance,False,0.0058541887952794774,pooled_feature_p02_p98
GROUP_complete,supervised,CY-Bench_wheat_AU|AU-411|2007,5,weather_prec_sum,68.295,0.030614485964179,1,water_balance,False,0.013391054878830813,pooled_feature_p02_p98
GROUP_complete,supervised,CY-Bench_wheat_AU|AU-411|2008,5,weather_prec_sum,105.447,0.0166193023324012,1,water_balance,False,0.10322411510857056,pooled_feature_p02_p98
GROUP_complete,supervised,CY-Bench_wheat_AU|AU-411|2009,5,weather_prec_sum,162.67199999999997,-0.0276361498981714,1,water_balance,False,0.24159343228252764,pooled_feature_p02_p98
GROUP_complete,supervised,CY-Bench_wheat_AU|AU-411|2010,5,weather_prec_sum,219.798,0.0113082993775606,1,water_balance,False,0.3797233687242836,pooled_feature_p02_p98
GROUP_complete,supervised,CY-Bench_wheat_AU|AU-411|2011,5,weather_prec_sum,142.154,-0.0392732396721839,1,water_balance,False,0.1919811710370012,pooled_feature_p02_p98
GROUP_complete,supervised,CY-Bench_wheat_AU|AU-411|2012,5,weather_prec_sum,57.704,0.0431849658489227,1,water_balance,False,0.0,pooled_feature_p02_p98
GROUP_complete,supervised,CY-Bench_wheat_AU|AU-411|2013,5,weather_prec_sum,106.495,0.0282244756817817,1,water_balance,False,0.10575816568783325,pooled_feature_p02_p98
GROUP_complete,supervised,CY-Bench_wheat_AU|AU-411|2014,5,weather_prec_sum,75.587,0.0201255399733781,1,water_balance,False,0.03102301749713568,pooled_feature_p02_p98
GROUP_complete,supervised,CY-Bench_wheat_AU|AU-411|2015,5,weather_prec_sum,118.139,0.0014828629791736,1,water_balance,False,0.13391320857422132,pooled_feature_p02_p98
GROUP_complete,supervised,CY-Bench_wheat_AU|AU-411|2016,5,weather_prec_sum,164.936,-0.0052493084222078,1,water_balance,False,0.2470677552896372,pooled_feature_p02_p98
GROUP_complete,supervised,CY-Bench_wheat_AU|AU-411|2017,5,weather_prec_sum,96.735,0.0091179907321929,1,water_balance,False,0.08215861067485251,pooled_feature_p02_p98
GROUP_complete,supervised,CY-Bench_wheat_AU|AU-411|2018,5,weather_prec_sum,112.147,0.0160791426897048,1,water_balance,False,0.1194246293080553,pooled_feature_p02_p98
GROUP_complete,supervised,CY-Bench_wheat_AU|AU-411|2019,5,weather_prec_sum,53.949,0.0233410578221082,1,water_balance,False,0.0,pooled_feature_p02_p98
GROUP_complete,supervised,CY-Bench_wheat_AU|AU-411|2020,5,weather_prec_sum,169.164,-0.0406876988708972,1,water_balance,False,0.2572910051456702,pooled_feature_p02_p98
GROUP_complete,supervised,CY-Bench_wheat_AU|AU-411|2021,5,weather_prec_sum,173.01099999999997,-0.0230154246091842,1,water_balance,False,0.26659300188080715,pooled_feature_p02_p98
GROUP_complete,supervised,CY-Bench_wheat_AU|AU-411|2022,5,weather_prec_sum,211.81,-0.0172263719141483,1,water_balance,False,0.3604084870189875,pooled_feature_p02_p98
GROUP_complete,supervised,CY-Bench_wheat_AU|AU-411|2023,5,weather_prec_sum,63.212,0.0309290438890457,1,water_balance,False,0.0011004259719680056,pooled_feature_p02_p98
GROUP_complete,supervised,CY-Bench_wheat_AU|AU-421|2001,5,weather_prec_sum,201.46499999999995,0.0140428114682435,1,water_balance,False,0.3353944094975441,pooled_feature_p02_p98
GROUP_complete,supervised,CY-Bench_wheat_AU|AU-421|2002,5,weather_prec_sum,122.03000000000004,-0.0719335786998272,1,water_balance,False,0.14332159674589232,pooled_feature_p02_p98
GROUP_complete,supervised,CY-Bench_wheat_AU|AU-421|2003,5,weather_prec_sum,178.93200000000002,-0.0011489707976579,1,water_balance,False,0.28090990405620264,pooled_feature_p02_p98
GROUP_complete,supervised,CY-Bench_wheat_AU|AU-421|2004,5,weather_prec_sum,162.538,-0.0034963935613632,1,water_balance,False,0.24126942199853804,pooled_feature_p02_p98
GROUP_complete,supervised,CY-Bench_wheat_AU|AU-421|2005,5,weather_prec_sum,193.654,0.0022798497229814,1,water_balance,False,0.3165075115255778,pooled_feature_p02_p98
GROUP_complete,supervised,CY-Bench_wheat_AU|AU-421|2006,5,weather_prec_sum,76.60600000000001,0.0267248433083295,1,water_balance,False,0.03348694644777374,pooled_feature_p02_p98
GROUP_complete,supervised,CY-Bench_wheat_AU|AU-421|2007,5,weather_prec_sum,85.79499999999999,-0.016292780637741,1,water_balance,False,0.05570583077300729,pooled_feature_p02_p98
GROUP_complete,supervised,CY-Bench_wheat_AU|AU-421|2008,5,weather_prec_sum,150.897,-0.0509959273040294,1,water_balance,False,0.2131216330737318,pooled_feature_p02_p98
GROUP_complete,supervised,CY-Bench_wheat_AU|AU-421|2009,5,weather_prec_sum,191.201,-0.0206469502300024,1,water_balance,False,0.3105761889388112,pooled_feature_p02_p98
GROUP_complete,supervised,CY-Bench_wheat_AU|AU-421|2010,5,weather_prec_sum,273.83599999999996,0.0314053706824779,1,water_balance,False,0.5103865607111125,pooled_feature_p02_p98
GROUP_complete,supervised,CY-Bench_wheat_AU|AU-421|2011,5,weather_prec_sum,182.984,-0.0023524295538663,1,water_balance,False,0.29070758816609993,pooled_feature_p02_p98
GROUP_complete,supervised,CY-Bench_wheat_AU|AU-421|2012,5,weather_prec_sum,79.04299999999999,-0.0426209811121225,1,water_balance,False,0.03937958123943702,pooled_feature_p02_p98
GROUP_complete,supervised,CY-Bench_wheat_AU|AU-421|2013,5,weather_prec_sum,158.601,-0.035681877285242,1,water_balance,False,0.23174980641594528,pooled_feature_p02_p98
GROUP_complete,supervised,CY-Bench_wheat_AU|AU-421|2014,5,weather_prec_sum,98.91,-0.0421857815235853,1,water_balance,False,0.08741773282170016,pooled_feature_p02_p98
GROUP_complete,supervised,CY-Bench_wheat_AU|AU-421|2015,5,weather_prec_sum,145.24,-0.0564528591930866,1,water_balance,False,0.19944307951754003,pooled_feature_p02_p98
GROUP_complete,supervised,CY-Bench_wheat_AU|AU-421|2016,5,weather_prec_sum,157.883,-0.0312392748892307,1,water_balance,False,0.2300136916106871,pooled_feature_p02_p98
GROUP_complete,supervised,CY-Bench_wheat_AU|AU-421|2017,5,weather_prec_sum,181.012,0.012964816763997,1,water_balance,False,0.2859393174196247,pooled_feature_p02_p98
GROUP_complete,supervised,CY-Bench_wheat_AU|AU-421|2018,5,weather_prec_sum,179.772,0.0036735143512487,1,water_balance,False,0.282941013299123,pooled_feature_p02_p98
GROUP_complete,supervised,CY-Bench_wheat_AU|AU-421|2019,5,weather_prec_sum,92.369,-0.0662040133029222,1,water_balance,False,0.07160167858605396,pooled_feature_p02_p98
GROUP_complete,supervised,CY-Bench_wheat_AU|AU-421|2020,5,weather_prec_sum,194.548,0.0165069606155157,1,water_balance,False,0.31866919207697175,pooled_feature_p02_p98
GROUP_complete,supervised,CY-Bench_wheat_AU|AU-421|2021,5,weather_prec_sum,213.61,0.0236891042441129,1,water_balance,False,0.36476086396810276,pooled_feature_p02_p98
GROUP_complete,supervised,CY-Bench_wheat_AU|AU-421|2022,5,weather_prec_sum,243.639,0.0402568820863962,1,water_balance,False,0.4373706014153157,pooled_feature_p02_p98
GROUP_complete,supervised,CY-Bench_wheat_AU|AU-421|2023,5,weather_prec_sum,152.094,-0.0513629727065563,1,water_balance,False,0.21601596374489346,pooled_feature_p02_p98
GROUP_complete,supervised,CY-Bench_wheat_AU|AU-422|2001,5,weather_prec_sum,203.188,0.0708184726536274,1,water_balance,False,0.33956060143272515,pooled_feature_p02_p98
GROUP_complete,supervised,CY-Bench_wheat_AU|AU-422|2002,5,weather_prec_sum,99.11499999999998,-0.0659466311335563,1,water_balance,False,0.08791342019646048,pooled_feature_p02_p98
GROUP_complete,supervised,CY-Bench_wheat_AU|AU-422|2003,5,weather_prec_sum,175.21900000000002,0.0078912274911999,1,water_balance,False,0.27193191760505536,pooled_feature_p02_p98
GROUP_complete,supervised,CY-Bench_wheat_AU|AU-422|2004,5,weather_prec_sum,173.606,-0.0035660248249769,1,water_balance,False,0.2680317042612092,pooled_feature_p02_p98
GROUP_complete,supervised,CY-Bench_wheat_AU|AU-422|2005,5,weather_prec_sum,225.588,0.1120282169431448,1,water_balance,False,0.39372351457727106,pooled_feature_p02_p98
GROUP_complete,supervised,CY-Bench_wheat_AU|AU-422|2006,5,weather_prec_sum,86.942,-0.0893430802971124,1,water_balance,False,0.05847926208447132,pooled_feature_p02_p98
GROUP_complete,supervised,CY-Bench_wheat_AU|AU-422|2007,5,weather_prec_sum,127.805,-0.0423346403986215,1,water_balance,False,0.15728547279097047,pooled_feature_p02_p98
GROUP_complete,supervised,CY-Bench_wheat_AU|AU-422|2008,5,weather_prec_sum,129.012,-0.0480880802497267,1,water_balance,False,0.16020398333407165,pooled_feature_p02_p98
GROUP_complete,supervised,CY-Bench_wheat_AU|AU-422|2009,5,weather_prec_sum,202.356,0.0058520641177892,1,water_balance,False,0.3375488360873563,pooled_feature_p02_p98
GROUP_complete,supervised,CY-Bench_wheat_AU|AU-422|2010,5,weather_prec_sum,255.48,0.1477926559746265,1,water_balance,False,0.46600198777891244,pooled_feature_p02_p98
GROUP_complete,supervised,CY-Bench_wheat_AU|AU-422|2011,5,weather_prec_sum,166.043,-0.0242423769086599,1,water_balance,False,0.2497444671133431,pooled_feature_p02_p98
GROUP_complete,supervised,CY-Bench_wheat_AU|AU-422|2012,5,weather_prec_sum,113.431,-0.0495841242372989,1,water_balance,False,0.12252932486509086,pooled_feature_p02_p98
GROUP_complete,supervised,CY-Bench_wheat_AU|AU-422|2013,5,weather_prec_sum,157.108,-0.0300857070833444,1,water_balance,False,0.22813975153537355,pooled_feature_p02_p98
GROUP_complete,supervised,CY-Bench_wheat_AU|AU-422|2014,5,weather_prec_sum,110.671,-0.0540557168424129,1,water_balance,False,0.11585568020978075,pooled_feature_p02_p98
GROUP_complete,supervised,CY-Bench_wheat_AU|AU-422|2015,5,weather_prec_sum,134.01,-0.0477080401033163,1,water_balance,False,0.17228908332944842,pooled_feature_p02_p98
GROUP_complete,supervised,CY-Bench_wheat_AU|AU-422|2016,5,weather_prec_sum,273.377,0.1924237329512834,1,water_balance,False,0.5092767045890884,pooled_feature_p02_p98
GROUP_complete,supervised,CY-Bench_wheat_AU|AU-422|2017,5,weather_prec_sum,160.48000000000002,-0.0349448751658201,1,water_balance,False,0.2362932043533829,pooled_feature_p02_p98
GROUP_complete,supervised,CY-Bench_wheat_AU|AU-422|2018,5,weather_prec_sum,124.022,-0.0498622134327888,1,water_balance,False,0.14813822723624648,pooled_feature_p02_p98
GROUP_complete,supervised,CY-Bench_wheat_AU|AU-422|2019,5,weather_prec_sum,114.379,-0.0529191521927714,1,water_balance,False,0.12482157672495826,pooled_feature_p02_p98
GROUP_complete,supervised,CY-Bench_wheat_AU|AU-422|2020,5,weather_prec_sum,185.624,0.0081725288182497,1,water_balance,False,0.29709107435813564,pooled_feature_p02_p98
GROUP_complete,supervised,CY-Bench_wheat_AU|AU-422|2021,5,weather_prec_sum,201.033,0.0557797402143478,1,water_balance,False,0.33434983902975657,pooled_feature_p02_p98
GROUP_complete,supervised,CY-Bench_wheat_AU|AU-422|2022,5,weather_prec_sum,321.806,0.1915282737463712,1,water_balance,False,0.6263774064050355,pooled_feature_p02_p98
GROUP_complete,supervised,CY-Bench_wheat_AU|AU-422|2023,5,weather_prec_sum,86.697,-0.0738412123173475,1,water_balance,False,0.057886855221952874,pooled_feature_p02_p98
GROUP_complete,supervised,CY-Bench_wheat_AU|AU-431|2001,5,weather_prec_sum,273.714,0.0942555116489529,2,water_balance,False,0.5100915662734504,pooled_feature_p02_p98
GROUP_complete,supervised,CY-Bench_wheat_AU|AU-431|2002,5,weather_prec_sum,196.26300000000003,-0.036059271544218,2,water_balance,False,0.32281604011460113,pooled_feature_p02_p98
GROUP_complete,supervised,CY-Bench_wheat_AU|AU-431|2003,5,weather_prec_sum,234.666,0.0365168675780296,2,water_balance,False,0.4156740023239759,pooled_feature_p02_p98
GROUP_complete,supervised,CY-Bench_wheat_AU|AU-431|2004,5,weather_prec_sum,234.00600000000003,0.012474858202040199,2,water_balance,False,0.41407813077596706,pooled_feature_p02_p98
GROUP_complete,supervised,CY-Bench_wheat_AU|AU-431|2005,5,weather_prec_sum,248.02999999999997,0.04504389129579065,2,water_balance,False,0.447987983183963,pooled_feature_p02_p98
GROUP_complete,supervised,CY-Bench_wheat_AU|AU-431|2006,5,weather_prec_sum,102.25,-0.0451730117201805,2,water_balance,False,0.095493810049503,pooled_feature_p02_p98
GROUP_complete,supervised,CY-Bench_wheat_AU|AU-431|2007,5,weather_prec_sum,172.728,-0.050788010470569106,2,water_balance,False,0.2659087115049185,pooled_feature_p02_p98
GROUP_complete,supervised,CY-Bench_wheat_AU|AU-431|2008,5,weather_prec_sum,174.538,-0.061970543116331045,2,water_balance,False,0.2702852683259734,pooled_feature_p02_p98
GROUP_complete,supervised,CY-Bench_wheat_AU|AU-431|2009,5,weather_prec_sum,257.694,0.02982835378497835,2,water_balance,False,0.4713554114263243,pooled_feature_p02_p98
GROUP_complete,supervised,CY-Bench_wheat_AU|AU-431|2010,5,weather_prec_sum,309.789,0.10788067430257794,2,water_balance,False,0.5973204542953029,pooled_feature_p02_p98
GROUP_complete,supervised,CY-Bench_wheat_AU|AU-431|2011,5,weather_prec_sum,207.62300000000005,-0.03633910231292245,2,water_balance,False,0.35028437463790657,pooled_feature_p02_p98
GROUP_complete,supervised,CY-Bench_wheat_AU|AU-431|2012,5,weather_prec_sum,175.821,-0.058714766986668054,2,water_balance,False,0.273387545895815,pooled_feature_p02_p98
GROUP_complete,supervised,CY-Bench_wheat_AU|AU-431|2013,5,weather_prec_sum,240.274,0.0205044373869896,2,water_balance,False,0.42923407450766404,pooled_feature_p02_p98
GROUP_complete,supervised,CY-Bench_wheat_AU|AU-431|2014,5,weather_prec_sum,151.468,-0.056485534645616946,2,water_balance,False,0.2145023037614789,pooled_feature_p02_p98
GROUP_complete,supervised,CY-Bench_wheat_AU|AU-431|2015,5,weather_prec_sum,143.02700000000002,-0.0673524690791964,2,water_balance,False,0.1940920738573222,pooled_feature_p02_p98
GROUP_complete,supervised,CY-Bench_wheat_AU|AU-431|2016,5,weather_prec_sum,351.20300000000003,0.20778147317469114,2,water_balance,False,0.6974589759456702,pooled_feature_p02_p98
GROUP_complete,supervised,CY-Bench_wheat_AU|AU-431|2017,5,weather_prec_sum,260.44500000000005,0.05727037321776145,2,water_balance,False,0.478007294196889,pooled_feature_p02_p98
GROUP_complete,supervised,CY-Bench_wheat_AU|AU-431|2018,5,weather_prec_sum,207.118,-0.0301534291356802,2,water_balance,False,0.3490632911049602,pooled_feature_p02_p98
GROUP_complete,supervised,CY-Bench_wheat_AU|AU-431|2019,5,weather_prec_sum,185.214,-0.04429878946393725,2,water_balance,False,0.296099699608615,pooled_feature_p02_p98
GROUP_complete,supervised,CY-Bench_wheat_AU|AU-431|2020,5,weather_prec_sum,229.951,-0.00307179149240255,2,water_balance,False,0.40427319270448775,pooled_feature_p02_p98
GROUP_complete,supervised,CY-Bench_wheat_AU|AU-431|2021,5,weather_prec_sum,236.7,0.0192477842792868,2,water_balance,False,0.42059218827647615,pooled_feature_p02_p98
GROUP_complete,supervised,CY-Bench_wheat_AU|AU-431|2022,5,weather_prec_sum,386.644,0.20966341160237784,2,water_balance,False,0.7831548600865564,pooled_feature_p02_p98
GROUP_complete,supervised,CY-Bench_wheat_AU|AU-431|2023,5,weather_prec_sum,156.24900000000002,-0.06259660981595515,2,water_balance,False,0.22606270053576802,pooled_feature_p02_p98
GROUP_complete,supervised,CY-Bench_wheat_AU|AU-521|2001,5,weather_prec_sum,223.32700000000003,0.051979374140501,1,water_balance,False,0.38825644553174354,pooled_feature_p02_p98
GROUP_complete,supervised,CY-Bench_wheat_AU|AU-521|2002,5,weather_prec_sum,138.297,-0.0608647502958774,1,water_balance,False,0.18265499442992472,pooled_feature_p02_p98
GROUP_complete,supervised,CY-Bench_wheat_AU|AU-521|2003,5,weather_prec_sum,224.147,0.0469909366220235,1,water_balance,False,0.39023919503078486,pooled_feature_p02_p98
GROUP_complete,supervised,CY-Bench_wheat_AU|AU-521|2004,5,weather_prec_sum,165.517,-0.0389691218733787,1,water_balance,False,0.24847260584932382,pooled_feature_p02_p98
GROUP_complete,supervised,CY-Bench_wheat_AU|AU-521|2005,5,weather_prec_sum,162.291,-0.0418338794261217,1,water_balance,False,0.24067217916163164,pooled_feature_p02_p98
GROUP_complete,supervised,CY-Bench_wheat_AU|AU-521|2006,5,weather_prec_sum,137.999,-0.0627258457243442,1,water_balance,False,0.18193443424612674,pooled_feature_p02_p98
GROUP_complete,supervised,CY-Bench_wheat_AU|AU-521|2007,5,weather_prec_sum,159.75599999999997,-0.0401847716420888,1,water_balance,False,0.23454258162496086,pooled_feature_p02_p98
GROUP_complete,supervised,CY-Bench_wheat_AU|AU-521|2008,5,weather_prec_sum,254.836,0.0839872248470783,1,water_balance,False,0.4644448040260068,pooled_feature_p02_p98
GROUP_complete,supervised,CY-Bench_wheat_AU|AU-521|2009,5,weather_prec_sum,182.416,-0.0029240362346172,1,water_balance,False,0.2893341714399346,pooled_feature_p02_p98
GROUP_complete,supervised,CY-Bench_wheat_AU|AU-521|2010,5,weather_prec_sum,107.764,-0.0819764211773872,1,water_balance,False,0.10882659143695951,pooled_feature_p02_p98
GROUP_complete,supervised,CY-Bench_wheat_AU|AU-521|2011,5,weather_prec_sum,288.933,0.0614553373306989,1,water_balance,False,0.5468909133782203,pooled_feature_p02_p98
GROUP_complete,supervised,CY-Bench_wheat_AU|AU-521|2012,5,weather_prec_sum,170.233,-0.0240044016391038,1,water_balance,False,0.25987583345600596,pooled_feature_p02_p98
GROUP_complete,supervised,CY-Bench_wheat_AU|AU-521|2013,5,weather_prec_sum,204.6,0.0224892534315586,1,water_balance,False,0.3429747993505867,pooled_feature_p02_p98
GROUP_complete,supervised,CY-Bench_wheat_AU|AU-521|2014,5,weather_prec_sum,183.899,0.0003724824637174,1,water_balance,False,0.29292004644856684,pooled_feature_p02_p98
GROUP_complete,supervised,CY-Bench_wheat_AU|AU-521|2015,5,weather_prec_sum,188.534,0.0168693829327821,1,water_balance,False,0.3041274170925387,pooled_feature_p02_p98
GROUP_complete,supervised,CY-Bench_wheat_AU|AU-521|2016,5,weather_prec_sum,149.947,-0.0544209908694028,1,water_balance,False,0.21082454523947652,pooled_feature_p02_p98
GROUP_complete,supervised,CY-Bench_wheat_AU|AU-521|2017,5,weather_prec_sum,176.27,-0.0057562012225389,1,water_balance,False,0.27447322214589986,pooled_feature_p02_p98
GROUP_complete,supervised,CY-Bench_wheat_AU|AU-521|2018,5,weather_prec_sum,202.13,0.0221657529473304,1,water_balance,False,0.33700237098152297,pooled_feature_p02_p98
GROUP_complete,supervised,CY-Bench_wheat_AU|AU-521|2019,5,weather_prec_sum,136.874,-0.0340788140892982,1,water_balance,False,0.17921419865292967,pooled_feature_p02_p98
GROUP_complete,supervised,CY-Bench_wheat_AU|AU-521|2020,5,weather_prec_sum,167.063,-0.0337956603616476,1,water_balance,False,0.25221081405117507,pooled_feature_p02_p98
GROUP_complete,supervised,CY-Bench_wheat_AU|AU-521|2021,5,weather_prec_sum,210.344,0.0249098315834999,1,water_balance,False,0.3568637177926524,pooled_feature_p02_p98
GROUP_complete,supervised,CY-Bench_wheat_AU|AU-521|2022,5,weather_prec_sum,217.527,0.0456788446754217,1,water_balance,False,0.37423211980681637,pooled_feature_p02_p98
GROUP_complete,supervised,CY-Bench_wheat_AU|AU-521|2023,5,weather_prec_sum,108.263,-0.0694886334240436,1,water_balance,False,0.11003316704674206,pooled_feature_p02_p98
GROUP_complete,supervised,CY-Bench_wheat_AU|AU-522|2001,5,weather_prec_sum,172.981,-0.0232525020837783,1,water_balance,False,0.2665204622649886,pooled_feature_p02_p98
GROUP_complete,supervised,CY-Bench_wheat_AU|AU-522|2002,5,weather_prec_sum,108.965,-0.0890476629137992,1,water_balance,False,0.11173059405689702,pooled_feature_p02_p98
GROUP_complete,supervised,CY-Bench_wheat_AU|AU-522|2003,5,weather_prec_sum,174.36999999999998,-0.0731588862836361,1,water_balance,False,0.2698790464773892,pooled_feature_p02_p98
GROUP_complete,supervised,CY-Bench_wheat_AU|AU-522|2004,5,weather_prec_sum,180.388,-0.0491386409848928,1,water_balance,False,0.28443049341059806,pooled_feature_p02_p98
GROUP_complete,supervised,CY-Bench_wheat_AU|AU-522|2005,5,weather_prec_sum,160.307,-0.0173840690404176,1,water_balance,False,0.235874892568829,pooled_feature_p02_p98
GROUP_complete,supervised,CY-Bench_wheat_AU|AU-522|2006,5,weather_prec_sum,113.402,-0.0939531698822975,1,water_balance,False,0.12245920323646622,pooled_feature_p02_p98
GROUP_complete,supervised,CY-Bench_wheat_AU|AU-522|2007,5,weather_prec_sum,119.47400000000002,-0.1057059988379478,1,water_balance,False,0.13714122147814853,pooled_feature_p02_p98
GROUP_complete,supervised,CY-Bench_wheat_AU|AU-522|2008,5,weather_prec_sum,203.124,-0.0031289774924516,1,water_balance,False,0.3394058502523122,pooled_feature_p02_p98
GROUP_complete,supervised,CY-Bench_wheat_AU|AU-522|2009,5,weather_prec_sum,182.223,-0.0440014712512493,1,water_balance,False,0.28886749991150173,pooled_feature_p02_p98
GROUP_complete,supervised,CY-Bench_wheat_AU|AU-522|2010,5,weather_prec_sum,117.782,-0.0539795476943254,1,water_balance,False,0.1330499871459801,pooled_feature_p02_p98
GROUP_complete,supervised,CY-Bench_wheat_AU|AU-522|2011,5,weather_prec_sum,220.82800000000003,0.0622578859329223,1,water_balance,False,0.38221389553405516,pooled_feature_p02_p98
GROUP_complete,supervised,CY-Bench_wheat_AU|AU-522|2012,5,weather_prec_sum,156.923,-0.0648346785455942,1,water_balance,False,0.22769242390449226,pooled_feature_p02_p98
GROUP_complete,supervised,CY-Bench_wheat_AU|AU-522|2013,5,weather_prec_sum,152.76299999999998,-0.0858724433928728,1,water_balance,False,0.21763359717764794,pooled_feature_p02_p98
GROUP_complete,supervised,CY-Bench_wheat_AU|AU-522|2014,5,weather_prec_sum,147.50399999999996,-0.1019666902720928,1,water_balance,False,0.20491740252464938,pooled_feature_p02_p98
GROUP_complete,supervised,CY-Bench_wheat_AU|AU-522|2015,5,weather_prec_sum,168.573,-0.064239552244544,1,water_balance,False,0.25586197471404404,pooled_feature_p02_p98
GROUP_complete,supervised,CY-Bench_wheat_AU|AU-522|2016,5,weather_prec_sum,159.54999999999998,-0.0239594932645559,1,water_balance,False,0.2340444762630066,pooled_feature_p02_p98
GROUP_complete,supervised,CY-Bench_wheat_AU|AU-522|2017,5,weather_prec_sum,131.426,-0.0836498718708753,1,water_balance,False,0.16604100442027403,pooled_feature_p02_p98
GROUP_complete,supervised,CY-Bench_wheat_AU|AU-522|2018,5,weather_prec_sum,198.89799999999997,-0.0016513243317604,1,water_balance,False,0.32918743637066694,pooled_feature_p02_p98
GROUP_complete,supervised,CY-Bench_wheat_AU|AU-522|2019,5,weather_prec_sum,137.13600000000002,-0.07244255207479,1,water_balance,False,0.1798477112977454,pooled_feature_p02_p98
GROUP_complete,supervised,CY-Bench_wheat_AU|AU-522|2020,5,weather_prec_sum,158.007,-0.0827319752424955,1,water_balance,False,0.23031352202273725,pooled_feature_p02_p98
GROUP_complete,supervised,CY-Bench_wheat_AU|AU-522|2021,5,weather_prec_sum,196.444,-0.028547341004014,1,water_balance,False,0.3232536957967065,pooled_feature_p02_p98
GROUP_complete,supervised,CY-Bench_wheat_AU|AU-522|2022,5,weather_prec_sum,204.877,-0.0009159930050373,1,water_balance,False,0.3436445818033117,pooled_feature_p02_p98
GROUP_complete,supervised,CY-Bench_wheat_AU|AU-522|2023,5,weather_prec_sum,107.551,-0.1209460794925689,1,water_balance,False,0.10831156016464756,pooled_feature_p02_p98
GROUP_complete,supervised,CY-Bench_wheat_AU|AU-111|2001,6,weather_rad_sum,2970410004.5,0.3159814178943634,1,radiation,False,0.44162416634122065,pooled_feature_p02_p98
GROUP_complete,supervised,CY-Bench_wheat_AU|AU-111|2002,6,weather_rad_sum,3271038913.5,0.0762514602392911,1,radiation,False,0.6133525923522261,pooled_feature_p02_p98
GROUP_complete,supervised,CY-Bench_wheat_AU|AU-111|2003,6,weather_rad_sum,3042923773.5,0.2588882464915514,1,radiation,False,0.4830462486549865,pooled_feature_p02_p98
GROUP_complete,supervised,CY-Bench_wheat_AU|AU-111|2004,6,weather_rad_sum,3050730685.0,0.2759269047528505,1,radiation,False,0.4875057952380539,pooled_feature_p02_p98
GROUP_complete,supervised,CY-Bench_wheat_AU|AU-111|2005,6,weather_rad_sum,3018439858.0,0.3167772497981787,1,radiation,False,0.4690602874066574,pooled_feature_p02_p98
GROUP_complete,supervised,CY-Bench_wheat_AU|AU-111|2006,6,weather_rad_sum,3272894245.75,0.0825272798538208,1,radiation,False,0.614412414869228,pooled_feature_p02_p98
GROUP_complete,supervised,CY-Bench_wheat_AU|AU-111|2007,6,weather_rad_sum,3074052975.0,0.2502635512501001,1,radiation,False,0.5008282004784368,pooled_feature_p02_p98
GROUP_complete,supervised,CY-Bench_wheat_AU|AU-111|2008,6,weather_rad_sum,3056828921.0,0.2677852176129818,1,radiation,False,0.4909892941244622,pooled_feature_p02_p98
GROUP_complete,supervised,CY-Bench_wheat_AU|AU-111|2009,6,weather_rad_sum,3088353506.0,0.2065159678459167,1,radiation,False,0.508997101093885,pooled_feature_p02_p98
GROUP_complete,supervised,CY-Bench_wheat_AU|AU-111|2010,6,weather_rad_sum,2669306211.25,0.7276592720299959,1,radiation,False,0.2696244719247209,pooled_feature_p02_p98
GROUP_complete,supervised,CY-Bench_wheat_AU|AU-111|2011,6,weather_rad_sum,3008067929.5,0.3884951695799827,1,radiation,False,0.4631355246753271,pooled_feature_p02_p98
GROUP_complete,supervised,CY-Bench_wheat_AU|AU-111|2012,6,weather_rad_sum,3186225147.0,0.121175056323409,1,radiation,False,0.5649043753342481,pooled_feature_p02_p98
GROUP_complete,supervised,CY-Bench_wheat_AU|AU-111|2013,6,weather_rad_sum,3207588458.5,0.1268896777182817,1,radiation,False,0.5771077521501411,pooled_feature_p02_p98
GROUP_complete,supervised,CY-Bench_wheat_AU|AU-111|2014,6,weather_rad_sum,3208570827.75,0.1083548162132501,1,radiation,False,0.577668911506456,pooled_feature_p02_p98
GROUP_complete,supervised,CY-Bench_wheat_AU|AU-111|2015,6,weather_rad_sum,3084177682.0,0.2423931919038295,1,radiation,False,0.506611742728968,pooled_feature_p02_p98
GROUP_complete,supervised,CY-Bench_wheat_AU|AU-111|2016,6,weather_rad_sum,2898352676.25,0.3759367205202579,1,radiation,False,0.40046281694174934,pooled_feature_p02_p98
GROUP_complete,supervised,CY-Bench_wheat_AU|AU-111|2017,6,weather_rad_sum,3079825743.0,0.2906500864773989,1,radiation,False,0.504125782090479,pooled_feature_p02_p98
GROUP_complete,supervised,CY-Bench_wheat_AU|AU-111|2018,6,weather_rad_sum,3150868364.25,0.1620316747575998,1,radiation,False,0.5447074998219514,pooled_feature_p02_p98
GROUP_complete,supervised,CY-Bench_wheat_AU|AU-111|2019,6,weather_rad_sum,3246134443.5,0.0694206319749355,1,radiation,False,0.5991263975129989,pooled_feature_p02_p98
GROUP_complete,supervised,CY-Bench_wheat_AU|AU-111|2020,6,weather_rad_sum,2995812851.0,0.4077513087540865,1,radiation,False,0.45613504907753183,pooled_feature_p02_p98
GROUP_complete,supervised,CY-Bench_wheat_AU|AU-111|2021,6,weather_rad_sum,2887625951.5,0.4020120799541473,1,radiation,False,0.3943353837427991,pooled_feature_p02_p98
GROUP_complete,supervised,CY-Bench_wheat_AU|AU-111|2022,6,weather_rad_sum,2690494357.0,0.6132545322179794,1,radiation,False,0.2817277887076697,pooled_feature_p02_p98
GROUP_complete,supervised,CY-Bench_wheat_AU|AU-111|2023,6,weather_rad_sum,3138340548.75,0.1788167413324117,1,radiation,False,0.5375512285094967,pooled_feature_p02_p98
GROUP_complete,supervised,CY-Bench_wheat_AU|AU-123|2001,6,weather_rad_sum,3018598538.25,0.0552696269005537,1,radiation,False,0.46915093041787737,pooled_feature_p02_p98
GROUP_complete,supervised,CY-Bench_wheat_AU|AU-123|2002,6,weather_rad_sum,3354371634.5,-0.1174146141856908,1,radiation,False,0.6609547908904386,pooled_feature_p02_p98
GROUP_complete,supervised,CY-Bench_wheat_AU|AU-123|2003,6,weather_rad_sum,3053606985.5,-0.0295988917350769,1,radiation,False,0.48914882604052295,pooled_feature_p02_p98
GROUP_complete,supervised,CY-Bench_wheat_AU|AU-123|2004,6,weather_rad_sum,2980310338.0,0.1399655435234308,1,radiation,False,0.4472795395872414,pooled_feature_p02_p98
GROUP_complete,supervised,CY-Bench_wheat_AU|AU-123|2005,6,weather_rad_sum,3093166755.25,0.070542324334383,1,radiation,False,0.5117465762539772,pooled_feature_p02_p98
GROUP_complete,supervised,CY-Bench_wheat_AU|AU-123|2006,6,weather_rad_sum,3421111533.0,-0.0905721820890903,1,radiation,False,0.6990786618104481,pooled_feature_p02_p98
GROUP_complete,supervised,CY-Bench_wheat_AU|AU-123|2007,6,weather_rad_sum,3166730432.5,0.0954560078680515,1,radiation,False,0.5537683982661914,pooled_feature_p02_p98
GROUP_complete,supervised,CY-Bench_wheat_AU|AU-123|2008,6,weather_rad_sum,3163329709.75,-0.0093274433165788,1,radiation,False,0.5518258014377628,pooled_feature_p02_p98
GROUP_complete,supervised,CY-Bench_wheat_AU|AU-123|2009,6,weather_rad_sum,3168882403.25,0.1532027777284383,1,radiation,False,0.5549976697655574,pooled_feature_p02_p98
GROUP_complete,supervised,CY-Bench_wheat_AU|AU-123|2010,6,weather_rad_sum,2795347656.75,0.4243679065257311,1,radiation,False,0.34162319992418594,pooled_feature_p02_p98
GROUP_complete,supervised,CY-Bench_wheat_AU|AU-123|2011,6,weather_rad_sum,3108970439.25,0.0528360232710838,1,radiation,False,0.5207741238292349,pooled_feature_p02_p98
GROUP_complete,supervised,CY-Bench_wheat_AU|AU-123|2012,6,weather_rad_sum,3188928913.375,-0.0889455452561378,1,radiation,False,0.5664488493684476,pooled_feature_p02_p98
GROUP_complete,supervised,CY-Bench_wheat_AU|AU-123|2013,6,weather_rad_sum,3197219418.0,-0.0224256627261638,1,radiation,False,0.5711846391327254,pooled_feature_p02_p98
GROUP_complete,supervised,CY-Bench_wheat_AU|AU-123|2014,6,weather_rad_sum,3280437880.5,0.0254863929003477,1,radiation,False,0.6187215697217291,pooled_feature_p02_p98
GROUP_complete,supervised,CY-Bench_wheat_AU|AU-123|2015,6,weather_rad_sum,3148155319.5,0.0460576228797435,1,radiation,False,0.5431577256962205,pooled_feature_p02_p98
GROUP_complete,supervised,CY-Bench_wheat_AU|AU-123|2016,6,weather_rad_sum,2896852433.25,0.1568887289613485,1,radiation,False,0.3996058322629272,pooled_feature_p02_p98
GROUP_complete,supervised,CY-Bench_wheat_AU|AU-123|2017,6,weather_rad_sum,3125175487.75,-0.0462088715285062,1,radiation,False,0.5300309430805632,pooled_feature_p02_p98
GROUP_complete,supervised,CY-Bench_wheat_AU|AU-123|2018,6,weather_rad_sum,3158431428.5,0.0217690616846084,1,radiation,False,0.5490277533990038,pooled_feature_p02_p98
GROUP_complete,supervised,CY-Bench_wheat_AU|AU-123|2019,6,weather_rad_sum,3290832486.25,-0.1431265864521265,1,radiation,False,0.6246592863917265,pooled_feature_p02_p98
GROUP_complete,supervised,CY-Bench_wheat_AU|AU-123|2020,6,weather_rad_sum,3045755456.0,0.1096086371690034,1,radiation,False,0.48466379229144335,pooled_feature_p02_p98
GROUP_complete,supervised,CY-Bench_wheat_AU|AU-123|2021,6,weather_rad_sum,2835156925.75,0.1811830960214138,1,radiation,False,0.3643634717388926,pooled_feature_p02_p98
GROUP_complete,supervised,CY-Bench_wheat_AU|AU-123|2022,6,weather_rad_sum,2681761065.5,0.572673387825489,1,radiation,False,0.2767390655400308,pooled_feature_p02_p98
GROUP_complete,supervised,CY-Bench_wheat_AU|AU-123|2023,6,weather_rad_sum,3151391197.625,0.0794004369527101,1,radiation,False,0.5450061582339233,pooled_feature_p02_p98
GROUP_complete,supervised,CY-Bench_wheat_AU|AU-222|2001,6,weather_rad_sum,2211692364.5,-0.0313123259693384,1,radiation,False,0.00822144889336316,pooled_feature_p02_p98
GROUP_complete,supervised,CY-Bench_wheat_AU|AU-222|2002,6,weather_rad_sum,2450336145.5,-0.191635487601161,1,radiation,False,0.14454207429417942,pooled_feature_p02_p98
GROUP_complete,supervised,CY-Bench_wheat_AU|AU-222|2003,6,weather_rad_sum,2384684234.125,-0.1373102180659771,1,radiation,False,0.10703969489046489,pooled_feature_p02_p98
GROUP_complete,supervised,CY-Bench_wheat_AU|AU-222|2004,6,weather_rad_sum,2305583335.5,-0.204596858471632,1,radiation,False,0.06185484270139164,pooled_feature_p02_p98
GROUP_complete,supervised,CY-Bench_wheat_AU|AU-222|2005,6,weather_rad_sum,2382823852.5,-0.1846905145794153,1,radiation,False,0.10597698801605367,pooled_feature_p02_p98
GROUP_complete,supervised,CY-Bench_wheat_AU|AU-222|2006,6,weather_rad_sum,2696926575.625,-0.1490272786468267,1,radiation,False,0.2854020686826202,pooled_feature_p02_p98
GROUP_complete,supervised,CY-Bench_wheat_AU|AU-222|2007,6,weather_rad_sum,2544041247.375,-0.2468830607831478,1,radiation,False,0.19806929397415593,pooled_feature_p02_p98
GROUP_complete,supervised,CY-Bench_wheat_AU|AU-222|2008,6,weather_rad_sum,2388155473.25,-0.2055852301418781,1,radiation,False,0.10902257282867432,pooled_feature_p02_p98
GROUP_complete,supervised,CY-Bench_wheat_AU|AU-222|2009,6,weather_rad_sum,2436109511.75,-0.4269021414220333,1,radiation,False,0.13641538604769896,pooled_feature_p02_p98
GROUP_complete,supervised,CY-Bench_wheat_AU|AU-222|2010,6,weather_rad_sum,2118295568.0,0.1973958797752857,1,radiation,False,0.0,pooled_feature_p02_p98
GROUP_complete,supervised,CY-Bench_wheat_AU|AU-222|2011,6,weather_rad_sum,2359351145.25,-0.2537721544504165,1,radiation,False,0.09256865984273213,pooled_feature_p02_p98
GROUP_complete,supervised,CY-Bench_wheat_AU|AU-222|2012,6,weather_rad_sum,2450005231.4379997,-0.2609327659010887,1,radiation,False,0.1443530460626589,pooled_feature_p02_p98
GROUP_complete,supervised,CY-Bench_wheat_AU|AU-222|2013,6,weather_rad_sum,2307209126.1879997,-0.2054406777024269,1,radiation,False,0.06278354405883009,pooled_feature_p02_p98
GROUP_complete,supervised,CY-Bench_wheat_AU|AU-222|2014,6,weather_rad_sum,2549324285.25,-0.2229162342846393,1,radiation,False,0.201087126762919,pooled_feature_p02_p98
GROUP_complete,supervised,CY-Bench_wheat_AU|AU-222|2015,6,weather_rad_sum,2436694792.0,-0.2003214452415704,1,radiation,False,0.13674971602428757,pooled_feature_p02_p98
GROUP_complete,supervised,CY-Bench_wheat_AU|AU-222|2016,6,weather_rad_sum,2279612907.375,0.0302270166575908,1,radiation,False,0.047019739984313295,pooled_feature_p02_p98
GROUP_complete,supervised,CY-Bench_wheat_AU|AU-222|2017,6,weather_rad_sum,2400225050.0,-0.2825795114040375,1,radiation,False,0.11591708415425188,pooled_feature_p02_p98
GROUP_complete,supervised,CY-Bench_wheat_AU|AU-222|2018,6,weather_rad_sum,2427238369.75,-0.2349279131740331,1,radiation,False,0.131347918459011,pooled_feature_p02_p98
GROUP_complete,supervised,CY-Bench_wheat_AU|AU-222|2019,6,weather_rad_sum,2434492571.25,-0.1941853668540716,1,radiation,False,0.13549174018828347,pooled_feature_p02_p98
GROUP_complete,supervised,CY-Bench_wheat_AU|AU-222|2020,6,weather_rad_sum,2329914383.0,-0.2164387069642543,1,radiation,False,0.07575348107343859,pooled_feature_p02_p98
GROUP_complete,supervised,CY-Bench_wheat_AU|AU-222|2021,6,weather_rad_sum,2319355787.5,-0.1792995352298021,1,radiation,False,0.0697220884434574,pooled_feature_p02_p98
GROUP_complete,supervised,CY-Bench_wheat_AU|AU-222|2022,6,weather_rad_sum,2008350638.75,0.7884972291067243,1,radiation,False,0.0,pooled_feature_p02_p98
GROUP_complete,supervised,CY-Bench_wheat_AU|AU-222|2023,6,weather_rad_sum,2482935059.625,-0.1991163026541471,1,radiation,False,0.1631635709126373,pooled_feature_p02_p98
GROUP_complete,supervised,CY-Bench_wheat_AU|AU-231|2001,6,weather_rad_sum,2298662636.25,1.0427396427839994,1,radiation,False,0.05790152765577157,pooled_feature_p02_p98
GROUP_complete,supervised,CY-Bench_wheat_AU|AU-231|2002,6,weather_rad_sum,2546404053.25,0.2636858876794576,1,radiation,False,0.19941900094423082,pooled_feature_p02_p98
GROUP_complete,supervised,CY-Bench_wheat_AU|AU-231|2003,6,weather_rad_sum,2536707251.375,0.2752819005399942,1,radiation,False,0.19387989118637874,pooled_feature_p02_p98
GROUP_complete,supervised,CY-Bench_wheat_AU|AU-231|2004,6,weather_rad_sum,2389345667.0,0.7015918903052807,1,radiation,False,0.10970244789463358,pooled_feature_p02_p98
GROUP_complete,supervised,CY-Bench_wheat_AU|AU-231|2005,6,weather_rad_sum,2530237881.25,0.4348938670009374,1,radiation,False,0.19018438913854052,pooled_feature_p02_p98
GROUP_complete,supervised,CY-Bench_wheat_AU|AU-231|2006,6,weather_rad_sum,2836609868.25,-0.0414152722805738,1,radiation,False,0.3651934369256721,pooled_feature_p02_p98
GROUP_complete,supervised,CY-Bench_wheat_AU|AU-231|2007,6,weather_rad_sum,2658193728.25,0.1041303854435682,1,radiation,False,0.26327668181693703,pooled_feature_p02_p98
GROUP_complete,supervised,CY-Bench_wheat_AU|AU-231|2008,6,weather_rad_sum,2497884207.5,0.346650255843997,1,radiation,False,0.1717029813216992,pooled_feature_p02_p98
GROUP_complete,supervised,CY-Bench_wheat_AU|AU-231|2009,6,weather_rad_sum,2577608807.0,0.5738017074763775,1,radiation,False,0.21724411052325843,pooled_feature_p02_p98
GROUP_complete,supervised,CY-Bench_wheat_AU|AU-231|2010,6,weather_rad_sum,2258070729.375,1.3236493039876225,1,radiation,False,0.0347141891539076,pooled_feature_p02_p98
GROUP_complete,supervised,CY-Bench_wheat_AU|AU-231|2011,6,weather_rad_sum,2465867462.25,0.6644018162041903,1,radiation,False,0.1534140373672845,pooled_feature_p02_p98
GROUP_complete,supervised,CY-Bench_wheat_AU|AU-231|2012,6,weather_rad_sum,2512484512.125,0.3413213472813368,1,radiation,False,0.18004312179878304,pooled_feature_p02_p98
GROUP_complete,supervised,CY-Bench_wheat_AU|AU-231|2013,6,weather_rad_sum,2373725567.5,0.9067107457667588,1,radiation,False,0.10077976939976437,pooled_feature_p02_p98
GROUP_complete,supervised,CY-Bench_wheat_AU|AU-231|2014,6,weather_rad_sum,2599947980.25,0.2887831684201956,1,radiation,False,0.23000492941246795,pooled_feature_p02_p98
GROUP_complete,supervised,CY-Bench_wheat_AU|AU-231|2015,6,weather_rad_sum,2543523636.0,0.5711236745119095,1,radiation,False,0.1977736185282721,pooled_feature_p02_p98
GROUP_complete,supervised,CY-Bench_wheat_AU|AU-231|2016,6,weather_rad_sum,2387660858.0,0.9330498799681664,1,radiation,False,0.1087400334726088,pooled_feature_p02_p98
GROUP_complete,supervised,CY-Bench_wheat_AU|AU-231|2017,6,weather_rad_sum,2518499468.75,0.6314767338335514,1,radiation,False,0.18347904895951966,pooled_feature_p02_p98
GROUP_complete,supervised,CY-Bench_wheat_AU|AU-231|2018,6,weather_rad_sum,2537352276.0,0.3402051385492086,1,radiation,False,0.19424834897694204,pooled_feature_p02_p98
GROUP_complete,supervised,CY-Bench_wheat_AU|AU-231|2019,6,weather_rad_sum,2530356146.25,0.2890640087425709,1,radiation,False,0.19025194572306778,pooled_feature_p02_p98
GROUP_complete,supervised,CY-Bench_wheat_AU|AU-231|2020,6,weather_rad_sum,2428538014.0,0.7518197745084763,1,radiation,False,0.1320903149975513,pooled_feature_p02_p98
GROUP_complete,supervised,CY-Bench_wheat_AU|AU-231|2021,6,weather_rad_sum,2407530900.875,0.659196387976408,1,radiation,False,0.12009040958595504,pooled_feature_p02_p98
GROUP_complete,supervised,CY-Bench_wheat_AU|AU-231|2022,6,weather_rad_sum,2227806258.75,1.259464280679822,1,radiation,False,0.017426198049607114,pooled_feature_p02_p98
GROUP_complete,supervised,CY-Bench_wheat_AU|AU-231|2023,6,weather_rad_sum,2547623354.25,0.3468756470829248,1,radiation,False,0.20011550296148573,pooled_feature_p02_p98
GROUP_complete,supervised,CY-Bench_wheat_AU|AU-312|2003,6,weather_rad_sum,3550089582.5,-0.1182887218892574,1,radiation,False,0.7727548678156548,pooled_feature_p02_p98
GROUP_complete,supervised,CY-Bench_wheat_AU|AU-312|2009,6,weather_rad_sum,3619358697.0,-0.1202141903340816,1,radiation,False,0.8123235042579376,pooled_feature_p02_p98
GROUP_complete,supervised,CY-Bench_wheat_AU|AU-322|2001,6,weather_rad_sum,3620137940.5,-0.0292879994958639,1,radiation,False,0.8127686319742954,pooled_feature_p02_p98
GROUP_complete,supervised,CY-Bench_wheat_AU|AU-322|2002,6,weather_rad_sum,3934809940.0,0.0145428124815225,1,radiation,False,0.9925189007146543,pooled_feature_p02_p98
GROUP_complete,supervised,CY-Bench_wheat_AU|AU-322|2003,6,weather_rad_sum,3742259179.0,-0.0354530792683362,1,radiation,False,0.8825280178559759,pooled_feature_p02_p98
GROUP_complete,supervised,CY-Bench_wheat_AU|AU-322|2004,6,weather_rad_sum,3762740438.0,-0.0420958846807479,1,radiation,False,0.8942275393108262,pooled_feature_p02_p98
GROUP_complete,supervised,CY-Bench_wheat_AU|AU-322|2005,6,weather_rad_sum,3623394327.25,-0.0166784524917602,1,radiation,False,0.8146287796657491,pooled_feature_p02_p98
GROUP_complete,supervised,CY-Bench_wheat_AU|AU-322|2006,6,weather_rad_sum,3761342341.0,-0.001967454329133,1,radiation,False,0.8934289035508145,pooled_feature_p02_p98
GROUP_complete,supervised,CY-Bench_wheat_AU|AU-322|2007,6,weather_rad_sum,3522929225.5,-0.0038210451602935,1,radiation,False,0.757240041337317,pooled_feature_p02_p98
GROUP_complete,supervised,CY-Bench_wheat_AU|AU-322|2008,6,weather_rad_sum,3574525203.75,-0.0162030216306448,1,radiation,False,0.7867132419115525,pooled_feature_p02_p98
GROUP_complete,supervised,CY-Bench_wheat_AU|AU-322|2009,6,weather_rad_sum,3863349257.0,0.0453964993357658,1,radiation,False,0.9516983733273117,pooled_feature_p02_p98
GROUP_complete,supervised,CY-Bench_wheat_AU|AU-322|2010,6,weather_rad_sum,3025181187.25,0.0367728751152753,1,radiation,False,0.4729111408231678,pooled_feature_p02_p98
GROUP_complete,supervised,CY-Bench_wheat_AU|AU-322|2011,6,weather_rad_sum,3502823995.25,-0.039873830974102,1,radiation,False,0.7457553190033737,pooled_feature_p02_p98
GROUP_complete,supervised,CY-Bench_wheat_AU|AU-322|2012,6,weather_rad_sum,3804259716.5,0.0047125220298767,1,radiation,False,0.9179446208437854,pooled_feature_p02_p98
GROUP_complete,supervised,CY-Bench_wheat_AU|AU-322|2013,6,weather_rad_sum,3873093216.0,0.0210322253406047,1,radiation,False,0.9572644206770221,pooled_feature_p02_p98
GROUP_complete,supervised,CY-Bench_wheat_AU|AU-322|2014,6,weather_rad_sum,3782856860.0,0.0071667227894067,1,radiation,False,0.9057186547146118,pooled_feature_p02_p98
GROUP_complete,supervised,CY-Bench_wheat_AU|AU-322|2015,6,weather_rad_sum,3679327120.0,0.0097952876240015,1,radiation,False,0.8465793013015684,pooled_feature_p02_p98
GROUP_complete,supervised,CY-Bench_wheat_AU|AU-322|2016,6,weather_rad_sum,3574814294.25,-0.012586373835802,1,radiation,False,0.7868783792454997,pooled_feature_p02_p98
GROUP_complete,supervised,CY-Bench_wheat_AU|AU-322|2017,6,weather_rad_sum,3731280494.0,-0.0208846349269151,1,radiation,False,0.8762566572573163,pooled_feature_p02_p98
GROUP_complete,supervised,CY-Bench_wheat_AU|AU-322|2018,6,weather_rad_sum,3750086195.0,-0.0180769301950931,1,radiation,False,0.8869990487442361,pooled_feature_p02_p98
GROUP_complete,supervised,CY-Bench_wheat_AU|AU-322|2019,6,weather_rad_sum,3982654145.0,0.0508124586194753,1,radiation,False,1.0,pooled_feature_p02_p98
GROUP_complete,supervised,CY-Bench_wheat_AU|AU-322|2020,6,weather_rad_sum,3717895218.0,0.013381078839302,1,radiation,False,0.8686105782862387,pooled_feature_p02_p98
GROUP_complete,supervised,CY-Bench_wheat_AU|AU-322|2021,6,weather_rad_sum,3528326692.5,-0.040294362232089,1,radiation,False,0.7603232395415069,pooled_feature_p02_p98
GROUP_complete,supervised,CY-Bench_wheat_AU|AU-322|2022,6,weather_rad_sum,3520619941.0,-0.1021942775696516,1,radiation,False,0.7559209074133184,pooled_feature_p02_p98
GROUP_complete,supervised,CY-Bench_wheat_AU|AU-322|2023,6,weather_rad_sum,3776617160.0,-0.0167124234139919,1,radiation,False,0.9021543472654541,pooled_feature_p02_p98
GROUP_complete,supervised,CY-Bench_wheat_AU|AU-331|2001,6,weather_rad_sum,3611807108.5,-0.0030144993215799,1,radiation,False,0.8080098059802121,pooled_feature_p02_p98
GROUP_complete,supervised,CY-Bench_wheat_AU|AU-331|2002,6,weather_rad_sum,3799752055.5,-0.0022924449294805,1,radiation,False,0.9153697070369392,pooled_feature_p02_p98
GROUP_complete,supervised,CY-Bench_wheat_AU|AU-331|2003,6,weather_rad_sum,3585537052.0,0.0001387540251016,1,radiation,False,0.7930035463727397,pooled_feature_p02_p98
GROUP_complete,supervised,CY-Bench_wheat_AU|AU-331|2004,6,weather_rad_sum,3632420669.0,-0.0006159339100122,1,radiation,False,0.8197849020976238,pooled_feature_p02_p98
GROUP_complete,supervised,CY-Bench_wheat_AU|AU-331|2005,6,weather_rad_sum,3438167824.25,-0.0544284600764513,1,radiation,False,0.7088217369514612,pooled_feature_p02_p98
GROUP_complete,supervised,CY-Bench_wheat_AU|AU-331|2006,6,weather_rad_sum,3509553223.0,0.0193450059741735,1,radiation,False,0.7495992596730219,pooled_feature_p02_p98
GROUP_complete,supervised,CY-Bench_wheat_AU|AU-331|2007,6,weather_rad_sum,3333083266.0,-0.0302765872329473,1,radiation,False,0.6487942238078922,pooled_feature_p02_p98
GROUP_complete,supervised,CY-Bench_wheat_AU|AU-331|2008,6,weather_rad_sum,3457226203.75,-0.0099218729883432,1,radiation,False,0.7197084661244544,pooled_feature_p02_p98
GROUP_complete,supervised,CY-Bench_wheat_AU|AU-331|2009,6,weather_rad_sum,3794871289.0,0.0374205987900495,1,radiation,False,0.9125816639589788,pooled_feature_p02_p98
GROUP_complete,supervised,CY-Bench_wheat_AU|AU-331|2010,6,weather_rad_sum,2851455863.75,0.256826251745224,1,radiation,False,0.3736739235437487,pooled_feature_p02_p98
GROUP_complete,supervised,CY-Bench_wheat_AU|AU-331|2011,6,weather_rad_sum,3384212263.5,-0.0028763208538293,1,radiation,False,0.6780006706975212,pooled_feature_p02_p98
GROUP_complete,supervised,CY-Bench_wheat_AU|AU-331|2012,6,weather_rad_sum,3614757215.0,0.0032673552632331,1,radiation,False,0.8096949970268583,pooled_feature_p02_p98
GROUP_complete,supervised,CY-Bench_wheat_AU|AU-331|2013,6,weather_rad_sum,3686230194.5,0.0162935014814138,1,radiation,False,0.8505225485510262,pooled_feature_p02_p98
GROUP_complete,supervised,CY-Bench_wheat_AU|AU-331|2014,6,weather_rad_sum,3609231242.0,6.851367652416229e-05,1,radiation,False,0.806538392265773,pooled_feature_p02_p98
GROUP_complete,supervised,CY-Bench_wheat_AU|AU-331|2015,6,weather_rad_sum,3477283968.0,-0.0013723224401474,1,radiation,False,0.7311660744276941,pooled_feature_p02_p98
GROUP_complete,supervised,CY-Bench_wheat_AU|AU-331|2016,6,weather_rad_sum,3404340202.125,-0.0650992356240749,1,radiation,False,0.6894983647496836,pooled_feature_p02_p98
GROUP_complete,supervised,CY-Bench_wheat_AU|AU-331|2017,6,weather_rad_sum,3498739918.5,-0.0217499416321516,1,radiation,False,0.7434223694732749,pooled_feature_p02_p98
GROUP_complete,supervised,CY-Bench_wheat_AU|AU-331|2018,6,weather_rad_sum,3567827702.5,0.0225204527378082,1,radiation,False,0.7828874243888962,pooled_feature_p02_p98
GROUP_complete,supervised,CY-Bench_wheat_AU|AU-331|2019,6,weather_rad_sum,3809043705.5,0.0407720897346735,1,radiation,False,0.9206773816543034,pooled_feature_p02_p98
GROUP_complete,supervised,CY-Bench_wheat_AU|AU-331|2020,6,weather_rad_sum,3520741032.0,0.0301837250590324,1,radiation,False,0.7559900782954643,pooled_feature_p02_p98
GROUP_complete,supervised,CY-Bench_wheat_AU|AU-331|2021,6,weather_rad_sum,3398018495.0,-0.0946670603007078,1,radiation,False,0.6858872123229595,pooled_feature_p02_p98
GROUP_complete,supervised,CY-Bench_wheat_AU|AU-331|2022,6,weather_rad_sum,3252502335.25,-0.0515371616929769,1,radiation,False,0.6027639320098425,pooled_feature_p02_p98
GROUP_complete,supervised,CY-Bench_wheat_AU|AU-331|2023,6,weather_rad_sum,3512546538.5,-0.0116905011236667,1,radiation,False,0.7513091330217934,pooled_feature_p02_p98
GROUP_complete,supervised,CY-Bench_wheat_AU|AU-332|2015,6,weather_rad_sum,3044449433.5,0.1383600961416959,1,radiation,False,0.483917752301457,pooled_feature_p02_p98
GROUP_complete,supervised,CY-Bench_wheat_AU|AU-411|2001,6,weather_rad_sum,2372153600.5,-0.144329909235239,1,radiation,False,0.09988181377883225,pooled_feature_p02_p98
GROUP_complete,supervised,CY-Bench_wheat_AU|AU-411|2002,6,weather_rad_sum,2642678413.5,-0.0347990915179252,1,radiation,False,0.2544138595755709,pooled_feature_p02_p98
GROUP_complete,supervised,CY-Bench_wheat_AU|AU-411|2003,6,weather_rad_sum,2531053202.0,-0.0782753303647041,1,radiation,False,0.1906501252833356,pooled_feature_p02_p98
GROUP_complete,supervised,CY-Bench_wheat_AU|AU-411|2004,6,weather_rad_sum,2474879984.0,-0.0758633837103843,1,radiation,False,0.15856226539254553,pooled_feature_p02_p98
GROUP_complete,supervised,CY-Bench_wheat_AU|AU-411|2005,6,weather_rad_sum,2466622411.75,-0.1433846037834882,1,radiation,False,0.15384528760793517,pooled_feature_p02_p98
GROUP_complete,supervised,CY-Bench_wheat_AU|AU-411|2006,6,weather_rad_sum,2680183120.375,-0.0674196612089872,1,radiation,False,0.27583769503128847,pooled_feature_p02_p98
GROUP_complete,supervised,CY-Bench_wheat_AU|AU-411|2007,6,weather_rad_sum,2643188175.5,-0.0360577758401632,1,radiation,False,0.2547050512184219,pooled_feature_p02_p98
GROUP_complete,supervised,CY-Bench_wheat_AU|AU-411|2008,6,weather_rad_sum,2536202871.0,-0.0690356120467186,1,radiation,False,0.19359177369229708,pooled_feature_p02_p98
GROUP_complete,supervised,CY-Bench_wheat_AU|AU-411|2009,6,weather_rad_sum,2538576940.5,-0.1429095789790153,1,radiation,False,0.19494791478941204,pooled_feature_p02_p98
GROUP_complete,supervised,CY-Bench_wheat_AU|AU-411|2010,6,weather_rad_sum,2355516881.5,-0.2181712370365858,1,radiation,False,0.09037841113748019,pooled_feature_p02_p98
GROUP_complete,supervised,CY-Bench_wheat_AU|AU-411|2011,6,weather_rad_sum,2483959469.5,-0.0782144013792276,1,radiation,False,0.16374874515954874,pooled_feature_p02_p98
GROUP_complete,supervised,CY-Bench_wheat_AU|AU-411|2012,6,weather_rad_sum,2626640028.0,-0.0399869736284017,1,radiation,False,0.24525224332637402,pooled_feature_p02_p98
GROUP_complete,supervised,CY-Bench_wheat_AU|AU-411|2013,6,weather_rad_sum,2613829848.75,-0.0529102571308612,1,radiation,False,0.23793467720527506,pooled_feature_p02_p98
GROUP_complete,supervised,CY-Bench_wheat_AU|AU-411|2014,6,weather_rad_sum,2660040844.5,-0.0490984413772821,1,radiation,False,0.26433181110349496,pooled_feature_p02_p98
GROUP_complete,supervised,CY-Bench_wheat_AU|AU-411|2015,6,weather_rad_sum,2534971739.0,-0.0966044217348098,1,radiation,False,0.19288851344605182,pooled_feature_p02_p98
GROUP_complete,supervised,CY-Bench_wheat_AU|AU-411|2016,6,weather_rad_sum,2426091130.0,-0.0676504783332347,1,radiation,False,0.13069258003137907,pooled_feature_p02_p98
GROUP_complete,supervised,CY-Bench_wheat_AU|AU-411|2017,6,weather_rad_sum,2533036851.0,-0.0382005963474512,1,radiation,False,0.191783246251846,pooled_feature_p02_p98
GROUP_complete,supervised,CY-Bench_wheat_AU|AU-411|2018,6,weather_rad_sum,2526962515.5,-0.0562420208007097,1,radiation,False,0.18831340006191166,pooled_feature_p02_p98
GROUP_complete,supervised,CY-Bench_wheat_AU|AU-411|2019,6,weather_rad_sum,2652144463.0,-0.0443577412515878,1,radiation,False,0.25982115652044746,pooled_feature_p02_p98
GROUP_complete,supervised,CY-Bench_wheat_AU|AU-411|2020,6,weather_rad_sum,2463841918.25,-0.0988425053656101,1,radiation,False,0.15225698469363083,pooled_feature_p02_p98
GROUP_complete,supervised,CY-Bench_wheat_AU|AU-411|2021,6,weather_rad_sum,2450136247.5,-0.0946266558021307,1,radiation,False,0.1444278864437264,pooled_feature_p02_p98
GROUP_complete,supervised,CY-Bench_wheat_AU|AU-411|2022,6,weather_rad_sum,2263388292.5,-0.1979156360030174,1,radiation,False,0.03775174382124804,pooled_feature_p02_p98
GROUP_complete,supervised,CY-Bench_wheat_AU|AU-411|2023,6,weather_rad_sum,2663853155.5,-0.0679865609854459,1,radiation,False,0.26650951972663484,pooled_feature_p02_p98
GROUP_complete,supervised,CY-Bench_wheat_AU|AU-421|2001,6,weather_rad_sum,2738310036.0,0.260484766215086,1,radiation,False,0.30904156674928,pooled_feature_p02_p98
GROUP_complete,supervised,CY-Bench_wheat_AU|AU-421|2002,6,weather_rad_sum,3025496986.75,-0.0634539537131786,1,radiation,False,0.4730915351546726,pooled_feature_p02_p98
GROUP_complete,supervised,CY-Bench_wheat_AU|AU-421|2003,6,weather_rad_sum,2898847941.0,0.0046225804835557,1,radiation,False,0.40074572731207647,pooled_feature_p02_p98
GROUP_complete,supervised,CY-Bench_wheat_AU|AU-421|2004,6,weather_rad_sum,2849281059.5,0.091534262523055,1,radiation,False,0.37243160885093735,pooled_feature_p02_p98
GROUP_complete,supervised,CY-Bench_wheat_AU|AU-421|2005,6,weather_rad_sum,2915438586.125,0.0064943805336952,1,radiation,False,0.41022281114709586,pooled_feature_p02_p98
GROUP_complete,supervised,CY-Bench_wheat_AU|AU-421|2006,6,weather_rad_sum,3168737906.375,-0.0028952341526746,1,radiation,False,0.5549151287318631,pooled_feature_p02_p98
GROUP_complete,supervised,CY-Bench_wheat_AU|AU-421|2007,6,weather_rad_sum,3105311479.5,-0.0146640744060277,1,radiation,False,0.5186840141295549,pooled_feature_p02_p98
GROUP_complete,supervised,CY-Bench_wheat_AU|AU-421|2008,6,weather_rad_sum,2962456974.0,-0.0502297449856996,1,radiation,False,0.43708115211705456,pooled_feature_p02_p98
GROUP_complete,supervised,CY-Bench_wheat_AU|AU-421|2009,6,weather_rad_sum,3000641094.5,-0.0165688712149858,1,radiation,False,0.4588930894117462,pooled_feature_p02_p98
GROUP_complete,supervised,CY-Bench_wheat_AU|AU-421|2010,6,weather_rad_sum,2641987742.5,0.432679595425725,1,radiation,False,0.25401932717974784,pooled_feature_p02_p98
GROUP_complete,supervised,CY-Bench_wheat_AU|AU-421|2011,6,weather_rad_sum,2906345970.0,0.0343580078333616,1,radiation,False,0.40502883076555996,pooled_feature_p02_p98
GROUP_complete,supervised,CY-Bench_wheat_AU|AU-421|2012,6,weather_rad_sum,3073759051.0,-0.0642264876514673,1,radiation,False,0.5006603021014818,pooled_feature_p02_p98
GROUP_complete,supervised,CY-Bench_wheat_AU|AU-421|2013,6,weather_rad_sum,2933687891.875,0.0077191423624753,1,radiation,False,0.42064737265272634,pooled_feature_p02_p98
GROUP_complete,supervised,CY-Bench_wheat_AU|AU-421|2014,6,weather_rad_sum,3129860955.5,-0.0118205286562442,1,radiation,False,0.532707425540315,pooled_feature_p02_p98
GROUP_complete,supervised,CY-Bench_wheat_AU|AU-421|2015,6,weather_rad_sum,2986004550.0,-0.0282055083662271,1,radiation,False,0.45053224760985205,pooled_feature_p02_p98
GROUP_complete,supervised,CY-Bench_wheat_AU|AU-421|2016,6,weather_rad_sum,2903866570.25,-0.049557376652956,1,radiation,False,0.40361252180866064,pooled_feature_p02_p98
GROUP_complete,supervised,CY-Bench_wheat_AU|AU-421|2017,6,weather_rad_sum,2861500591.0,0.0922700986266136,1,radiation,False,0.37941177891531025,pooled_feature_p02_p98
GROUP_complete,supervised,CY-Bench_wheat_AU|AU-421|2018,6,weather_rad_sum,2907018911.0,0.0283229183405637,1,radiation,False,0.4054132352432021,pooled_feature_p02_p98
GROUP_complete,supervised,CY-Bench_wheat_AU|AU-421|2019,6,weather_rad_sum,3048506553.0,-0.048122975975275,1,radiation,False,0.4862353030260068,pooled_feature_p02_p98
GROUP_complete,supervised,CY-Bench_wheat_AU|AU-421|2020,6,weather_rad_sum,2891637097.25,0.0655419491231441,1,radiation,False,0.396626672855478,pooled_feature_p02_p98
GROUP_complete,supervised,CY-Bench_wheat_AU|AU-421|2021,6,weather_rad_sum,2869650547.25,0.0428298898041248,1,radiation,False,0.38406728314983835,pooled_feature_p02_p98
GROUP_complete,supervised,CY-Bench_wheat_AU|AU-421|2022,6,weather_rad_sum,2693606623.25,0.4270481150597334,1,radiation,False,0.2835056103623385,pooled_feature_p02_p98
GROUP_complete,supervised,CY-Bench_wheat_AU|AU-421|2023,6,weather_rad_sum,3010696695.75,-0.0164972860366106,1,radiation,False,0.46463715634463326,pooled_feature_p02_p98
GROUP_complete,supervised,CY-Bench_wheat_AU|AU-422|2001,6,weather_rad_sum,2196410615.5,0.3032110296189785,1,radiation,False,0.0,pooled_feature_p02_p98
GROUP_complete,supervised,CY-Bench_wheat_AU|AU-422|2002,6,weather_rad_sum,2484790625.5,-0.0102376034483313,1,radiation,False,0.16422352688338357,pooled_feature_p02_p98
GROUP_complete,supervised,CY-Bench_wheat_AU|AU-422|2003,6,weather_rad_sum,2383733523.0,0.1462947400286793,1,radiation,False,0.10649661962325098,pooled_feature_p02_p98
GROUP_complete,supervised,CY-Bench_wheat_AU|AU-422|2004,6,weather_rad_sum,2353823271.375,0.1456423792988062,1,radiation,False,0.08941096924371822,pooled_feature_p02_p98
GROUP_complete,supervised,CY-Bench_wheat_AU|AU-422|2005,6,weather_rad_sum,2355174920.875,0.1650358745828271,1,radiation,False,0.09018307277137186,pooled_feature_p02_p98
GROUP_complete,supervised,CY-Bench_wheat_AU|AU-422|2006,6,weather_rad_sum,2580724790.375,-0.0541246980428695,1,radiation,False,0.21902405551339643,pooled_feature_p02_p98
GROUP_complete,supervised,CY-Bench_wheat_AU|AU-422|2007,6,weather_rad_sum,2509265484.5,-0.024821875616908,1,radiation,False,0.17820431478196616,pooled_feature_p02_p98
GROUP_complete,supervised,CY-Bench_wheat_AU|AU-422|2008,6,weather_rad_sum,2416743295.0,0.0499908253550529,1,radiation,False,0.1253528108238855,pooled_feature_p02_p98
GROUP_complete,supervised,CY-Bench_wheat_AU|AU-422|2009,6,weather_rad_sum,2417811968.0,-0.029148050583899,1,radiation,False,0.12596326952135714,pooled_feature_p02_p98
GROUP_complete,supervised,CY-Bench_wheat_AU|AU-422|2010,6,weather_rad_sum,2201350763.5,0.3033894971013069,1,radiation,False,0.002314010157443589,pooled_feature_p02_p98
GROUP_complete,supervised,CY-Bench_wheat_AU|AU-422|2011,6,weather_rad_sum,2399986261.5,0.0480121346190571,1,radiation,False,0.11578068086093278,pooled_feature_p02_p98
GROUP_complete,supervised,CY-Bench_wheat_AU|AU-422|2012,6,weather_rad_sum,2476728676.5,0.0305548934265971,1,radiation,False,0.15961829508130496,pooled_feature_p02_p98
GROUP_complete,supervised,CY-Bench_wheat_AU|AU-422|2013,6,weather_rad_sum,2444740703.25,0.0244519338011741,1,radiation,False,0.141345786573134,pooled_feature_p02_p98
GROUP_complete,supervised,CY-Bench_wheat_AU|AU-422|2014,6,weather_rad_sum,2496090745.0,-0.0117616932839155,1,radiation,False,0.1706785006978655,pooled_feature_p02_p98
GROUP_complete,supervised,CY-Bench_wheat_AU|AU-422|2015,6,weather_rad_sum,2409346525.5,0.0097005907446146,1,radiation,False,0.12112754989330343,pooled_feature_p02_p98
GROUP_complete,supervised,CY-Bench_wheat_AU|AU-422|2016,6,weather_rad_sum,2297453183.75,0.2449333304539322,1,radiation,False,0.057210651402882416,pooled_feature_p02_p98
GROUP_complete,supervised,CY-Bench_wheat_AU|AU-422|2017,6,weather_rad_sum,2359079177.25,0.0163782853633165,1,radiation,False,0.09241330340438854,pooled_feature_p02_p98
GROUP_complete,supervised,CY-Bench_wheat_AU|AU-422|2018,6,weather_rad_sum,2416037844.0,0.0011411579325795,1,radiation,False,0.12494983564009209,pooled_feature_p02_p98
GROUP_complete,supervised,CY-Bench_wheat_AU|AU-422|2019,6,weather_rad_sum,2481896962.0,-0.009075672365725,1,radiation,False,0.16257057780435638,pooled_feature_p02_p98
GROUP_complete,supervised,CY-Bench_wheat_AU|AU-422|2020,6,weather_rad_sum,2336267856.75,0.0967332357540726,1,radiation,False,0.07938277956778178,pooled_feature_p02_p98
GROUP_complete,supervised,CY-Bench_wheat_AU|AU-422|2021,6,weather_rad_sum,2348545258.0,0.1675531081855297,1,radiation,False,0.08639600660300364,pooled_feature_p02_p98
GROUP_complete,supervised,CY-Bench_wheat_AU|AU-422|2022,6,weather_rad_sum,2025362275.0,0.5455941800028086,1,radiation,False,0.0,pooled_feature_p02_p98
GROUP_complete,supervised,CY-Bench_wheat_AU|AU-422|2023,6,weather_rad_sum,2559008121.875,-0.0611427593976259,1,radiation,False,0.20661883037349554,pooled_feature_p02_p98
GROUP_complete,supervised,CY-Bench_wheat_AU|AU-431|2001,6,weather_rad_sum,2344660965.25,0.2994825579226017,2,radiation,False,0.08417717980307184,pooled_feature_p02_p98
GROUP_complete,supervised,CY-Bench_wheat_AU|AU-431|2002,6,weather_rad_sum,2568912624.0,-0.04462246969342232,2,radiation,False,0.21227658486559234,pooled_feature_p02_p98
GROUP_complete,supervised,CY-Bench_wheat_AU|AU-431|2003,6,weather_rad_sum,2546739150.0,0.05554770119488239,2,radiation,False,0.1996104184550428,pooled_feature_p02_p98
GROUP_complete,supervised,CY-Bench_wheat_AU|AU-431|2004,6,weather_rad_sum,2489781030.25,0.017722981981933117,2,radiation,False,0.16707419868246642,pooled_feature_p02_p98
GROUP_complete,supervised,CY-Bench_wheat_AU|AU-431|2005,6,weather_rad_sum,2532293266.25,0.11144165135920048,2,radiation,False,0.19135848790392782,pooled_feature_p02_p98
GROUP_complete,supervised,CY-Bench_wheat_AU|AU-431|2006,6,weather_rad_sum,2786759417.25,-0.16180686000734565,2,radiation,False,0.336717334894617,pooled_feature_p02_p98
GROUP_complete,supervised,CY-Bench_wheat_AU|AU-431|2007,6,weather_rad_sum,2669376104.0,-0.0727270105853677,2,radiation,False,0.2696643968008315,pooled_feature_p02_p98
GROUP_complete,supervised,CY-Bench_wheat_AU|AU-431|2008,6,weather_rad_sum,2504635890.5,0.058397098444402246,2,radiation,False,0.17555974911682584,pooled_feature_p02_p98
GROUP_complete,supervised,CY-Bench_wheat_AU|AU-431|2009,6,weather_rad_sum,2588753406.0,-0.08411306235939264,2,radiation,False,0.2236102462723451,pooled_feature_p02_p98
GROUP_complete,supervised,CY-Bench_wheat_AU|AU-431|2010,6,weather_rad_sum,2305153347.75,0.3645145669579506,2,radiation,False,0.06160922054962607,pooled_feature_p02_p98
GROUP_complete,supervised,CY-Bench_wheat_AU|AU-431|2011,6,weather_rad_sum,2571838203.0,0.0063912514597177505,2,radiation,False,0.21394776505419105,pooled_feature_p02_p98
GROUP_complete,supervised,CY-Bench_wheat_AU|AU-431|2012,6,weather_rad_sum,2592314268.25,-0.02523522824048996,2,radiation,False,0.2256443196802172,pooled_feature_p02_p98
GROUP_complete,supervised,CY-Bench_wheat_AU|AU-431|2013,6,weather_rad_sum,2498853870.75,0.0737821813672781,2,radiation,False,0.17225688262226646,pooled_feature_p02_p98
GROUP_complete,supervised,CY-Bench_wheat_AU|AU-431|2014,6,weather_rad_sum,2641375486.75,-0.04671784769743681,2,radiation,False,0.2536695879726522,pooled_feature_p02_p98
GROUP_complete,supervised,CY-Bench_wheat_AU|AU-431|2015,6,weather_rad_sum,2573044499.75,0.03232345264405012,2,radiation,False,0.21463683864617783,pooled_feature_p02_p98
GROUP_complete,supervised,CY-Bench_wheat_AU|AU-431|2016,6,weather_rad_sum,2471413135.5,0.2682609539479017,2,radiation,False,0.15658189551360083,pooled_feature_p02_p98
GROUP_complete,supervised,CY-Bench_wheat_AU|AU-431|2017,6,weather_rad_sum,2463696547.0,0.01977670192718506,2,radiation,False,0.15217394419019822,pooled_feature_p02_p98
GROUP_complete,supervised,CY-Bench_wheat_AU|AU-431|2018,6,weather_rad_sum,2534195514.0,-0.0021689245477318486,2,radiation,False,0.19244510998919934,pooled_feature_p02_p98
GROUP_complete,supervised,CY-Bench_wheat_AU|AU-431|2019,6,weather_rad_sum,2541790869.25,-0.006016815081238747,2,radiation,False,0.196783809172906,pooled_feature_p02_p98
GROUP_complete,supervised,CY-Bench_wheat_AU|AU-431|2020,6,weather_rad_sum,2502834397.375,0.004110850393772125,2,radiation,False,0.17453068115441675,pooled_feature_p02_p98
GROUP_complete,supervised,CY-Bench_wheat_AU|AU-431|2021,6,weather_rad_sum,2529842301.0,0.06101903785020116,2,radiation,False,0.18995842160295154,pooled_feature_p02_p98
GROUP_complete,supervised,CY-Bench_wheat_AU|AU-431|2022,6,weather_rad_sum,2193393061.0,0.7818109299987555,2,radiation,False,0.0,pooled_feature_p02_p98
GROUP_complete,supervised,CY-Bench_wheat_AU|AU-431|2023,6,weather_rad_sum,2669161287.75,0.0020086411386728426,2,radiation,False,0.26954168718978044,pooled_feature_p02_p98
GROUP_complete,supervised,CY-Bench_wheat_AU|AU-521|2001,6,weather_rad_sum,2873993761.75,0.0636935587972402,1,radiation,False,0.3865482600871334,pooled_feature_p02_p98
GROUP_complete,supervised,CY-Bench_wheat_AU|AU-521|2002,6,weather_rad_sum,3090150258.0,-0.0547744929790496,1,radiation,False,0.510023460780711,pooled_feature_p02_p98
GROUP_complete,supervised,CY-Bench_wheat_AU|AU-521|2003,6,weather_rad_sum,2899446775.25,0.0548395114019513,1,radiation,False,0.4010877997479445,pooled_feature_p02_p98
GROUP_complete,supervised,CY-Bench_wheat_AU|AU-521|2004,6,weather_rad_sum,2991284975.0,-0.0764250047504901,1,radiation,False,0.4535485878445138,pooled_feature_p02_p98
GROUP_complete,supervised,CY-Bench_wheat_AU|AU-521|2005,6,weather_rad_sum,2959461919.5,-0.0672776522114873,1,radiation,False,0.43537028539830475,pooled_feature_p02_p98
GROUP_complete,supervised,CY-Bench_wheat_AU|AU-521|2006,6,weather_rad_sum,3047422228.5,-0.0146761108189821,1,radiation,False,0.48561590371311447,pooled_feature_p02_p98
GROUP_complete,supervised,CY-Bench_wheat_AU|AU-521|2007,6,weather_rad_sum,3033380884.25,-0.0444369819015264,1,radiation,False,0.47759505849516115,pooled_feature_p02_p98
GROUP_complete,supervised,CY-Bench_wheat_AU|AU-521|2008,6,weather_rad_sum,2793496811.25,0.2419587634503841,1,radiation,False,0.3405659403759881,pooled_feature_p02_p98
GROUP_complete,supervised,CY-Bench_wheat_AU|AU-521|2009,6,weather_rad_sum,2971777001.5,-0.0314392950385808,1,radiation,False,0.44240503683019866,pooled_feature_p02_p98
GROUP_complete,supervised,CY-Bench_wheat_AU|AU-521|2010,6,weather_rad_sum,3132664098.5,-0.0531826615333557,1,radiation,False,0.5343086665416379,pooled_feature_p02_p98
GROUP_complete,supervised,CY-Bench_wheat_AU|AU-521|2011,6,weather_rad_sum,2845454615.75,0.1807741485536098,1,radiation,False,0.3702458271688199,pooled_feature_p02_p98
GROUP_complete,supervised,CY-Bench_wheat_AU|AU-521|2012,6,weather_rad_sum,3026084852.25,-0.0392623841762542,1,radiation,False,0.4734273419051178,pooled_feature_p02_p98
GROUP_complete,supervised,CY-Bench_wheat_AU|AU-521|2013,6,weather_rad_sum,2994702052.0,0.002495864406228,1,radiation,False,0.455500526720653,pooled_feature_p02_p98
GROUP_complete,supervised,CY-Bench_wheat_AU|AU-521|2014,6,weather_rad_sum,3003694777.0,0.0061862841248512,1,radiation,False,0.46063744623693215,pooled_feature_p02_p98
GROUP_complete,supervised,CY-Bench_wheat_AU|AU-521|2015,6,weather_rad_sum,2996495769.0,0.0136227943003177,1,radiation,False,0.45652515272266925,pooled_feature_p02_p98
GROUP_complete,supervised,CY-Bench_wheat_AU|AU-521|2016,6,weather_rad_sum,3047894618.5,-0.1045826319605112,1,radiation,False,0.48588574732673495,pooled_feature_p02_p98
GROUP_complete,supervised,CY-Bench_wheat_AU|AU-521|2017,6,weather_rad_sum,2958594601.0,-0.0038257110863924,1,radiation,False,0.4348748465486257,pooled_feature_p02_p98
GROUP_complete,supervised,CY-Bench_wheat_AU|AU-521|2018,6,weather_rad_sum,2930162899.25,0.0042590070515871,1,radiation,False,0.41863378907154236,pooled_feature_p02_p98
GROUP_complete,supervised,CY-Bench_wheat_AU|AU-521|2019,6,weather_rad_sum,3237880809.5,-0.0270723588764667,1,radiation,False,0.5944116693772196,pooled_feature_p02_p98
GROUP_complete,supervised,CY-Bench_wheat_AU|AU-521|2020,6,weather_rad_sum,3036195889.0,-0.0355923995375633,1,radiation,False,0.4792030752908147,pooled_feature_p02_p98
GROUP_complete,supervised,CY-Bench_wheat_AU|AU-521|2021,6,weather_rad_sum,2956763450.75,-0.0239912616088986,1,radiation,False,0.43382883752950585,pooled_feature_p02_p98
GROUP_complete,supervised,CY-Bench_wheat_AU|AU-521|2022,6,weather_rad_sum,2862782374.0,0.0842908956110477,1,radiation,False,0.38014397256165605,pooled_feature_p02_p98
GROUP_complete,supervised,CY-Bench_wheat_AU|AU-521|2023,6,weather_rad_sum,3144999992.5,-0.0032637454569339,1,radiation,False,0.5413553064243599,pooled_feature_p02_p98
GROUP_complete,supervised,CY-Bench_wheat_AU|AU-522|2001,6,weather_rad_sum,3051255393.4379997,0.1181841567158699,1,radiation,False,0.48780552474335037,pooled_feature_p02_p98
GROUP_complete,supervised,CY-Bench_wheat_AU|AU-522|2002,6,weather_rad_sum,3156648676.0,-0.0162625797092914,1,radiation,False,0.5480093906546805,pooled_feature_p02_p98
GROUP_complete,supervised,CY-Bench_wheat_AU|AU-522|2003,6,weather_rad_sum,2964162801.625,0.1295955721288919,1,radiation,False,0.43805557302042597,pooled_feature_p02_p98
GROUP_complete,supervised,CY-Bench_wheat_AU|AU-522|2004,6,weather_rad_sum,3001346741.25,0.1181317716836929,1,radiation,False,0.45929617641392567,pooled_feature_p02_p98
GROUP_complete,supervised,CY-Bench_wheat_AU|AU-522|2005,6,weather_rad_sum,3070097648.75,0.041757320985198,1,radiation,False,0.49856879717111047,pooled_feature_p02_p98
GROUP_complete,supervised,CY-Bench_wheat_AU|AU-522|2006,6,weather_rad_sum,3155983908.0,-0.0018947832286357,1,radiation,False,0.5476296548445675,pooled_feature_p02_p98
GROUP_complete,supervised,CY-Bench_wheat_AU|AU-522|2007,6,weather_rad_sum,3127300345.0,0.0770263038575649,1,radiation,False,0.5312447265196022,pooled_feature_p02_p98
GROUP_complete,supervised,CY-Bench_wheat_AU|AU-522|2008,6,weather_rad_sum,2915071532.75,0.2756797149777412,1,radiation,False,0.4100131390348547,pooled_feature_p02_p98
GROUP_complete,supervised,CY-Bench_wheat_AU|AU-522|2009,6,weather_rad_sum,3001205810.5,0.1552455052733421,1,radiation,False,0.45921567245988293,pooled_feature_p02_p98
GROUP_complete,supervised,CY-Bench_wheat_AU|AU-522|2010,6,weather_rad_sum,3202224330.0,-0.0379371847957372,1,radiation,False,0.574043597916638,pooled_feature_p02_p98
GROUP_complete,supervised,CY-Bench_wheat_AU|AU-522|2011,6,weather_rad_sum,2945503236.0,0.4057126045227051,1,radiation,False,0.4273966585285056,pooled_feature_p02_p98
GROUP_complete,supervised,CY-Bench_wheat_AU|AU-522|2012,6,weather_rad_sum,3152250439.5,-0.0289020240306854,1,radiation,False,0.5454969834684202,pooled_feature_p02_p98
GROUP_complete,supervised,CY-Bench_wheat_AU|AU-522|2013,6,weather_rad_sum,3058958742.25,0.1384275760501623,1,radiation,False,0.49220591315209966,pooled_feature_p02_p98
GROUP_complete,supervised,CY-Bench_wheat_AU|AU-522|2014,6,weather_rad_sum,3067923930.5,0.1955732442438602,1,radiation,False,0.4973271028347089,pooled_feature_p02_p98
GROUP_complete,supervised,CY-Bench_wheat_AU|AU-522|2015,6,weather_rad_sum,3086879115.75,0.1253815442323684,1,radiation,False,0.5081548842964363,pooled_feature_p02_p98
GROUP_complete,supervised,CY-Bench_wheat_AU|AU-522|2016,6,weather_rad_sum,3041711769.0,0.0257527455687522,1,radiation,False,0.48235391462165755,pooled_feature_p02_p98
GROUP_complete,supervised,CY-Bench_wheat_AU|AU-522|2017,6,weather_rad_sum,3077892105.5,0.1291713900864124,1,radiation,False,0.5030212292201133,pooled_feature_p02_p98
GROUP_complete,supervised,CY-Bench_wheat_AU|AU-522|2018,6,weather_rad_sum,2973332227.0,0.2812452726066112,1,radiation,False,0.44329342919437803,pooled_feature_p02_p98
GROUP_complete,supervised,CY-Bench_wheat_AU|AU-522|2019,6,weather_rad_sum,3280488883.5,0.0412538759410381,1,radiation,False,0.6187507041949937,pooled_feature_p02_p98
GROUP_complete,supervised,CY-Bench_wheat_AU|AU-522|2020,6,weather_rad_sum,3084466440.5,0.1450332775712013,1,radiation,False,0.5067766904143628,pooled_feature_p02_p98
GROUP_complete,supervised,CY-Bench_wheat_AU|AU-522|2021,6,weather_rad_sum,2972951675.5,0.1138695795089006,1,radiation,False,0.44307604654036614,pooled_feature_p02_p98
GROUP_complete,supervised,CY-Bench_wheat_AU|AU-522|2022,6,weather_rad_sum,2964992599.75,0.0810682214796543,1,radiation,False,0.43852957908453716,pooled_feature_p02_p98
GROUP_complete,supervised,CY-Bench_wheat_AU|AU-522|2023,6,weather_rad_sum,3203211070.5,0.0258949231356382,1,radiation,False,0.5746072542646252,pooled_feature_p02_p98
GROUP_complete,supervised,CY-Bench_wheat_AU|AU-111|2001,7,weather_et0_sum,651.4119999999999,-0.2548349779099226,1,water_balance,False,0.3792902791567358,pooled_feature_p02_p98
GROUP_complete,supervised,CY-Bench_wheat_AU|AU-111|2002,7,weather_et0_sum,789.7,0.0371223930269479,1,water_balance,False,0.5889906054896763,pooled_feature_p02_p98
GROUP_complete,supervised,CY-Bench_wheat_AU|AU-111|2003,7,weather_et0_sum,670.439,-0.2198745980858802,1,water_balance,False,0.4081428774236633,pooled_feature_p02_p98
GROUP_complete,supervised,CY-Bench_wheat_AU|AU-111|2004,7,weather_et0_sum,695.8240000000001,-0.1514764223247766,1,water_balance,False,0.4466367654252376,pooled_feature_p02_p98
GROUP_complete,supervised,CY-Bench_wheat_AU|AU-111|2005,7,weather_et0_sum,657.732,-0.2376590892672538,1,water_balance,False,0.38887394558060623,pooled_feature_p02_p98
GROUP_complete,supervised,CY-Bench_wheat_AU|AU-111|2006,7,weather_et0_sum,754.3169999999999,0.0129503291100263,1,water_balance,False,0.5353357211422386,pooled_feature_p02_p98
GROUP_complete,supervised,CY-Bench_wheat_AU|AU-111|2007,7,weather_et0_sum,716.7239999999999,-0.0626734029501676,1,water_balance,False,0.478329586352277,pooled_feature_p02_p98
GROUP_complete,supervised,CY-Bench_wheat_AU|AU-111|2008,7,weather_et0_sum,699.0120000000001,-0.1479712761938572,1,water_balance,False,0.4514710579187975,pooled_feature_p02_p98
GROUP_complete,supervised,CY-Bench_wheat_AU|AU-111|2009,7,weather_et0_sum,742.813,-0.0063502024859189,1,water_balance,False,0.5178910220061305,pooled_feature_p02_p98
GROUP_complete,supervised,CY-Bench_wheat_AU|AU-111|2010,7,weather_et0_sum,530.0989999999999,-0.7500928416848183,1,water_balance,False,0.19533089230879544,pooled_feature_p02_p98
GROUP_complete,supervised,CY-Bench_wheat_AU|AU-111|2011,7,weather_et0_sum,682.601,-0.137867871671915,1,water_balance,False,0.4265853696779531,pooled_feature_p02_p98
GROUP_complete,supervised,CY-Bench_wheat_AU|AU-111|2012,7,weather_et0_sum,732.143,-0.0332324169576168,1,water_balance,False,0.5017110029012735,pooled_feature_p02_p98
GROUP_complete,supervised,CY-Bench_wheat_AU|AU-111|2013,7,weather_et0_sum,758.6750000000001,0.0113797634840011,1,water_balance,False,0.541944205046547,pooled_feature_p02_p98
GROUP_complete,supervised,CY-Bench_wheat_AU|AU-111|2014,7,weather_et0_sum,755.6540000000001,0.0130050014704465,1,water_balance,False,0.5373631518398204,pooled_feature_p02_p98
GROUP_complete,supervised,CY-Bench_wheat_AU|AU-111|2015,7,weather_et0_sum,706.6480000000001,-0.0880287140607833,1,water_balance,False,0.46305031057903084,pooled_feature_p02_p98
GROUP_complete,supervised,CY-Bench_wheat_AU|AU-111|2016,7,weather_et0_sum,617.591,-0.3218591716140508,1,water_balance,False,0.32800401616279307,pooled_feature_p02_p98
GROUP_complete,supervised,CY-Bench_wheat_AU|AU-111|2017,7,weather_et0_sum,733.2310000000001,-0.0350423231720924,1,water_balance,False,0.5033608492729779,pooled_feature_p02_p98
GROUP_complete,supervised,CY-Bench_wheat_AU|AU-111|2018,7,weather_et0_sum,752.183,-0.0083747636526823,1,water_balance,False,0.5320997173212674,pooled_feature_p02_p98
GROUP_complete,supervised,CY-Bench_wheat_AU|AU-111|2019,7,weather_et0_sum,765.731,0.0265982169657945,1,water_balance,False,0.5526439440159818,pooled_feature_p02_p98
GROUP_complete,supervised,CY-Bench_wheat_AU|AU-111|2020,7,weather_et0_sum,701.691,-0.0914544835686683,1,water_balance,False,0.45553350132853615,pooled_feature_p02_p98
GROUP_complete,supervised,CY-Bench_wheat_AU|AU-111|2021,7,weather_et0_sum,633.509,-0.2633155062794685,1,water_balance,False,0.35214211776645893,pooled_feature_p02_p98
GROUP_complete,supervised,CY-Bench_wheat_AU|AU-111|2022,7,weather_et0_sum,528.925,-0.748738856986165,1,water_balance,False,0.19355063528638664,pooled_feature_p02_p98
GROUP_complete,supervised,CY-Bench_wheat_AU|AU-111|2023,7,weather_et0_sum,722.89,-0.040650276467204,1,water_balance,False,0.4876797267272113,pooled_feature_p02_p98
GROUP_complete,supervised,CY-Bench_wheat_AU|AU-123|2001,7,weather_et0_sum,606.193,-0.5816596448421478,1,water_balance,False,0.31072005573569267,pooled_feature_p02_p98
GROUP_complete,supervised,CY-Bench_wheat_AU|AU-123|2002,7,weather_et0_sum,742.5830000000001,-0.0600159391760826,1,water_balance,False,0.5175422493356416,pooled_feature_p02_p98
GROUP_complete,supervised,CY-Bench_wheat_AU|AU-123|2003,7,weather_et0_sum,595.9759999999999,-0.6472699176520109,1,water_balance,False,0.2952269671514072,pooled_feature_p02_p98
GROUP_complete,supervised,CY-Bench_wheat_AU|AU-123|2004,7,weather_et0_sum,610.557,-0.6589924823492765,1,water_balance,False,0.3173376380574918,pooled_feature_p02_p98
GROUP_complete,supervised,CY-Bench_wheat_AU|AU-123|2005,7,weather_et0_sum,599.4499999999999,-0.6620803698897362,1,water_balance,False,0.30049495087870565,pooled_feature_p02_p98
GROUP_complete,supervised,CY-Bench_wheat_AU|AU-123|2006,7,weather_et0_sum,747.6659999999999,-0.0324109867215156,1,water_balance,False,0.5252501253534473,pooled_feature_p02_p98
GROUP_complete,supervised,CY-Bench_wheat_AU|AU-123|2007,7,weather_et0_sum,684.5999999999999,-0.2550030406564474,1,water_balance,False,0.4296166591053765,pooled_feature_p02_p98
GROUP_complete,supervised,CY-Bench_wheat_AU|AU-123|2008,7,weather_et0_sum,672.182,-0.3575521744787693,1,water_balance,False,0.4107859677048035,pooled_feature_p02_p98
GROUP_complete,supervised,CY-Bench_wheat_AU|AU-123|2009,7,weather_et0_sum,701.019,-0.1774067264050245,1,water_balance,False,0.4545144785695423,pooled_feature_p02_p98
GROUP_complete,supervised,CY-Bench_wheat_AU|AU-123|2010,7,weather_et0_sum,517.706,-0.2899752240628004,1,water_balance,False,0.1765381109811017,pooled_feature_p02_p98
GROUP_complete,supervised,CY-Bench_wheat_AU|AU-123|2011,7,weather_et0_sum,642.909,-0.4916808940470218,1,water_balance,False,0.36639630516905086,pooled_feature_p02_p98
GROUP_complete,supervised,CY-Bench_wheat_AU|AU-123|2012,7,weather_et0_sum,672.224,-0.2569050677120685,1,water_balance,False,0.4108496566272407,pooled_feature_p02_p98
GROUP_complete,supervised,CY-Bench_wheat_AU|AU-123|2013,7,weather_et0_sum,669.7120000000001,-0.3005234226584434,1,water_balance,False,0.40704045250433535,pooled_feature_p02_p98
GROUP_complete,supervised,CY-Bench_wheat_AU|AU-123|2014,7,weather_et0_sum,701.248,-0.1967713441699743,1,water_balance,False,0.45486173483711617,pooled_feature_p02_p98
GROUP_complete,supervised,CY-Bench_wheat_AU|AU-123|2015,7,weather_et0_sum,659.424,-0.3413735143840313,1,water_balance,False,0.3914396993130728,pooled_feature_p02_p98
GROUP_complete,supervised,CY-Bench_wheat_AU|AU-123|2016,7,weather_et0_sum,568.888,-0.4365142080932855,1,water_balance,False,0.2541506449852998,pooled_feature_p02_p98
GROUP_complete,supervised,CY-Bench_wheat_AU|AU-123|2017,7,weather_et0_sum,658.764,-0.360918303951621,1,water_balance,False,0.3904388733890611,pooled_feature_p02_p98
GROUP_complete,supervised,CY-Bench_wheat_AU|AU-123|2018,7,weather_et0_sum,694.28,-0.1958797052502632,1,water_balance,False,0.44429543932421595,pooled_feature_p02_p98
GROUP_complete,supervised,CY-Bench_wheat_AU|AU-123|2019,7,weather_et0_sum,708.1279999999999,-0.1510315369814634,1,water_balance,False,0.4652945868934812,pooled_feature_p02_p98
GROUP_complete,supervised,CY-Bench_wheat_AU|AU-123|2020,7,weather_et0_sum,626.249,-0.5450427420437336,1,water_balance,False,0.3411330326023294,pooled_feature_p02_p98
GROUP_complete,supervised,CY-Bench_wheat_AU|AU-123|2021,7,weather_et0_sum,549.5809999999999,-0.6649184469133615,1,water_balance,False,0.22487345390212485,pooled_feature_p02_p98
GROUP_complete,supervised,CY-Bench_wheat_AU|AU-123|2022,7,weather_et0_sum,489.542,-0.1117476858198642,1,water_balance,False,0.13383013927827184,pooled_feature_p02_p98
GROUP_complete,supervised,CY-Bench_wheat_AU|AU-123|2023,7,weather_et0_sum,666.1859999999999,-0.2757521718740463,1,water_balance,False,0.40169361582544794,pooled_feature_p02_p98
GROUP_complete,supervised,CY-Bench_wheat_AU|AU-222|2001,7,weather_et0_sum,411.097,0.5806974060833454,1,water_balance,False,0.014875912597811498,pooled_feature_p02_p98
GROUP_complete,supervised,CY-Bench_wheat_AU|AU-222|2002,7,weather_et0_sum,525.0,0.4196444377303123,1,water_balance,False,0.187598753844347,pooled_feature_p02_p98
GROUP_complete,supervised,CY-Bench_wheat_AU|AU-222|2003,7,weather_et0_sum,450.922,0.5659066643565893,1,water_balance,False,0.07526665869443128,pooled_feature_p02_p98
GROUP_complete,supervised,CY-Bench_wheat_AU|AU-222|2004,7,weather_et0_sum,466.588,0.4429145492613315,1,water_balance,False,0.09902262676347444,pooled_feature_p02_p98
GROUP_complete,supervised,CY-Bench_wheat_AU|AU-222|2005,7,weather_et0_sum,454.884,0.5399823822081089,1,water_balance,False,0.08127464704433225,pooled_feature_p02_p98
GROUP_complete,supervised,CY-Bench_wheat_AU|AU-222|2006,7,weather_et0_sum,565.171,0.3563366625458002,1,water_balance,False,0.24851417534961537,pooled_feature_p02_p98
GROUP_complete,supervised,CY-Bench_wheat_AU|AU-222|2007,7,weather_et0_sum,518.48,0.422779131680727,1,water_balance,False,0.17771180683744278,pooled_feature_p02_p98
GROUP_complete,supervised,CY-Bench_wheat_AU|AU-222|2008,7,weather_et0_sum,491.499,0.4485931247472763,1,water_balance,False,0.13679773978325835,pooled_feature_p02_p98
GROUP_complete,supervised,CY-Bench_wheat_AU|AU-222|2009,7,weather_et0_sum,508.912,0.4340010806918144,1,water_balance,False,0.16320286374510232,pooled_feature_p02_p98
GROUP_complete,supervised,CY-Bench_wheat_AU|AU-222|2010,7,weather_et0_sum,401.2869999999999,0.5694080255925655,1,water_balance,False,0.0,pooled_feature_p02_p98
GROUP_complete,supervised,CY-Bench_wheat_AU|AU-222|2011,7,weather_et0_sum,480.045,0.4313918445259332,1,water_balance,False,0.11942886079290849,pooled_feature_p02_p98
GROUP_complete,supervised,CY-Bench_wheat_AU|AU-222|2012,7,weather_et0_sum,495.98,0.4648805726319551,1,water_balance,False,0.14359274124613222,pooled_feature_p02_p98
GROUP_complete,supervised,CY-Bench_wheat_AU|AU-222|2013,7,weather_et0_sum,459.707,0.4866600055247545,1,water_balance,False,0.08858825830419405,pooled_feature_p02_p98
GROUP_complete,supervised,CY-Bench_wheat_AU|AU-222|2014,7,weather_et0_sum,533.782,0.4031876306980848,1,water_balance,False,0.20091580424536434,pooled_feature_p02_p98
GROUP_complete,supervised,CY-Bench_wheat_AU|AU-222|2015,7,weather_et0_sum,522.117,0.4329524599015713,1,water_balance,False,0.18322696423991366,pooled_feature_p02_p98
GROUP_complete,supervised,CY-Bench_wheat_AU|AU-222|2016,7,weather_et0_sum,425.384,0.5479995124042034,1,water_balance,False,0.03654076104683618,pooled_feature_p02_p98
GROUP_complete,supervised,CY-Bench_wheat_AU|AU-222|2017,7,weather_et0_sum,485.716,0.4672508873045444,1,water_balance,False,0.1280283817248339,pooled_feature_p02_p98
GROUP_complete,supervised,CY-Bench_wheat_AU|AU-222|2018,7,weather_et0_sum,504.1470000000001,0.4447796456515789,1,water_balance,False,0.1559772038543205,pooled_feature_p02_p98
GROUP_complete,supervised,CY-Bench_wheat_AU|AU-222|2019,7,weather_et0_sum,481.342,0.4712398946285248,1,water_balance,False,0.1213956353738831,pooled_feature_p02_p98
GROUP_complete,supervised,CY-Bench_wheat_AU|AU-222|2020,7,weather_et0_sum,469.096,0.4580780249089002,1,water_balance,False,0.10282576527471916,pooled_feature_p02_p98
GROUP_complete,supervised,CY-Bench_wheat_AU|AU-222|2021,7,weather_et0_sum,450.464,0.5096176378428936,1,water_balance,False,0.07457214615928366,pooled_feature_p02_p98
GROUP_complete,supervised,CY-Bench_wheat_AU|AU-222|2022,7,weather_et0_sum,357.591,0.3927886737510562,1,water_balance,False,0.0,pooled_feature_p02_p98
GROUP_complete,supervised,CY-Bench_wheat_AU|AU-222|2023,7,weather_et0_sum,482.879,0.5508338436484337,1,water_balance,False,0.12372634665449846,pooled_feature_p02_p98
GROUP_complete,supervised,CY-Bench_wheat_AU|AU-231|2001,7,weather_et0_sum,395.8,-0.0256127007305622,1,water_balance,False,0.0,pooled_feature_p02_p98
GROUP_complete,supervised,CY-Bench_wheat_AU|AU-231|2002,7,weather_et0_sum,493.879,0.0484259165823459,1,water_balance,False,0.1404067787213614,pooled_feature_p02_p98
GROUP_complete,supervised,CY-Bench_wheat_AU|AU-231|2003,7,weather_et0_sum,446.592,0.1482677347958088,1,water_balance,False,0.0687006340717479,pooled_feature_p02_p98
GROUP_complete,supervised,CY-Bench_wheat_AU|AU-231|2004,7,weather_et0_sum,438.916,0.1481130961328745,1,water_balance,False,0.05706072529490791,pooled_feature_p02_p98
GROUP_complete,supervised,CY-Bench_wheat_AU|AU-231|2005,7,weather_et0_sum,460.201,-0.0147604141384363,1,water_balance,False,0.08933736134428774,pooled_feature_p02_p98
GROUP_complete,supervised,CY-Bench_wheat_AU|AU-231|2006,7,weather_et0_sum,548.191,-0.3674299344420433,1,water_balance,False,0.22276565385003963,pooled_feature_p02_p98
GROUP_complete,supervised,CY-Bench_wheat_AU|AU-231|2007,7,weather_et0_sum,491.799,-0.1567918434739112,1,water_balance,False,0.13725266065780908,pooled_feature_p02_p98
GROUP_complete,supervised,CY-Bench_wheat_AU|AU-231|2008,7,weather_et0_sum,471.7059999999999,0.1055547464638948,1,water_balance,False,0.10678357688331104,pooled_feature_p02_p98
GROUP_complete,supervised,CY-Bench_wheat_AU|AU-231|2009,7,weather_et0_sum,482.206,-0.3289933409541845,1,water_balance,False,0.12270580749258948,pooled_feature_p02_p98
GROUP_complete,supervised,CY-Bench_wheat_AU|AU-231|2010,7,weather_et0_sum,391.411,-0.0392381213605403,1,water_balance,False,0.0,pooled_feature_p02_p98
GROUP_complete,supervised,CY-Bench_wheat_AU|AU-231|2011,7,weather_et0_sum,457.9309999999999,-0.1522561181336641,1,water_balance,False,0.08589512672685316,pooled_feature_p02_p98
GROUP_complete,supervised,CY-Bench_wheat_AU|AU-231|2012,7,weather_et0_sum,466.1470000000001,0.0033652894198894,1,water_balance,False,0.09835389307788488,pooled_feature_p02_p98
GROUP_complete,supervised,CY-Bench_wheat_AU|AU-231|2013,7,weather_et0_sum,432.611,0.014039047062397,1,water_balance,False,0.0474998049147651,pooled_feature_p02_p98
GROUP_complete,supervised,CY-Bench_wheat_AU|AU-231|2014,7,weather_et0_sum,485.861,-0.3683529775589704,1,water_balance,False,0.12824826014753343,pooled_feature_p02_p98
GROUP_complete,supervised,CY-Bench_wheat_AU|AU-231|2015,7,weather_et0_sum,499.07,-0.1090179216116666,1,water_balance,False,0.1482784262540055,pooled_feature_p02_p98
GROUP_complete,supervised,CY-Bench_wheat_AU|AU-231|2016,7,weather_et0_sum,420.406,0.1400284357368946,1,water_balance,False,0.028992107335123096,pooled_feature_p02_p98
GROUP_complete,supervised,CY-Bench_wheat_AU|AU-231|2017,7,weather_et0_sum,459.523,-0.2448133174329996,1,water_balance,False,0.08830924016780292,pooled_feature_p02_p98
GROUP_complete,supervised,CY-Bench_wheat_AU|AU-231|2018,7,weather_et0_sum,484.581,-0.031712619587779,1,water_balance,False,0.1263072644161167,pooled_feature_p02_p98
GROUP_complete,supervised,CY-Bench_wheat_AU|AU-231|2019,7,weather_et0_sum,458.481,-0.0049417279660701,1,water_balance,False,0.0867291483301964,pooled_feature_p02_p98
GROUP_complete,supervised,CY-Bench_wheat_AU|AU-231|2020,7,weather_et0_sum,437.79100000000005,-0.069870101287961,1,water_balance,False,0.05535477201534247,pooled_feature_p02_p98
GROUP_complete,supervised,CY-Bench_wheat_AU|AU-231|2021,7,weather_et0_sum,419.8349999999999,0.1087513193488121,1,water_balance,False,0.028126241270561268,pooled_feature_p02_p98
GROUP_complete,supervised,CY-Bench_wheat_AU|AU-231|2022,7,weather_et0_sum,370.595,-0.079390225932002,1,water_balance,False,0.0,pooled_feature_p02_p98
GROUP_complete,supervised,CY-Bench_wheat_AU|AU-231|2023,7,weather_et0_sum,467.057,-0.2181374039500951,1,water_balance,False,0.09973381973068886,pooled_feature_p02_p98
GROUP_complete,supervised,CY-Bench_wheat_AU|AU-312|2003,7,weather_et0_sum,996.2629999999998,0.2126742620021104,1,water_balance,False,0.9022233408558041,pooled_feature_p02_p98
GROUP_complete,supervised,CY-Bench_wheat_AU|AU-312|2009,7,weather_et0_sum,1025.38,0.1722153108566999,1,water_balance,False,0.9463764445367908,pooled_feature_p02_p98
GROUP_complete,supervised,CY-Bench_wheat_AU|AU-322|2001,7,weather_et0_sum,818.5660000000001,0.0904486998915672,1,water_balance,False,0.6327630920389551,pooled_feature_p02_p98
GROUP_complete,supervised,CY-Bench_wheat_AU|AU-322|2002,7,weather_et0_sum,986.957,0.2714968007057905,1,water_balance,False,0.8881116953272383,pooled_feature_p02_p98
GROUP_complete,supervised,CY-Bench_wheat_AU|AU-322|2003,7,weather_et0_sum,878.4590000000001,0.1594944931566715,1,water_balance,False,0.7235850118371934,pooled_feature_p02_p98
GROUP_complete,supervised,CY-Bench_wheat_AU|AU-322|2004,7,weather_et0_sum,878.0699999999999,0.1546224653720855,1,water_balance,False,0.7229951311031924,pooled_feature_p02_p98
GROUP_complete,supervised,CY-Bench_wheat_AU|AU-322|2005,7,weather_et0_sum,853.27,0.132762711495161,1,water_balance,False,0.6853883388069923,pooled_feature_p02_p98
GROUP_complete,supervised,CY-Bench_wheat_AU|AU-322|2006,7,weather_et0_sum,934.935,0.2075266726315021,1,water_balance,False,0.8092253828742979,pooled_feature_p02_p98
GROUP_complete,supervised,CY-Bench_wheat_AU|AU-322|2007,7,weather_et0_sum,826.3889999999999,0.104607880115509,1,water_balance,False,0.6446259120443246,pooled_feature_p02_p98
GROUP_complete,supervised,CY-Bench_wheat_AU|AU-322|2008,7,weather_et0_sum,823.3410000000001,0.0978662688285112,1,water_balance,False,0.6400039159588888,pooled_feature_p02_p98
GROUP_complete,supervised,CY-Bench_wheat_AU|AU-322|2009,7,weather_et0_sum,977.4140000000002,0.2415601816028356,1,water_balance,False,0.8736406623077775,pooled_feature_p02_p98
GROUP_complete,supervised,CY-Bench_wheat_AU|AU-322|2010,7,weather_et0_sum,658.222,-0.0537788048386573,1,water_balance,False,0.38961698300903924,pooled_feature_p02_p98
GROUP_complete,supervised,CY-Bench_wheat_AU|AU-322|2011,7,weather_et0_sum,793.7600000000001,0.0644448138773441,1,water_balance,False,0.595147201325264,pooled_feature_p02_p98
GROUP_complete,supervised,CY-Bench_wheat_AU|AU-322|2012,7,weather_et0_sum,909.51,0.1692912969738245,1,water_balance,False,0.7706708387561171,pooled_feature_p02_p98
GROUP_complete,supervised,CY-Bench_wheat_AU|AU-322|2013,7,weather_et0_sum,961.138,0.2158079296350479,1,water_balance,False,0.8489596884604808,pooled_feature_p02_p98
GROUP_complete,supervised,CY-Bench_wheat_AU|AU-322|2014,7,weather_et0_sum,944.072,0.2103239819407463,1,water_balance,False,0.8230807563102005,pooled_feature_p02_p98
GROUP_complete,supervised,CY-Bench_wheat_AU|AU-322|2015,7,weather_et0_sum,879.002,0.1733227930963039,1,water_balance,False,0.7244084186201302,pooled_feature_p02_p98
GROUP_complete,supervised,CY-Bench_wheat_AU|AU-322|2016,7,weather_et0_sum,830.285,0.1049872152507305,1,water_balance,False,0.6505338178018246,pooled_feature_p02_p98
GROUP_complete,supervised,CY-Bench_wheat_AU|AU-322|2017,7,weather_et0_sum,897.1659999999999,0.185390617698431,1,water_balance,False,0.7519523611712664,pooled_feature_p02_p98
GROUP_complete,supervised,CY-Bench_wheat_AU|AU-322|2018,7,weather_et0_sum,927.444,0.2097611743956804,1,water_balance,False,0.7978660086367643,pooled_feature_p02_p98
GROUP_complete,supervised,CY-Bench_wheat_AU|AU-322|2019,7,weather_et0_sum,1019.159,0.3129643406718969,1,water_balance,False,0.9369429020015221,pooled_feature_p02_p98
GROUP_complete,supervised,CY-Bench_wheat_AU|AU-322|2020,7,weather_et0_sum,930.422,0.2097790520638227,1,water_balance,False,0.8023818565181388,pooled_feature_p02_p98
GROUP_complete,supervised,CY-Bench_wheat_AU|AU-322|2021,7,weather_et0_sum,803.9559999999999,0.0733911171555519,1,water_balance,False,0.6106084454483305,pooled_feature_p02_p98
GROUP_complete,supervised,CY-Bench_wheat_AU|AU-322|2022,7,weather_et0_sum,740.219,0.0270246490836143,1,water_balance,False,0.5139574728441813,pooled_feature_p02_p98
GROUP_complete,supervised,CY-Bench_wheat_AU|AU-322|2023,7,weather_et0_sum,924.807,0.1962048262357711,1,water_balance,False,0.7938672541494628,pooled_feature_p02_p98
GROUP_complete,supervised,CY-Bench_wheat_AU|AU-331|2001,7,weather_et0_sum,793.088,0.0770952366292476,1,water_balance,False,0.59412817856627,pooled_feature_p02_p98
GROUP_complete,supervised,CY-Bench_wheat_AU|AU-331|2002,7,weather_et0_sum,856.862,0.1219477783888578,1,water_balance,False,0.6908352580782806,pooled_feature_p02_p98
GROUP_complete,supervised,CY-Bench_wheat_AU|AU-331|2003,7,weather_et0_sum,798.3649999999999,0.0940083507448434,1,water_balance,False,0.6021302367496185,pooled_feature_p02_p98
GROUP_complete,supervised,CY-Bench_wheat_AU|AU-331|2004,7,weather_et0_sum,798.548,0.0800069496035575,1,water_balance,False,0.6024077384830947,pooled_feature_p02_p98
GROUP_complete,supervised,CY-Bench_wheat_AU|AU-331|2005,7,weather_et0_sum,774.6589999999999,0.0480321533977985,1,water_balance,False,0.5661823892426137,pooled_feature_p02_p98
GROUP_complete,supervised,CY-Bench_wheat_AU|AU-331|2006,7,weather_et0_sum,792.2270000000001,0.0922435950487852,1,water_balance,False,0.5928225556563094,pooled_feature_p02_p98
GROUP_complete,supervised,CY-Bench_wheat_AU|AU-331|2007,7,weather_et0_sum,733.317,0.0098262056708335,1,water_balance,False,0.5034912599236823,pooled_feature_p02_p98
GROUP_complete,supervised,CY-Bench_wheat_AU|AU-331|2008,7,weather_et0_sum,752.394,0.0338460057973861,1,water_balance,False,0.5324196783363682,pooled_feature_p02_p98
GROUP_complete,supervised,CY-Bench_wheat_AU|AU-331|2009,7,weather_et0_sum,860.1049999999999,0.1204612534493208,1,water_balance,False,0.6957529527321747,pooled_feature_p02_p98
GROUP_complete,supervised,CY-Bench_wheat_AU|AU-331|2010,7,weather_et0_sum,617.3140000000001,-0.0960029605776071,1,water_balance,False,0.32758397255529126,pooled_feature_p02_p98
GROUP_complete,supervised,CY-Bench_wheat_AU|AU-331|2011,7,weather_et0_sum,735.636,0.0127958934754133,1,water_balance,False,0.5070077982839599,pooled_feature_p02_p98
GROUP_complete,supervised,CY-Bench_wheat_AU|AU-331|2012,7,weather_et0_sum,773.76,0.0527106709778308,1,water_balance,False,0.5648191430218766,pooled_feature_p02_p98
GROUP_complete,supervised,CY-Bench_wheat_AU|AU-331|2013,7,weather_et0_sum,811.104,0.1057715862989425,1,water_balance,False,0.6214476934859612,pooled_feature_p02_p98
GROUP_complete,supervised,CY-Bench_wheat_AU|AU-331|2014,7,weather_et0_sum,804.0920000000001,0.0918225441128015,1,water_balance,False,0.6108146762447938,pooled_feature_p02_p98
GROUP_complete,supervised,CY-Bench_wheat_AU|AU-331|2015,7,weather_et0_sum,784.4759999999999,0.0790584105998277,1,water_balance,False,0.5810689166608313,pooled_feature_p02_p98
GROUP_complete,supervised,CY-Bench_wheat_AU|AU-331|2016,7,weather_et0_sum,753.1659999999999,0.0271179564297199,1,water_balance,False,0.5335903413868788,pooled_feature_p02_p98
GROUP_complete,supervised,CY-Bench_wheat_AU|AU-331|2017,7,weather_et0_sum,773.619,0.0545524843037128,1,water_balance,False,0.5646053302108378,pooled_feature_p02_p98
GROUP_complete,supervised,CY-Bench_wheat_AU|AU-331|2018,7,weather_et0_sum,828.2090000000001,0.127019228413701,1,water_balance,False,0.6473857653499331,pooled_feature_p02_p98
GROUP_complete,supervised,CY-Bench_wheat_AU|AU-331|2019,7,weather_et0_sum,881.843,0.1309754755347967,1,water_balance,False,0.7287165193021263,pooled_feature_p02_p98
GROUP_complete,supervised,CY-Bench_wheat_AU|AU-331|2020,7,weather_et0_sum,813.95,0.1285376641899347,1,water_balance,False,0.6257633761825332,pooled_feature_p02_p98
GROUP_complete,supervised,CY-Bench_wheat_AU|AU-331|2021,7,weather_et0_sum,753.752,0.0212975088506937,1,water_balance,False,0.534478953495168,pooled_feature_p02_p98
GROUP_complete,supervised,CY-Bench_wheat_AU|AU-331|2022,7,weather_et0_sum,691.481,-0.0708180181682109,1,water_balance,False,0.44005102756465697,pooled_feature_p02_p98
GROUP_complete,supervised,CY-Bench_wheat_AU|AU-331|2023,7,weather_et0_sum,794.1650000000001,0.0826853197067976,1,water_balance,False,0.5957613445059076,pooled_feature_p02_p98
GROUP_complete,supervised,CY-Bench_wheat_AU|AU-332|2015,7,weather_et0_sum,620.489,0.1915657743811607,1,water_balance,False,0.3323985518109539,pooled_feature_p02_p98
GROUP_complete,supervised,CY-Bench_wheat_AU|AU-411|2001,7,weather_et0_sum,487.9500000000001,0.2957685720175504,1,water_balance,False,0.1314160258373224,pooled_feature_p02_p98
GROUP_complete,supervised,CY-Bench_wheat_AU|AU-411|2002,7,weather_et0_sum,611.314,0.1264954768121242,1,water_balance,False,0.31848555506427495,pooled_feature_p02_p98
GROUP_complete,supervised,CY-Bench_wheat_AU|AU-411|2003,7,weather_et0_sum,540.937,0.2800999395549297,1,water_balance,False,0.21176566710340106,pooled_feature_p02_p98
GROUP_complete,supervised,CY-Bench_wheat_AU|AU-411|2004,7,weather_et0_sum,537.039,0.2751201521605253,1,water_balance,False,0.20585472854007086,pooled_feature_p02_p98
GROUP_complete,supervised,CY-Bench_wheat_AU|AU-411|2005,7,weather_et0_sum,532.034,0.2788078170269727,1,water_balance,False,0.19826513194964823,pooled_feature_p02_p98
GROUP_complete,supervised,CY-Bench_wheat_AU|AU-411|2006,7,weather_et0_sum,612.474,0.1248244941234588,1,water_balance,False,0.3202445824458715,pooled_feature_p02_p98
GROUP_complete,supervised,CY-Bench_wheat_AU|AU-411|2007,7,weather_et0_sum,621.727,0.0901242364197969,1,water_balance,False,0.3342758586199335,pooled_feature_p02_p98
GROUP_complete,supervised,CY-Bench_wheat_AU|AU-411|2008,7,weather_et0_sum,571.192,0.2487665247172117,1,water_balance,False,0.25764443730185,pooled_feature_p02_p98
GROUP_complete,supervised,CY-Bench_wheat_AU|AU-411|2009,7,weather_et0_sum,598.379,0.1077110581099987,1,water_balance,False,0.29887088335655937,pooled_feature_p02_p98
GROUP_complete,supervised,CY-Bench_wheat_AU|AU-411|2010,7,weather_et0_sum,461.975,0.3067655861377716,1,water_balance,False,0.0920274601157982,pooled_feature_p02_p98
GROUP_complete,supervised,CY-Bench_wheat_AU|AU-411|2011,7,weather_et0_sum,556.976,0.2483009360730648,1,water_balance,False,0.2360872534598024,pooled_feature_p02_p98
GROUP_complete,supervised,CY-Bench_wheat_AU|AU-411|2012,7,weather_et0_sum,595.8159999999999,0.1727137584239244,1,water_balance,False,0.29498434268498014,pooled_feature_p02_p98
GROUP_complete,supervised,CY-Bench_wheat_AU|AU-411|2013,7,weather_et0_sum,601.899,0.1027814839035272,1,water_balance,False,0.3042086216179555,pooled_feature_p02_p98
GROUP_complete,supervised,CY-Bench_wheat_AU|AU-411|2014,7,weather_et0_sum,614.915,0.1281729638576507,1,water_balance,False,0.3239461219617998,pooled_feature_p02_p98
GROUP_complete,supervised,CY-Bench_wheat_AU|AU-411|2015,7,weather_et0_sum,567.567,0.1949346605688333,1,water_balance,False,0.2521474767343611,pooled_feature_p02_p98
GROUP_complete,supervised,CY-Bench_wheat_AU|AU-411|2016,7,weather_et0_sum,529.2139999999999,0.2621231470257044,1,water_balance,False,0.19398887572887058,pooled_feature_p02_p98
GROUP_complete,supervised,CY-Bench_wheat_AU|AU-411|2017,7,weather_et0_sum,592.36,0.1651898063719272,1,water_balance,False,0.289743654210155,pooled_feature_p02_p98
GROUP_complete,supervised,CY-Bench_wheat_AU|AU-411|2018,7,weather_et0_sum,590.565,0.1605189498513937,1,water_balance,False,0.28702171097742607,pooled_feature_p02_p98
GROUP_complete,supervised,CY-Bench_wheat_AU|AU-411|2019,7,weather_et0_sum,628.343,0.0987925380468368,1,water_balance,False,0.344308380306694,pooled_feature_p02_p98
GROUP_complete,supervised,CY-Bench_wheat_AU|AU-411|2020,7,weather_et0_sum,564.538,0.2372305151075124,1,water_balance,False,0.2475542923043131,pooled_feature_p02_p98
GROUP_complete,supervised,CY-Bench_wheat_AU|AU-411|2021,7,weather_et0_sum,546.873,0.2573109157383442,1,water_balance,False,0.22076703480784643,pooled_feature_p02_p98
GROUP_complete,supervised,CY-Bench_wheat_AU|AU-411|2022,7,weather_et0_sum,473.27,0.2895893603563308,1,water_balance,False,0.10915523104263604,pooled_feature_p02_p98
GROUP_complete,supervised,CY-Bench_wheat_AU|AU-411|2023,7,weather_et0_sum,590.623,0.1775338072329759,1,water_balance,False,0.28710966234650587,pooled_feature_p02_p98
GROUP_complete,supervised,CY-Bench_wheat_AU|AU-421|2001,7,weather_et0_sum,572.908,-0.3129857648164034,1,water_balance,False,0.26024658470428064,pooled_feature_p02_p98
GROUP_complete,supervised,CY-Bench_wheat_AU|AU-421|2002,7,weather_et0_sum,701.255,-0.0984370931982994,1,water_balance,False,0.45487234965752227,pooled_feature_p02_p98
GROUP_complete,supervised,CY-Bench_wheat_AU|AU-421|2003,7,weather_et0_sum,644.199,-0.1248064953833818,1,water_balance,False,0.3683524649296193,pooled_feature_p02_p98
GROUP_complete,supervised,CY-Bench_wheat_AU|AU-421|2004,7,weather_et0_sum,652.4870000000001,-0.1121835876256227,1,water_balance,False,0.38092041229054313,pooled_feature_p02_p98
GROUP_complete,supervised,CY-Bench_wheat_AU|AU-421|2005,7,weather_et0_sum,640.0640000000001,-0.1234994828701019,1,water_balance,False,0.3620821388753942,pooled_feature_p02_p98
GROUP_complete,supervised,CY-Bench_wheat_AU|AU-421|2006,7,weather_et0_sum,762.3489999999998,0.0011365078389644,1,water_balance,False,0.5475154693568788,pooled_feature_p02_p98
GROUP_complete,supervised,CY-Bench_wheat_AU|AU-421|2007,7,weather_et0_sum,746.0340000000001,-0.0271978043019771,1,water_balance,False,0.5227753557958912,pooled_feature_p02_p98
GROUP_complete,supervised,CY-Bench_wheat_AU|AU-421|2008,7,weather_et0_sum,674.48,-0.1107015442103147,1,water_balance,False,0.4142706616038627,pooled_feature_p02_p98
GROUP_complete,supervised,CY-Bench_wheat_AU|AU-421|2009,7,weather_et0_sum,688.286,-0.0715250261127948,1,water_balance,False,0.4352061202506908,pooled_feature_p02_p98
GROUP_complete,supervised,CY-Bench_wheat_AU|AU-421|2010,7,weather_et0_sum,540.931,-0.3929643239825964,1,water_balance,False,0.21175656868591008,pooled_feature_p02_p98
GROUP_complete,supervised,CY-Bench_wheat_AU|AU-421|2011,7,weather_et0_sum,644.843,-0.1082359720021486,1,water_balance,False,0.3693290284069884,pooled_feature_p02_p98
GROUP_complete,supervised,CY-Bench_wheat_AU|AU-421|2012,7,weather_et0_sum,701.106,-0.1157922521233558,1,water_balance,False,0.45464640562316205,pooled_feature_p02_p98
GROUP_complete,supervised,CY-Bench_wheat_AU|AU-421|2013,7,weather_et0_sum,694.637,-0.0754551105201244,1,water_balance,False,0.4448367951649314,pooled_feature_p02_p98
GROUP_complete,supervised,CY-Bench_wheat_AU|AU-421|2014,7,weather_et0_sum,727.5570000000001,-0.0544517822563648,1,water_balance,False,0.494756779132307,pooled_feature_p02_p98
GROUP_complete,supervised,CY-Bench_wheat_AU|AU-421|2015,7,weather_et0_sum,674.654,-0.1008825823664665,1,water_balance,False,0.41453451571110217,pooled_feature_p02_p98
GROUP_complete,supervised,CY-Bench_wheat_AU|AU-421|2016,7,weather_et0_sum,637.933,-0.1310070920735597,1,water_balance,False,0.35885068426316813,pooled_feature_p02_p98
GROUP_complete,supervised,CY-Bench_wheat_AU|AU-421|2017,7,weather_et0_sum,668.564,-0.0859766416251659,1,water_balance,False,0.40529962195772073,pooled_feature_p02_p98
GROUP_complete,supervised,CY-Bench_wheat_AU|AU-421|2018,7,weather_et0_sum,672.106,-0.0967831239104271,1,water_balance,False,0.41067072108325064,pooled_feature_p02_p98
GROUP_complete,supervised,CY-Bench_wheat_AU|AU-421|2019,7,weather_et0_sum,709.888,-0.0970866233110427,1,water_balance,False,0.46796345602417944,pooled_feature_p02_p98
GROUP_complete,supervised,CY-Bench_wheat_AU|AU-421|2020,7,weather_et0_sum,684.331,-0.0750982761383056,1,water_balance,False,0.4292087467211961,pooled_feature_p02_p98
GROUP_complete,supervised,CY-Bench_wheat_AU|AU-421|2021,7,weather_et0_sum,630.981,-0.1287989132106304,1,water_balance,False,0.3483086511969108,pooled_feature_p02_p98
GROUP_complete,supervised,CY-Bench_wheat_AU|AU-421|2022,7,weather_et0_sum,577.205,-0.256276324391365,1,water_balance,False,0.2667625680307634,pooled_feature_p02_p98
GROUP_complete,supervised,CY-Bench_wheat_AU|AU-421|2023,7,weather_et0_sum,674.831,-0.0903367679566145,1,water_balance,False,0.41480291902708716,pooled_feature_p02_p98
GROUP_complete,supervised,CY-Bench_wheat_AU|AU-422|2001,7,weather_et0_sum,423.297,0.121513046324253,1,water_balance,False,0.03337602816287774,pooled_feature_p02_p98
GROUP_complete,supervised,CY-Bench_wheat_AU|AU-422|2002,7,weather_et0_sum,539.558,0.0053811594843864,1,water_balance,False,0.2096745474833825,pooled_feature_p02_p98
GROUP_complete,supervised,CY-Bench_wheat_AU|AU-422|2003,7,weather_et0_sum,474.313,0.0144025534391403,1,water_balance,False,0.11073683928315768,pooled_feature_p02_p98
GROUP_complete,supervised,CY-Bench_wheat_AU|AU-422|2004,7,weather_et0_sum,478.967,-0.0030701924115419,1,water_balance,False,0.11779417845035588,pooled_feature_p02_p98
GROUP_complete,supervised,CY-Bench_wheat_AU|AU-422|2005,7,weather_et0_sum,467.564,-0.0232042632997035,1,water_balance,False,0.10050263600867973,pooled_feature_p02_p98
GROUP_complete,supervised,CY-Bench_wheat_AU|AU-422|2006,7,weather_et0_sum,555.343,-0.0104546267539262,1,water_balance,False,0.23361096749933077,pooled_feature_p02_p98
GROUP_complete,supervised,CY-Bench_wheat_AU|AU-422|2007,7,weather_et0_sum,546.441,-0.0236396640539169,1,water_balance,False,0.22011194874849324,pooled_feature_p02_p98
GROUP_complete,supervised,CY-Bench_wheat_AU|AU-422|2008,7,weather_et0_sum,511.114,0.0105523727834224,1,water_balance,False,0.16654198296430522,pooled_feature_p02_p98
GROUP_complete,supervised,CY-Bench_wheat_AU|AU-422|2009,7,weather_et0_sum,529.75,-0.0655810944736003,1,water_balance,False,0.19480166769140145,pooled_feature_p02_p98
GROUP_complete,supervised,CY-Bench_wheat_AU|AU-422|2010,7,weather_et0_sum,412.84100000000007,0.1189201194792985,1,water_balance,False,0.01752051928186699,pooled_feature_p02_p98
GROUP_complete,supervised,CY-Bench_wheat_AU|AU-422|2011,7,weather_et0_sum,498.438,-0.0198588594794273,1,water_balance,False,0.14732005961161845,pooled_feature_p02_p98
GROUP_complete,supervised,CY-Bench_wheat_AU|AU-422|2012,7,weather_et0_sum,511.973,-0.0006294064223766,1,water_balance,False,0.16784457306843578,pooled_feature_p02_p98
GROUP_complete,supervised,CY-Bench_wheat_AU|AU-422|2013,7,weather_et0_sum,514.654,-0.0352775752544403,1,water_balance,False,0.1719100492840048,pooled_feature_p02_p98
GROUP_complete,supervised,CY-Bench_wheat_AU|AU-422|2014,7,weather_et0_sum,530.944,-0.0014142226427793,1,water_balance,False,0.19661225277211358,pooled_feature_p02_p98
GROUP_complete,supervised,CY-Bench_wheat_AU|AU-422|2015,7,weather_et0_sum,505.982,0.0058831218630075,1,water_balance,False,0.15875980320365615,pooled_feature_p02_p98
GROUP_complete,supervised,CY-Bench_wheat_AU|AU-422|2016,7,weather_et0_sum,456.524,0.0577660594135522,1,water_balance,False,0.08376154782520999,pooled_feature_p02_p98
GROUP_complete,supervised,CY-Bench_wheat_AU|AU-422|2017,7,weather_et0_sum,520.01,-0.0086495801806449,1,water_balance,False,0.18003190329765187,pooled_feature_p02_p98
GROUP_complete,supervised,CY-Bench_wheat_AU|AU-422|2018,7,weather_et0_sum,537.633,0.001459764316678,1,water_balance,False,0.20675547187168156,pooled_feature_p02_p98
GROUP_complete,supervised,CY-Bench_wheat_AU|AU-422|2019,7,weather_et0_sum,531.2919999999999,0.0036456026136875,1,water_balance,False,0.19713996098659245,pooled_feature_p02_p98
GROUP_complete,supervised,CY-Bench_wheat_AU|AU-422|2020,7,weather_et0_sum,489.724,0.0033799353986978,1,water_balance,False,0.13410612460883267,pooled_feature_p02_p98
GROUP_complete,supervised,CY-Bench_wheat_AU|AU-422|2021,7,weather_et0_sum,476.583,0.0095992051064968,1,water_balance,False,0.11417907390059219,pooled_feature_p02_p98
GROUP_complete,supervised,CY-Bench_wheat_AU|AU-422|2022,7,weather_et0_sum,388.746,0.1735619027167558,1,water_balance,False,0.0,pooled_feature_p02_p98
GROUP_complete,supervised,CY-Bench_wheat_AU|AU-422|2023,7,weather_et0_sum,515.36,-0.0310273636132478,1,water_balance,False,0.1729806297421144,pooled_feature_p02_p98
GROUP_complete,supervised,CY-Bench_wheat_AU|AU-431|2001,7,weather_et0_sum,444.9329999999999,-0.0006749555468559265,2,water_balance,False,0.06618492163548176,pooled_feature_p02_p98
GROUP_complete,supervised,CY-Bench_wheat_AU|AU-431|2002,7,weather_et0_sum,549.427,0.048031360842287554,2,water_balance,False,0.22463992785318893,pooled_feature_p02_p98
GROUP_complete,supervised,CY-Bench_wheat_AU|AU-431|2003,7,weather_et0_sum,496.261,0.1381984604522586,2,water_balance,False,0.14401885046529483,pooled_feature_p02_p98
GROUP_complete,supervised,CY-Bench_wheat_AU|AU-431|2004,7,weather_et0_sum,517.1899999999999,0.021678985096514197,2,water_balance,False,0.17575564707687422,pooled_feature_p02_p98
GROUP_complete,supervised,CY-Bench_wheat_AU|AU-431|2005,7,weather_et0_sum,498.887,-0.05966363754123449,2,water_balance,False,0.14800092452052951,pooled_feature_p02_p98
GROUP_complete,supervised,CY-Bench_wheat_AU|AU-431|2006,7,weather_et0_sum,603.825,0.07213365845382214,2,water_balance,False,0.30712921363257173,pooled_feature_p02_p98
GROUP_complete,supervised,CY-Bench_wheat_AU|AU-431|2007,7,weather_et0_sum,557.634,-0.026358568109571906,2,water_balance,False,0.23708504657798385,pooled_feature_p02_p98
GROUP_complete,supervised,CY-Bench_wheat_AU|AU-431|2008,7,weather_et0_sum,529.069,0.053262480534613105,2,water_balance,False,0.19376899730617103,pooled_feature_p02_p98
GROUP_complete,supervised,CY-Bench_wheat_AU|AU-431|2009,7,weather_et0_sum,547.072,-0.02129492815583947,2,water_balance,False,0.22106879898796508,pooled_feature_p02_p98
GROUP_complete,supervised,CY-Bench_wheat_AU|AU-431|2010,7,weather_et0_sum,454.229,-0.019041837193071842,2,water_balance,False,0.08028140313489628,pooled_feature_p02_p98
GROUP_complete,supervised,CY-Bench_wheat_AU|AU-431|2011,7,weather_et0_sum,524.71,-0.046644438989460496,2,water_balance,False,0.18715899699894792,pooled_feature_p02_p98
GROUP_complete,supervised,CY-Bench_wheat_AU|AU-431|2012,7,weather_et0_sum,529.564,0.026961131021380397,2,water_balance,False,0.1945196167491799,pooled_feature_p02_p98
GROUP_complete,supervised,CY-Bench_wheat_AU|AU-431|2013,7,weather_et0_sum,517.2840000000001,-0.11900387890636924,2,water_balance,False,0.17589818895090037,pooled_feature_p02_p98
GROUP_complete,supervised,CY-Bench_wheat_AU|AU-431|2014,7,weather_et0_sum,566.2090000000001,0.031334797851741314,2,water_balance,False,0.25008820157556116,pooled_feature_p02_p98
GROUP_complete,supervised,CY-Bench_wheat_AU|AU-431|2015,7,weather_et0_sum,553.1720000000001,0.06716649048030376,2,water_balance,False,0.23031885677049838,pooled_feature_p02_p98
GROUP_complete,supervised,CY-Bench_wheat_AU|AU-431|2016,7,weather_et0_sum,479.46100000000007,0.0913275992497802,2,water_balance,False,0.11854328149044967,pooled_feature_p02_p98
GROUP_complete,supervised,CY-Bench_wheat_AU|AU-431|2017,7,weather_et0_sum,525.23,-0.02613133937120435,2,water_balance,False,0.18794752651483596,pooled_feature_p02_p98
GROUP_complete,supervised,CY-Bench_wheat_AU|AU-431|2018,7,weather_et0_sum,542.288,0.048472040332853794,2,water_balance,False,0.21381432744179488,pooled_feature_p02_p98
GROUP_complete,supervised,CY-Bench_wheat_AU|AU-431|2019,7,weather_et0_sum,528.8050000000001,0.08932590484619145,2,water_balance,False,0.19336866693656649,pooled_feature_p02_p98
GROUP_complete,supervised,CY-Bench_wheat_AU|AU-431|2020,7,weather_et0_sum,521.449,0.050686800852417946,2,water_balance,False,0.1822140070925805,pooled_feature_p02_p98
GROUP_complete,supervised,CY-Bench_wheat_AU|AU-431|2021,7,weather_et0_sum,505.52600000000007,-0.007520426996052265,2,water_balance,False,0.158068323474339,pooled_feature_p02_p98
GROUP_complete,supervised,CY-Bench_wheat_AU|AU-431|2022,7,weather_et0_sum,418.5,0.11981798335909846,2,water_balance,False,0.026101843378810292,pooled_feature_p02_p98
GROUP_complete,supervised,CY-Bench_wheat_AU|AU-431|2023,7,weather_et0_sum,521.86,0.016916297376155853,2,water_balance,False,0.18283724869071522,pooled_feature_p02_p98
GROUP_complete,supervised,CY-Bench_wheat_AU|AU-521|2001,7,weather_et0_sum,594.384,-0.2756555378437042,1,water_balance,False,0.2928128537104578,pooled_feature_p02_p98
GROUP_complete,supervised,CY-Bench_wheat_AU|AU-521|2002,7,weather_et0_sum,679.0319999999999,-0.1063395850360393,1,water_balance,False,0.4211733276737135,pooled_feature_p02_p98
GROUP_complete,supervised,CY-Bench_wheat_AU|AU-521|2003,7,weather_et0_sum,618.147,-0.1846524737775325,1,water_balance,False,0.3288471361836273,pooled_feature_p02_p98
GROUP_complete,supervised,CY-Bench_wheat_AU|AU-521|2004,7,weather_et0_sum,640.723,-0.1418641693890094,1,water_balance,False,0.3630814483964906,pooled_feature_p02_p98
GROUP_complete,supervised,CY-Bench_wheat_AU|AU-521|2005,7,weather_et0_sum,603.123,-0.2112952042371034,1,water_balance,False,0.30606469878612286,pooled_feature_p02_p98
GROUP_complete,supervised,CY-Bench_wheat_AU|AU-521|2006,7,weather_et0_sum,691.22,-0.0741235483437776,1,water_balance,False,0.43965524640379783,pooled_feature_p02_p98
GROUP_complete,supervised,CY-Bench_wheat_AU|AU-521|2007,7,weather_et0_sum,668.279,-0.106080025434494,1,water_balance,False,0.40486744712689754,pooled_feature_p02_p98
GROUP_complete,supervised,CY-Bench_wheat_AU|AU-521|2008,7,weather_et0_sum,586.758,-0.3713290765881538,1,water_balance,False,0.2812487650793763,pooled_feature_p02_p98
GROUP_complete,supervised,CY-Bench_wheat_AU|AU-521|2009,7,weather_et0_sum,641.5990000000002,-0.1395782232284546,1,water_balance,False,0.3644098173501793,pooled_feature_p02_p98
GROUP_complete,supervised,CY-Bench_wheat_AU|AU-521|2010,7,weather_et0_sum,687.4140000000001,-0.1008192561566829,1,water_balance,False,0.43388381690866334,pooled_feature_p02_p98
GROUP_complete,supervised,CY-Bench_wheat_AU|AU-521|2011,7,weather_et0_sum,612.883,-0.1757873184978962,1,water_balance,False,0.3208647912381758,pooled_feature_p02_p98
GROUP_complete,supervised,CY-Bench_wheat_AU|AU-521|2012,7,weather_et0_sum,674.143,-0.0979514122009277,1,water_balance,False,0.4137596338214507,pooled_feature_p02_p98
GROUP_complete,supervised,CY-Bench_wheat_AU|AU-521|2013,7,weather_et0_sum,655.233,-0.0962493605911731,1,water_balance,False,0.385084454695598,pooled_feature_p02_p98
GROUP_complete,supervised,CY-Bench_wheat_AU|AU-521|2014,7,weather_et0_sum,656.559,-0.0907836891710758,1,water_balance,False,0.3870952049611126,pooled_feature_p02_p98
GROUP_complete,supervised,CY-Bench_wheat_AU|AU-521|2015,7,weather_et0_sum,669.0359999999998,-0.0756902024149894,1,water_balance,False,0.40601536413368045,pooled_feature_p02_p98
GROUP_complete,supervised,CY-Bench_wheat_AU|AU-521|2016,7,weather_et0_sum,635.3729999999999,-0.1243183314800262,1,water_balance,False,0.3549686928003345,pooled_feature_p02_p98
GROUP_complete,supervised,CY-Bench_wheat_AU|AU-521|2017,7,weather_et0_sum,645.893,-0.1269789915531873,1,water_balance,False,0.3709212514679163,pooled_feature_p02_p98
GROUP_complete,supervised,CY-Bench_wheat_AU|AU-521|2018,7,weather_et0_sum,612.411,-0.1978439837694168,1,water_balance,False,0.3201490490622157,pooled_feature_p02_p98
GROUP_complete,supervised,CY-Bench_wheat_AU|AU-521|2019,7,weather_et0_sum,723.8760000000001,-0.0374104008078575,1,water_balance,False,0.4891749000015685,pooled_feature_p02_p98
GROUP_complete,supervised,CY-Bench_wheat_AU|AU-521|2020,7,weather_et0_sum,664.078,-0.1023434232920408,1,water_balance,False,0.398497038480271,pooled_feature_p02_p98
GROUP_complete,supervised,CY-Bench_wheat_AU|AU-521|2021,7,weather_et0_sum,624.454,-0.1637858636677265,1,water_balance,False,0.3384110893696003,pooled_feature_p02_p98
GROUP_complete,supervised,CY-Bench_wheat_AU|AU-521|2022,7,weather_et0_sum,582.8969999999999,-0.31544822268188,1,water_balance,False,0.2753939334239072,pooled_feature_p02_p98
GROUP_complete,supervised,CY-Bench_wheat_AU|AU-521|2023,7,weather_et0_sum,716.181,-0.0494739562273025,1,water_balance,False,0.4775061795693402,pooled_feature_p02_p98
GROUP_complete,supervised,CY-Bench_wheat_AU|AU-522|2001,7,weather_et0_sum,656.144,-0.0714541133493185,1,water_balance,False,0.38646589775131734,pooled_feature_p02_p98
GROUP_complete,supervised,CY-Bench_wheat_AU|AU-522|2002,7,weather_et0_sum,742.743,0.0321098342537879,1,water_balance,False,0.5177848738020687,pooled_feature_p02_p98
GROUP_complete,supervised,CY-Bench_wheat_AU|AU-522|2003,7,weather_et0_sum,667.994,-0.0416792556643486,1,water_balance,False,0.4044352722960743,pooled_feature_p02_p98
GROUP_complete,supervised,CY-Bench_wheat_AU|AU-522|2004,7,weather_et0_sum,671.4190000000001,0.0017513949424028,1,water_balance,False,0.4096289522805294,pooled_feature_p02_p98
GROUP_complete,supervised,CY-Bench_wheat_AU|AU-522|2005,7,weather_et0_sum,656.245,0.0148461256176233,1,water_balance,False,0.38661905444574945,pooled_feature_p02_p98
GROUP_complete,supervised,CY-Bench_wheat_AU|AU-522|2006,7,weather_et0_sum,743.177,0.0310008656233549,1,water_balance,False,0.5184429926672521,pooled_feature_p02_p98
GROUP_complete,supervised,CY-Bench_wheat_AU|AU-522|2007,7,weather_et0_sum,737.22,0.0656494218856096,1,water_balance,False,0.5094097805015884,pooled_feature_p02_p98
GROUP_complete,supervised,CY-Bench_wheat_AU|AU-522|2008,7,weather_et0_sum,648.4159999999999,-0.0063483733683824,1,water_balance,False,0.37474713602288845,pooled_feature_p02_p98
GROUP_complete,supervised,CY-Bench_wheat_AU|AU-522|2009,7,weather_et0_sum,657.146,-0.012509424239397,1,water_balance,False,0.387985333472317,pooled_feature_p02_p98
GROUP_complete,supervised,CY-Bench_wheat_AU|AU-522|2010,7,weather_et0_sum,736.595,0.0122159272432327,1,water_balance,False,0.5084620286796074,pooled_feature_p02_p98
GROUP_complete,supervised,CY-Bench_wheat_AU|AU-522|2011,7,weather_et0_sum,657.1880000000001,0.0316189117729663,1,water_balance,False,0.3880490223947543,pooled_feature_p02_p98
GROUP_complete,supervised,CY-Bench_wheat_AU|AU-522|2012,7,weather_et0_sum,739.8930000000003,0.0406626798212528,1,water_balance,False,0.5134631254938363,pooled_feature_p02_p98
GROUP_complete,supervised,CY-Bench_wheat_AU|AU-522|2013,7,weather_et0_sum,690.26,-0.0307711772620677,1,water_balance,False,0.4381994996052352,pooled_feature_p02_p98
GROUP_complete,supervised,CY-Bench_wheat_AU|AU-522|2014,7,weather_et0_sum,720.183,0.0470759663730859,1,water_balance,False,0.4835748240358479,pooled_feature_p02_p98
GROUP_complete,supervised,CY-Bench_wheat_AU|AU-522|2015,7,weather_et0_sum,725.646,0.0023172404617071,1,water_balance,False,0.49185893316141804,pooled_feature_p02_p98
GROUP_complete,supervised,CY-Bench_wheat_AU|AU-522|2016,7,weather_et0_sum,656.529,0.0461950302124023,1,water_balance,False,0.3870497128736575,pooled_feature_p02_p98
GROUP_complete,supervised,CY-Bench_wheat_AU|AU-522|2017,7,weather_et0_sum,701.2529999999999,-0.0067661330103874,1,water_balance,False,0.45486931685169185,pooled_feature_p02_p98
GROUP_complete,supervised,CY-Bench_wheat_AU|AU-522|2018,7,weather_et0_sum,660.3180000000001,0.0233358908444643,1,water_balance,False,0.3927953635192344,pooled_feature_p02_p98
GROUP_complete,supervised,CY-Bench_wheat_AU|AU-522|2019,7,weather_et0_sum,779.5160000000001,0.0436735600233078,1,water_balance,False,0.5735475582015915,pooled_feature_p02_p98
GROUP_complete,supervised,CY-Bench_wheat_AU|AU-522|2020,7,weather_et0_sum,721.264,0.0579439010471105,1,water_balance,False,0.485214055587146,pooled_feature_p02_p98
GROUP_complete,supervised,CY-Bench_wheat_AU|AU-522|2021,7,weather_et0_sum,645.723,-0.0134753957390785,1,water_balance,False,0.3706634629723374,pooled_feature_p02_p98
GROUP_complete,supervised,CY-Bench_wheat_AU|AU-522|2022,7,weather_et0_sum,625.596,-0.0888422913849353,1,water_balance,False,0.34014282149872377,pooled_feature_p02_p98
GROUP_complete,supervised,CY-Bench_wheat_AU|AU-522|2023,7,weather_et0_sum,771.4460000000001,0.0243598837405443,1,water_balance,False,0.5613101866761749,pooled_feature_p02_p98
GROUP_complete,supervised,CY-Bench_wheat_AU|AU-111|2001,8,weather_vpd_mean,16.22076300578035,0.2083740588277578,1,water_balance,False,0.45038610537511703,pooled_feature_p02_p98
GROUP_complete,supervised,CY-Bench_wheat_AU|AU-111|2002,8,weather_vpd_mean,21.43243930635838,-0.1269292458891868,1,water_balance,False,0.7348856352034101,pooled_feature_p02_p98
GROUP_complete,supervised,CY-Bench_wheat_AU|AU-111|2003,8,weather_vpd_mean,16.78935838150289,0.179438853636384,1,water_balance,False,0.48142508548937757,pooled_feature_p02_p98
GROUP_complete,supervised,CY-Bench_wheat_AU|AU-111|2004,8,weather_vpd_mean,18.20676300578035,0.0456930827349424,1,water_balance,False,0.558799604919654,pooled_feature_p02_p98
GROUP_complete,supervised,CY-Bench_wheat_AU|AU-111|2005,8,weather_vpd_mean,16.370624277456646,0.2396557740867138,1,water_balance,False,0.45856686313373834,pooled_feature_p02_p98
GROUP_complete,supervised,CY-Bench_wheat_AU|AU-111|2006,8,weather_vpd_mean,20.818034682080928,-0.0934854503720998,1,water_balance,False,0.7013459798890773,pooled_feature_p02_p98
GROUP_complete,supervised,CY-Bench_wheat_AU|AU-111|2007,8,weather_vpd_mean,19.080098265895952,-0.0077052805572748,1,water_balance,False,0.6064739915383704,pooled_feature_p02_p98
GROUP_complete,supervised,CY-Bench_wheat_AU|AU-111|2008,8,weather_vpd_mean,17.940173410404622,0.0673738867044448,1,water_balance,False,0.5442467796543746,pooled_feature_p02_p98
GROUP_complete,supervised,CY-Bench_wheat_AU|AU-111|2009,8,weather_vpd_mean,20.373473988439304,-0.0991702526807785,1,water_balance,False,0.6770779131430374,pooled_feature_p02_p98
GROUP_complete,supervised,CY-Bench_wheat_AU|AU-111|2010,8,weather_vpd_mean,12.31079768786127,0.5889019556343555,1,water_balance,False,0.2369455095979895,pooled_feature_p02_p98
GROUP_complete,supervised,CY-Bench_wheat_AU|AU-111|2011,8,weather_vpd_mean,17.612965317919077,0.1256762184202671,1,water_balance,False,0.5263848590170884,pooled_feature_p02_p98
GROUP_complete,supervised,CY-Bench_wheat_AU|AU-111|2012,8,weather_vpd_mean,19.406057803468208,-0.0269080307334661,1,water_balance,False,0.6242677549714657,pooled_feature_p02_p98
GROUP_complete,supervised,CY-Bench_wheat_AU|AU-111|2013,8,weather_vpd_mean,20.07640462427746,-0.064959080889821,1,water_balance,False,0.660861231684701,pooled_feature_p02_p98
GROUP_complete,supervised,CY-Bench_wheat_AU|AU-111|2014,8,weather_vpd_mean,21.146323699421963,-0.1138033438473939,1,water_balance,False,0.7192669069948069,pooled_feature_p02_p98
GROUP_complete,supervised,CY-Bench_wheat_AU|AU-111|2015,8,weather_vpd_mean,19.355294797687865,-0.0258171595633029,1,water_balance,False,0.6214966597529126,pooled_feature_p02_p98
GROUP_complete,supervised,CY-Bench_wheat_AU|AU-111|2016,8,weather_vpd_mean,15.036809248554912,0.3164790607988834,1,water_balance,False,0.3857554054155436,pooled_feature_p02_p98
GROUP_complete,supervised,CY-Bench_wheat_AU|AU-111|2017,8,weather_vpd_mean,19.34034682080925,-0.0131991524249315,1,water_balance,False,0.6206806665582894,pooled_feature_p02_p98
GROUP_complete,supervised,CY-Bench_wheat_AU|AU-111|2018,8,weather_vpd_mean,19.710416184971095,-0.0512798465788364,1,water_balance,False,0.6408823356635298,pooled_feature_p02_p98
GROUP_complete,supervised,CY-Bench_wheat_AU|AU-111|2019,8,weather_vpd_mean,20.372104046242775,-0.0653775800019502,1,water_balance,False,0.6770031295439944,pooled_feature_p02_p98
GROUP_complete,supervised,CY-Bench_wheat_AU|AU-111|2020,8,weather_vpd_mean,18.872809248554915,0.0294713526964187,1,water_balance,False,0.5951583179295638,pooled_feature_p02_p98
GROUP_complete,supervised,CY-Bench_wheat_AU|AU-111|2021,8,weather_vpd_mean,15.544306358381505,0.2786240056157112,1,water_balance,False,0.4134591001210014,pooled_feature_p02_p98
GROUP_complete,supervised,CY-Bench_wheat_AU|AU-111|2022,8,weather_vpd_mean,11.842005780346822,0.5023000463843346,1,water_balance,False,0.21135468822246073,pooled_feature_p02_p98
GROUP_complete,supervised,CY-Bench_wheat_AU|AU-111|2023,8,weather_vpd_mean,20.15352601156069,-0.0798481125384569,1,water_balance,False,0.6650712012139582,pooled_feature_p02_p98
GROUP_complete,supervised,CY-Bench_wheat_AU|AU-123|2001,8,weather_vpd_mean,13.442785714285714,0.2358563188463449,1,water_balance,False,0.29873945893695614,pooled_feature_p02_p98
GROUP_complete,supervised,CY-Bench_wheat_AU|AU-123|2002,8,weather_vpd_mean,17.928071428571428,-0.0602623298764228,1,water_balance,False,0.5435861461186441,pooled_feature_p02_p98
GROUP_complete,supervised,CY-Bench_wheat_AU|AU-123|2003,8,weather_vpd_mean,13.13498901098901,0.2889179736375808,1,water_balance,False,0.281937184137023,pooled_feature_p02_p98
GROUP_complete,supervised,CY-Bench_wheat_AU|AU-123|2004,8,weather_vpd_mean,13.900576923076922,0.253789734095335,1,water_balance,False,0.32372976457934216,pooled_feature_p02_p98
GROUP_complete,supervised,CY-Bench_wheat_AU|AU-123|2005,8,weather_vpd_mean,12.916456043956044,0.3865212257951498,1,water_balance,False,0.2700077159991103,pooled_feature_p02_p98
GROUP_complete,supervised,CY-Bench_wheat_AU|AU-123|2006,8,weather_vpd_mean,18.892813186813186,-0.0571670085191726,1,water_balance,False,0.5962503103521478,pooled_feature_p02_p98
GROUP_complete,supervised,CY-Bench_wheat_AU|AU-123|2007,8,weather_vpd_mean,16.449901098901098,0.0730744358152151,1,water_balance,False,0.4628944953822582,pooled_feature_p02_p98
GROUP_complete,supervised,CY-Bench_wheat_AU|AU-123|2008,8,weather_vpd_mean,15.261093406593409,0.1839288752526044,1,water_balance,False,0.3979988245823882,pooled_feature_p02_p98
GROUP_complete,supervised,CY-Bench_wheat_AU|AU-123|2009,8,weather_vpd_mean,17.219560439560436,0.080088434740901,1,water_balance,False,0.5049093305172128,pooled_feature_p02_p98
GROUP_complete,supervised,CY-Bench_wheat_AU|AU-123|2010,8,weather_vpd_mean,10.725412087912089,0.1342222392559051,1,water_balance,False,0.15040109820926548,pooled_feature_p02_p98
GROUP_complete,supervised,CY-Bench_wheat_AU|AU-123|2011,8,weather_vpd_mean,14.652587912087911,0.2602793630212545,1,water_balance,False,0.36478119610735305,pooled_feature_p02_p98
GROUP_complete,supervised,CY-Bench_wheat_AU|AU-123|2012,8,weather_vpd_mean,15.70956043956044,0.1204651743173599,1,water_balance,False,0.4224801339853646,pooled_feature_p02_p98
GROUP_complete,supervised,CY-Bench_wheat_AU|AU-123|2013,8,weather_vpd_mean,15.498895604395605,0.1523692198097705,1,water_balance,False,0.41098017828989997,pooled_feature_p02_p98
GROUP_complete,supervised,CY-Bench_wheat_AU|AU-123|2014,8,weather_vpd_mean,17.421384615384614,0.0150241684168577,1,water_balance,False,0.5159266845926362,pooled_feature_p02_p98
GROUP_complete,supervised,CY-Bench_wheat_AU|AU-123|2015,8,weather_vpd_mean,15.984005494505496,0.1057146415114402,1,water_balance,False,0.4374617799265964,pooled_feature_p02_p98
GROUP_complete,supervised,CY-Bench_wheat_AU|AU-123|2016,8,weather_vpd_mean,12.192104395604394,0.2413860019296407,1,water_balance,False,0.23046617667450997,pooled_feature_p02_p98
GROUP_complete,supervised,CY-Bench_wheat_AU|AU-123|2017,8,weather_vpd_mean,15.449104395604396,0.1391871329396963,1,water_balance,False,0.40826213237267556,pooled_feature_p02_p98
GROUP_complete,supervised,CY-Bench_wheat_AU|AU-123|2018,8,weather_vpd_mean,16.417697802197797,0.0943646114319562,1,water_balance,False,0.4611365537445563,pooled_feature_p02_p98
GROUP_complete,supervised,CY-Bench_wheat_AU|AU-123|2019,8,weather_vpd_mean,16.751571428571427,0.0098266713321208,1,water_balance,False,0.47936233835724035,pooled_feature_p02_p98
GROUP_complete,supervised,CY-Bench_wheat_AU|AU-123|2020,8,weather_vpd_mean,14.630291208791208,0.2453172281384468,1,water_balance,False,0.3635640442278456,pooled_feature_p02_p98
GROUP_complete,supervised,CY-Bench_wheat_AU|AU-123|2021,8,weather_vpd_mean,11.772543956043956,0.2642344962805509,1,water_balance,False,0.20756284559536028,pooled_feature_p02_p98
GROUP_complete,supervised,CY-Bench_wheat_AU|AU-123|2022,8,weather_vpd_mean,9.799049450549452,0.1887961812317371,1,water_balance,False,0.09983200688812238,pooled_feature_p02_p98
GROUP_complete,supervised,CY-Bench_wheat_AU|AU-123|2023,8,weather_vpd_mean,16.42557692307692,0.0703066177666187,1,water_balance,False,0.46156666606471763,pooled_feature_p02_p98
GROUP_complete,supervised,CY-Bench_wheat_AU|AU-222|2001,8,weather_vpd_mean,9.208503067484662,1.2011683881282806,1,water_balance,False,0.0675947460465199,pooled_feature_p02_p98
GROUP_complete,supervised,CY-Bench_wheat_AU|AU-222|2002,8,weather_vpd_mean,12.89446625766871,0.4688179567456245,1,water_balance,False,0.26880731837290367,pooled_feature_p02_p98
GROUP_complete,supervised,CY-Bench_wheat_AU|AU-222|2003,8,weather_vpd_mean,10.205730061349692,1.023296458646655,1,water_balance,False,0.12203224264530459,pooled_feature_p02_p98
GROUP_complete,supervised,CY-Bench_wheat_AU|AU-222|2004,8,weather_vpd_mean,11.189926380368098,0.7968703340739012,1,water_balance,False,0.1757584094044369,pooled_feature_p02_p98
GROUP_complete,supervised,CY-Bench_wheat_AU|AU-222|2005,8,weather_vpd_mean,10.544331288343558,0.9854410365223883,1,water_balance,False,0.1405161016425247,pooled_feature_p02_p98
GROUP_complete,supervised,CY-Bench_wheat_AU|AU-222|2006,8,weather_vpd_mean,14.602969325153374,0.3283602148294449,1,water_balance,False,0.3620725734225454,pooled_feature_p02_p98
GROUP_complete,supervised,CY-Bench_wheat_AU|AU-222|2007,8,weather_vpd_mean,12.957730061349691,0.4808343686163425,1,water_balance,False,0.2722608180463949,pooled_feature_p02_p98
GROUP_complete,supervised,CY-Bench_wheat_AU|AU-222|2008,8,weather_vpd_mean,11.73626380368098,0.5694882739335299,1,water_balance,False,0.20558235300639796,pooled_feature_p02_p98
GROUP_complete,supervised,CY-Bench_wheat_AU|AU-222|2009,8,weather_vpd_mean,13.035472392638038,0.5997412633150816,1,water_balance,False,0.2765046842083891,pooled_feature_p02_p98
GROUP_complete,supervised,CY-Bench_wheat_AU|AU-222|2010,8,weather_vpd_mean,9.143233128834355,1.1731555480509996,1,water_balance,False,0.06403173372822334,pooled_feature_p02_p98
GROUP_complete,supervised,CY-Bench_wheat_AU|AU-222|2011,8,weather_vpd_mean,11.690067484662576,0.7556250263005495,1,water_balance,False,0.20306054806638735,pooled_feature_p02_p98
GROUP_complete,supervised,CY-Bench_wheat_AU|AU-222|2012,8,weather_vpd_mean,11.936220858895704,0.5528188608586788,1,water_balance,False,0.216497783074096,pooled_feature_p02_p98
GROUP_complete,supervised,CY-Bench_wheat_AU|AU-222|2013,8,weather_vpd_mean,10.756484662576687,0.9554514586925508,1,water_balance,False,0.15209731500646995,pooled_feature_p02_p98
GROUP_complete,supervised,CY-Bench_wheat_AU|AU-222|2014,8,weather_vpd_mean,13.693208588957054,0.4090525098145008,1,water_balance,False,0.3124097611570583,pooled_feature_p02_p98
GROUP_complete,supervised,CY-Bench_wheat_AU|AU-222|2015,8,weather_vpd_mean,13.548300613496933,0.4377442467957735,1,water_balance,False,0.3044993982509427,pooled_feature_p02_p98
GROUP_complete,supervised,CY-Bench_wheat_AU|AU-222|2016,8,weather_vpd_mean,9.17858282208589,1.2012074552476406,1,water_balance,False,0.0659614336039659,pooled_feature_p02_p98
GROUP_complete,supervised,CY-Bench_wheat_AU|AU-222|2017,8,weather_vpd_mean,12.087085889570552,0.7125565744936466,1,water_balance,False,0.22473333490408307,pooled_feature_p02_p98
GROUP_complete,supervised,CY-Bench_wheat_AU|AU-222|2018,8,weather_vpd_mean,12.0248773006135,0.5298553965985775,1,water_balance,False,0.22133743821195737,pooled_feature_p02_p98
GROUP_complete,supervised,CY-Bench_wheat_AU|AU-222|2019,8,weather_vpd_mean,11.446092024539878,0.5804001968353987,1,water_balance,False,0.18974220293300853,pooled_feature_p02_p98
GROUP_complete,supervised,CY-Bench_wheat_AU|AU-222|2020,8,weather_vpd_mean,11.643429447852762,0.8089719749987125,1,water_balance,False,0.2005146302504564,pooled_feature_p02_p98
GROUP_complete,supervised,CY-Bench_wheat_AU|AU-222|2021,8,weather_vpd_mean,10.37277300613497,1.0443455018103125,1,water_balance,False,0.131150928555877,pooled_feature_p02_p98
GROUP_complete,supervised,CY-Bench_wheat_AU|AU-222|2022,8,weather_vpd_mean,7.657717791411043,0.8200806602835655,1,water_balance,False,0.0,pooled_feature_p02_p98
GROUP_complete,supervised,CY-Bench_wheat_AU|AU-222|2023,8,weather_vpd_mean,11.783368098159508,0.6789098344743252,1,water_balance,False,0.20815372330246726,pooled_feature_p02_p98
GROUP_complete,supervised,CY-Bench_wheat_AU|AU-231|2001,8,weather_vpd_mean,7.481342696629214,0.3923399485647678,1,water_balance,False,0.0,pooled_feature_p02_p98
GROUP_complete,supervised,CY-Bench_wheat_AU|AU-231|2002,8,weather_vpd_mean,9.77623595505618,0.0457946863025426,1,water_balance,False,0.09858664390561021,pooled_feature_p02_p98
GROUP_complete,supervised,CY-Bench_wheat_AU|AU-231|2003,8,weather_vpd_mean,8.448792134831463,0.1795383617281913,1,water_balance,False,0.02612298328157663,pooled_feature_p02_p98
GROUP_complete,supervised,CY-Bench_wheat_AU|AU-231|2004,8,weather_vpd_mean,8.42979213483146,0.4110559467226267,1,water_balance,False,0.025085794715943997,pooled_feature_p02_p98
GROUP_complete,supervised,CY-Bench_wheat_AU|AU-231|2005,8,weather_vpd_mean,8.916348314606742,0.3755776509642601,1,water_balance,False,0.051646347673879066,pooled_feature_p02_p98
GROUP_complete,supervised,CY-Bench_wheat_AU|AU-231|2006,8,weather_vpd_mean,11.843938202247193,-0.083229299634695,1,water_balance,False,0.21146017695398928,pooled_feature_p02_p98
GROUP_complete,supervised,CY-Bench_wheat_AU|AU-231|2007,8,weather_vpd_mean,9.858702247191012,0.0403349846601486,1,water_balance,False,0.10308838576099755,pooled_feature_p02_p98
GROUP_complete,supervised,CY-Bench_wheat_AU|AU-231|2008,8,weather_vpd_mean,9.30347191011236,0.0261518191546201,1,water_balance,False,0.07277898802887801,pooled_feature_p02_p98
GROUP_complete,supervised,CY-Bench_wheat_AU|AU-231|2009,8,weather_vpd_mean,9.874938202247192,0.20309828966856,1,water_balance,False,0.10397468823133404,pooled_feature_p02_p98
GROUP_complete,supervised,CY-Bench_wheat_AU|AU-231|2010,8,weather_vpd_mean,7.3396910112359555,0.442583916708827,1,water_balance,False,0.0,pooled_feature_p02_p98
GROUP_complete,supervised,CY-Bench_wheat_AU|AU-231|2011,8,weather_vpd_mean,9.158494382022472,0.3395128473639488,1,water_balance,False,0.0648648283231674,pooled_feature_p02_p98
GROUP_complete,supervised,CY-Bench_wheat_AU|AU-231|2012,8,weather_vpd_mean,9.154410112359551,0.0852706972509622,1,water_balance,False,0.06464187264983368,pooled_feature_p02_p98
GROUP_complete,supervised,CY-Bench_wheat_AU|AU-231|2013,8,weather_vpd_mean,8.423370786516854,0.5224575866013765,1,water_balance,False,0.024735260555530627,pooled_feature_p02_p98
GROUP_complete,supervised,CY-Bench_wheat_AU|AU-231|2014,8,weather_vpd_mean,10.144078651685392,-0.1178445573896169,1,water_balance,False,0.11866676174220255,pooled_feature_p02_p98
GROUP_complete,supervised,CY-Bench_wheat_AU|AU-231|2015,8,weather_vpd_mean,10.767286516853932,-0.1380643956363201,1,water_balance,False,0.1526869760456272,pooled_feature_p02_p98
GROUP_complete,supervised,CY-Bench_wheat_AU|AU-231|2016,8,weather_vpd_mean,7.583022471910113,0.3454977385699749,1,water_balance,False,0.0,pooled_feature_p02_p98
GROUP_complete,supervised,CY-Bench_wheat_AU|AU-231|2017,8,weather_vpd_mean,9.3191404494382,0.1889237836003303,1,water_balance,False,0.07363431591461084,pooled_feature_p02_p98
GROUP_complete,supervised,CY-Bench_wheat_AU|AU-231|2018,8,weather_vpd_mean,9.839853932584267,0.0027979388833045,1,water_balance,False,0.10205947752986283,pooled_feature_p02_p98
GROUP_complete,supervised,CY-Bench_wheat_AU|AU-231|2019,8,weather_vpd_mean,9.041308988764046,-0.0197691693902015,1,water_balance,False,0.05846780990491527,pooled_feature_p02_p98
GROUP_complete,supervised,CY-Bench_wheat_AU|AU-231|2020,8,weather_vpd_mean,8.617550561797751,0.3254540357738733,1,water_balance,False,0.03533531542913276,pooled_feature_p02_p98
GROUP_complete,supervised,CY-Bench_wheat_AU|AU-231|2021,8,weather_vpd_mean,7.870786516853933,0.425637686625123,1,water_balance,False,0.0,pooled_feature_p02_p98
GROUP_complete,supervised,CY-Bench_wheat_AU|AU-231|2022,8,weather_vpd_mean,6.846870786516853,0.44292763620615,1,water_balance,False,0.0,pooled_feature_p02_p98
GROUP_complete,supervised,CY-Bench_wheat_AU|AU-231|2023,8,weather_vpd_mean,9.394550561797752,0.0377867873758077,1,water_balance,False,0.07775086887631569,pooled_feature_p02_p98
GROUP_complete,supervised,CY-Bench_wheat_AU|AU-312|2003,8,weather_vpd_mean,28.36868786127168,-0.181985093280673,1,water_balance,False,1.0,pooled_feature_p02_p98
GROUP_complete,supervised,CY-Bench_wheat_AU|AU-312|2009,8,weather_vpd_mean,31.037167630057805,-0.1464065127074718,1,water_balance,False,1.0,pooled_feature_p02_p98
GROUP_complete,supervised,CY-Bench_wheat_AU|AU-322|2001,8,weather_vpd_mean,20.28988172043011,-0.1205298528075218,1,water_balance,False,0.6725147055349098,pooled_feature_p02_p98
GROUP_complete,supervised,CY-Bench_wheat_AU|AU-322|2002,8,weather_vpd_mean,26.57470967741935,-0.267313377931714,1,water_balance,False,1.0,pooled_feature_p02_p98
GROUP_complete,supervised,CY-Bench_wheat_AU|AU-322|2003,8,weather_vpd_mean,21.986155913978493,-0.1454415898770094,1,water_balance,False,0.7651124001520635,pooled_feature_p02_p98
GROUP_complete,supervised,CY-Bench_wheat_AU|AU-322|2004,8,weather_vpd_mean,22.70308064516129,-0.1926522981375455,1,water_balance,False,0.8042485124469041,pooled_feature_p02_p98
GROUP_complete,supervised,CY-Bench_wheat_AU|AU-322|2005,8,weather_vpd_mean,21.87474731182796,-0.1304396372288465,1,water_balance,False,0.7590307302434511,pooled_feature_p02_p98
GROUP_complete,supervised,CY-Bench_wheat_AU|AU-322|2006,8,weather_vpd_mean,24.670543010752684,-0.1896493956446647,1,water_balance,False,0.9116500634418367,pooled_feature_p02_p98
GROUP_complete,supervised,CY-Bench_wheat_AU|AU-322|2007,8,weather_vpd_mean,20.68970967741935,-0.103945167735219,1,water_balance,False,0.694340862651197,pooled_feature_p02_p98
GROUP_complete,supervised,CY-Bench_wheat_AU|AU-322|2008,8,weather_vpd_mean,20.559306451612905,-0.1148703005164861,1,water_balance,False,0.6872222976655105,pooled_feature_p02_p98
GROUP_complete,supervised,CY-Bench_wheat_AU|AU-322|2009,8,weather_vpd_mean,26.78813440860215,-0.2277114819735288,1,water_balance,False,1.0,pooled_feature_p02_p98
GROUP_complete,supervised,CY-Bench_wheat_AU|AU-322|2010,8,weather_vpd_mean,14.794209677419357,0.3232760727405548,1,water_balance,False,0.37251216850979874,pooled_feature_p02_p98
GROUP_complete,supervised,CY-Bench_wheat_AU|AU-322|2011,8,weather_vpd_mean,19.798075268817204,-0.0938443019986152,1,water_balance,False,0.6456675461603196,pooled_feature_p02_p98
GROUP_complete,supervised,CY-Bench_wheat_AU|AU-322|2012,8,weather_vpd_mean,24.03532258064516,-0.2150480169802904,1,water_balance,False,0.8769740967700631,pooled_feature_p02_p98
GROUP_complete,supervised,CY-Bench_wheat_AU|AU-322|2013,8,weather_vpd_mean,26.351483870967737,-0.2383234780281782,1,water_balance,False,1.0,pooled_feature_p02_p98
GROUP_complete,supervised,CY-Bench_wheat_AU|AU-322|2014,8,weather_vpd_mean,25.34685483870968,-0.205362394452095,1,water_balance,False,0.9485691631659963,pooled_feature_p02_p98
GROUP_complete,supervised,CY-Bench_wheat_AU|AU-322|2015,8,weather_vpd_mean,22.93121505376344,-0.1431300248950719,1,water_balance,False,0.8167021124484563,pooled_feature_p02_p98
GROUP_complete,supervised,CY-Bench_wheat_AU|AU-322|2016,8,weather_vpd_mean,20.460586021505375,-0.1030491720885038,1,water_balance,False,0.6818332607548865,pooled_feature_p02_p98
GROUP_complete,supervised,CY-Bench_wheat_AU|AU-322|2017,8,weather_vpd_mean,23.547370967741937,-0.1721959542483091,1,water_balance,False,0.850337368691896,pooled_feature_p02_p98
GROUP_complete,supervised,CY-Bench_wheat_AU|AU-322|2018,8,weather_vpd_mean,24.118193548387097,-0.1838820129632949,1,water_balance,False,0.8814979294103177,pooled_feature_p02_p98
GROUP_complete,supervised,CY-Bench_wheat_AU|AU-322|2019,8,weather_vpd_mean,28.39813978494624,-0.2735781520605087,1,water_balance,False,1.0,pooled_feature_p02_p98
GROUP_complete,supervised,CY-Bench_wheat_AU|AU-322|2020,8,weather_vpd_mean,24.118403225806453,-0.1699187904596328,1,water_balance,False,0.8815093754640981,pooled_feature_p02_p98
GROUP_complete,supervised,CY-Bench_wheat_AU|AU-322|2021,8,weather_vpd_mean,19.624403225806457,-0.0730273611843586,1,water_balance,False,0.6361869852560676,pooled_feature_p02_p98
GROUP_complete,supervised,CY-Bench_wheat_AU|AU-322|2022,8,weather_vpd_mean,16.861516129032257,0.1661629695445299,1,water_balance,False,0.4853640955240754,pooled_feature_p02_p98
GROUP_complete,supervised,CY-Bench_wheat_AU|AU-322|2023,8,weather_vpd_mean,24.904833333333332,-0.1961015071719885,1,water_balance,False,0.924439707842837,pooled_feature_p02_p98
GROUP_complete,supervised,CY-Bench_wheat_AU|AU-331|2001,8,weather_vpd_mean,21.74878804347826,-0.1427305079996585,1,water_balance,False,0.7521547558819907,pooled_feature_p02_p98
GROUP_complete,supervised,CY-Bench_wheat_AU|AU-331|2002,8,weather_vpd_mean,23.68758695652174,-0.1671402715146541,1,water_balance,False,0.8579916013382788,pooled_feature_p02_p98
GROUP_complete,supervised,CY-Bench_wheat_AU|AU-331|2003,8,weather_vpd_mean,21.227891304347825,-0.1273088902235031,1,water_balance,False,0.7237195905292877,pooled_feature_p02_p98
GROUP_complete,supervised,CY-Bench_wheat_AU|AU-331|2004,8,weather_vpd_mean,22.00528260869565,-0.1492988653481006,1,water_balance,False,0.7661565048393784,pooled_feature_p02_p98
GROUP_complete,supervised,CY-Bench_wheat_AU|AU-331|2005,8,weather_vpd_mean,21.39641304347826,-0.1253122333437204,1,water_balance,False,0.7329190021548978,pooled_feature_p02_p98
GROUP_complete,supervised,CY-Bench_wheat_AU|AU-331|2006,8,weather_vpd_mean,21.147260869565216,-0.1185701452195644,1,water_balance,False,0.7193180660556823,pooled_feature_p02_p98
GROUP_complete,supervised,CY-Bench_wheat_AU|AU-331|2007,8,weather_vpd_mean,19.18720108695652,-0.0539142806082963,1,water_balance,False,0.6123206137147392,pooled_feature_p02_p98
GROUP_complete,supervised,CY-Bench_wheat_AU|AU-331|2008,8,weather_vpd_mean,19.92902173913043,-0.0866535510867834,1,water_balance,False,0.6528157662507837,pooled_feature_p02_p98
GROUP_complete,supervised,CY-Bench_wheat_AU|AU-331|2009,8,weather_vpd_mean,24.769222826086956,-0.1717433538287878,1,water_balance,False,0.9170368832378071,pooled_feature_p02_p98
GROUP_complete,supervised,CY-Bench_wheat_AU|AU-331|2010,8,weather_vpd_mean,15.001875000000002,0.2453829795122146,1,water_balance,False,0.3838483841971164,pooled_feature_p02_p98
GROUP_complete,supervised,CY-Bench_wheat_AU|AU-331|2011,8,weather_vpd_mean,19.212630434782607,-0.0581800639629364,1,water_balance,False,0.6137087731250924,pooled_feature_p02_p98
GROUP_complete,supervised,CY-Bench_wheat_AU|AU-331|2012,8,weather_vpd_mean,20.52745652173913,-0.1113862711936235,1,water_balance,False,0.6854836459243906,pooled_feature_p02_p98
GROUP_complete,supervised,CY-Bench_wheat_AU|AU-331|2013,8,weather_vpd_mean,22.36110326086957,-0.1488407384604215,1,water_balance,False,0.7855803528315203,pooled_feature_p02_p98
GROUP_complete,supervised,CY-Bench_wheat_AU|AU-331|2014,8,weather_vpd_mean,22.00734782608696,-0.1455920021981001,1,water_balance,False,0.7662692427269473,pooled_feature_p02_p98
GROUP_complete,supervised,CY-Bench_wheat_AU|AU-331|2015,8,weather_vpd_mean,21.028755434782607,-0.1145729422569274,1,water_balance,False,0.7128489880597964,pooled_feature_p02_p98
GROUP_complete,supervised,CY-Bench_wheat_AU|AU-331|2016,8,weather_vpd_mean,19.805641304347827,-0.0742186121642589,1,water_balance,False,0.6460805675045055,pooled_feature_p02_p98
GROUP_complete,supervised,CY-Bench_wheat_AU|AU-331|2017,8,weather_vpd_mean,21.530440217391305,-0.1304238680750131,1,water_balance,False,0.7402353943794586,pooled_feature_p02_p98
GROUP_complete,supervised,CY-Bench_wheat_AU|AU-331|2018,8,weather_vpd_mean,23.602434782608697,-0.1575359869748354,1,water_balance,False,0.8533432402266281,pooled_feature_p02_p98
GROUP_complete,supervised,CY-Bench_wheat_AU|AU-331|2019,8,weather_vpd_mean,25.733586956521737,-0.1917364727705717,1,water_balance,False,0.9696804331953391,pooled_feature_p02_p98
GROUP_complete,supervised,CY-Bench_wheat_AU|AU-331|2020,8,weather_vpd_mean,21.880717391304348,-0.1318476349115371,1,water_balance,False,0.7593566301470736,pooled_feature_p02_p98
GROUP_complete,supervised,CY-Bench_wheat_AU|AU-331|2021,8,weather_vpd_mean,19.947880434782608,-0.0661304853856563,1,water_balance,False,0.6538452411714776,pooled_feature_p02_p98
GROUP_complete,supervised,CY-Bench_wheat_AU|AU-331|2022,8,weather_vpd_mean,17.52445108695652,0.0657065659761428,1,water_balance,False,0.5215529670039243,pooled_feature_p02_p98
GROUP_complete,supervised,CY-Bench_wheat_AU|AU-331|2023,8,weather_vpd_mean,22.127586956521736,-0.1366774588823318,1,water_balance,False,0.7728329612126603,pooled_feature_p02_p98
GROUP_complete,supervised,CY-Bench_wheat_AU|AU-332|2015,8,weather_vpd_mean,15.522205882352942,0.0530658960342407,1,water_balance,False,0.4122526600666929,pooled_feature_p02_p98
GROUP_complete,supervised,CY-Bench_wheat_AU|AU-411|2001,8,weather_vpd_mean,12.185131578947368,0.5179876666516066,1,water_balance,False,0.23008553847940896,pooled_feature_p02_p98
GROUP_complete,supervised,CY-Bench_wheat_AU|AU-411|2002,8,weather_vpd_mean,16.105342105263155,0.1345073245465755,1,water_balance,False,0.4440854086250411,pooled_feature_p02_p98
GROUP_complete,supervised,CY-Bench_wheat_AU|AU-411|2003,8,weather_vpd_mean,13.666098684210525,0.4619712419807911,1,water_balance,False,0.3109298620402958,pooled_feature_p02_p98
GROUP_complete,supervised,CY-Bench_wheat_AU|AU-411|2004,8,weather_vpd_mean,13.78295394736842,0.4537300299853086,1,water_balance,False,0.31730885902878786,pooled_feature_p02_p98
GROUP_complete,supervised,CY-Bench_wheat_AU|AU-411|2005,8,weather_vpd_mean,13.523519736842104,0.468975305557251,1,water_balance,False,0.30314663815027226,pooled_feature_p02_p98
GROUP_complete,supervised,CY-Bench_wheat_AU|AU-411|2006,8,weather_vpd_mean,16.73655263157895,0.0625766161829233,1,water_balance,False,0.47854247917249537,pooled_feature_p02_p98
GROUP_complete,supervised,CY-Bench_wheat_AU|AU-411|2007,8,weather_vpd_mean,17.22630263157895,0.0216288175433874,1,water_balance,False,0.5052773791734707,pooled_feature_p02_p98
GROUP_complete,supervised,CY-Bench_wheat_AU|AU-411|2008,8,weather_vpd_mean,15.000769736842107,0.3491467982530594,1,water_balance,False,0.3837880491282015,pooled_feature_p02_p98
GROUP_complete,supervised,CY-Bench_wheat_AU|AU-411|2009,8,weather_vpd_mean,16.932342105263157,0.1436365265399217,1,water_balance,False,0.48923040566599385,pooled_feature_p02_p98
GROUP_complete,supervised,CY-Bench_wheat_AU|AU-411|2010,8,weather_vpd_mean,11.187618421052631,0.618629576638341,1,water_balance,False,0.1756324205090713,pooled_feature_p02_p98
GROUP_complete,supervised,CY-Bench_wheat_AU|AU-411|2011,8,weather_vpd_mean,15.003131578947366,0.3661465290933847,1,water_balance,False,0.3839169794242754,pooled_feature_p02_p98
GROUP_complete,supervised,CY-Bench_wheat_AU|AU-411|2012,8,weather_vpd_mean,15.97953947368421,0.1456155162304639,1,water_balance,False,0.4372179848881903,pooled_feature_p02_p98
GROUP_complete,supervised,CY-Bench_wheat_AU|AU-411|2013,8,weather_vpd_mean,16.126144736842104,0.15930912271142,1,water_balance,False,0.4452210008149754,pooled_feature_p02_p98
GROUP_complete,supervised,CY-Bench_wheat_AU|AU-411|2014,8,weather_vpd_mean,17.36575657894737,0.01456268876791,1,water_balance,False,0.5128900128388836,pooled_feature_p02_p98
GROUP_complete,supervised,CY-Bench_wheat_AU|AU-411|2015,8,weather_vpd_mean,15.839480263157895,0.2227336522191763,1,water_balance,False,0.4295723105898002,pooled_feature_p02_p98
GROUP_complete,supervised,CY-Bench_wheat_AU|AU-411|2016,8,weather_vpd_mean,13.210625,0.5022131707519293,1,water_balance,False,0.2860660674503128,pooled_feature_p02_p98
GROUP_complete,supervised,CY-Bench_wheat_AU|AU-411|2017,8,weather_vpd_mean,15.614940789473684,0.2516218516975641,1,water_balance,False,0.41731495402988383,pooled_feature_p02_p98
GROUP_complete,supervised,CY-Bench_wheat_AU|AU-411|2018,8,weather_vpd_mean,15.701631578947367,0.2421974316239357,1,water_balance,False,0.4220473064292397,pooled_feature_p02_p98
GROUP_complete,supervised,CY-Bench_wheat_AU|AU-411|2019,8,weather_vpd_mean,17.553519736842105,-0.028405001387,1,water_balance,False,0.5231397918081192,pooled_feature_p02_p98
GROUP_complete,supervised,CY-Bench_wheat_AU|AU-411|2020,8,weather_vpd_mean,15.14853947368421,0.3580722641199827,1,water_balance,False,0.39185463235973605,pooled_feature_p02_p98
GROUP_complete,supervised,CY-Bench_wheat_AU|AU-411|2021,8,weather_vpd_mean,13.599657894736843,0.4793227389454841,1,water_balance,False,0.30730293429641686,pooled_feature_p02_p98
GROUP_complete,supervised,CY-Bench_wheat_AU|AU-411|2022,8,weather_vpd_mean,11.162789473684212,0.6238290444016457,1,water_balance,False,0.17427703628237567,pooled_feature_p02_p98
GROUP_complete,supervised,CY-Bench_wheat_AU|AU-411|2023,8,weather_vpd_mean,16.03471710526316,0.1302311215549707,1,water_balance,False,0.4402300695488414,pooled_feature_p02_p98
GROUP_complete,supervised,CY-Bench_wheat_AU|AU-421|2001,8,weather_vpd_mean,12.393464705882351,1.1862500105053186,1,water_balance,False,0.2414582088530634,pooled_feature_p02_p98
GROUP_complete,supervised,CY-Bench_wheat_AU|AU-421|2002,8,weather_vpd_mean,16.106170588235294,0.4328498058021068,1,water_balance,False,0.4441306345758581,pooled_feature_p02_p98
GROUP_complete,supervised,CY-Bench_wheat_AU|AU-421|2003,8,weather_vpd_mean,14.632147058823527,0.8529415279626846,1,water_balance,False,0.3636653529874798,pooled_feature_p02_p98
GROUP_complete,supervised,CY-Bench_wheat_AU|AU-421|2004,8,weather_vpd_mean,15.628300000000005,0.6003014091402292,1,water_balance,False,0.41804421826166166,pooled_feature_p02_p98
GROUP_complete,supervised,CY-Bench_wheat_AU|AU-421|2005,8,weather_vpd_mean,14.758523529411764,0.8461660370230675,1,water_balance,False,0.3705641019484859,pooled_feature_p02_p98
GROUP_complete,supervised,CY-Bench_wheat_AU|AU-421|2006,8,weather_vpd_mean,19.061,-0.1055916659533977,1,water_balance,False,0.605431438748334,pooled_feature_p02_p98
GROUP_complete,supervised,CY-Bench_wheat_AU|AU-421|2007,8,weather_vpd_mean,18.537364705882354,-0.0725693348795175,1,water_balance,False,0.5768467787683105,pooled_feature_p02_p98
GROUP_complete,supervised,CY-Bench_wheat_AU|AU-421|2008,8,weather_vpd_mean,15.67098823529412,0.575037544593215,1,water_balance,False,0.42037452086871885,pooled_feature_p02_p98
GROUP_complete,supervised,CY-Bench_wheat_AU|AU-421|2009,8,weather_vpd_mean,16.83984705882353,0.2468587588518858,1,water_balance,False,0.4841812054267922,pooled_feature_p02_p98
GROUP_complete,supervised,CY-Bench_wheat_AU|AU-421|2010,8,weather_vpd_mean,12.065417647058824,1.112249605357647,1,water_balance,False,0.2235504899898453,pooled_feature_p02_p98
GROUP_complete,supervised,CY-Bench_wheat_AU|AU-421|2011,8,weather_vpd_mean,15.26385294117647,0.7340168319642544,1,water_balance,False,0.3981494644621787,pooled_feature_p02_p98
GROUP_complete,supervised,CY-Bench_wheat_AU|AU-421|2012,8,weather_vpd_mean,16.927476470588235,0.1968457382172346,1,water_balance,False,0.4889647961581321,pooled_feature_p02_p98
GROUP_complete,supervised,CY-Bench_wheat_AU|AU-421|2013,8,weather_vpd_mean,16.548935294117644,0.3264931924641132,1,water_balance,False,0.4683006603762172,pooled_feature_p02_p98
GROUP_complete,supervised,CY-Bench_wheat_AU|AU-421|2014,8,weather_vpd_mean,18.026511764705884,-0.0175793152302503,1,water_balance,False,0.5489598930152588,pooled_feature_p02_p98
GROUP_complete,supervised,CY-Bench_wheat_AU|AU-421|2015,8,weather_vpd_mean,16.927341176470588,0.2180333267897367,1,water_balance,False,0.4889574106048783,pooled_feature_p02_p98
GROUP_complete,supervised,CY-Bench_wheat_AU|AU-421|2016,8,weather_vpd_mean,14.479805882352942,0.8494497705250978,1,water_balance,False,0.3553492200237799,pooled_feature_p02_p98
GROUP_complete,supervised,CY-Bench_wheat_AU|AU-421|2017,8,weather_vpd_mean,15.854676470588236,0.5524431392550468,1,water_balance,False,0.430401854410207,pooled_feature_p02_p98
GROUP_complete,supervised,CY-Bench_wheat_AU|AU-421|2018,8,weather_vpd_mean,15.812182352941177,0.5475120823830366,1,water_balance,False,0.42808214846651366,pooled_feature_p02_p98
GROUP_complete,supervised,CY-Bench_wheat_AU|AU-421|2019,8,weather_vpd_mean,17.42360588235294,0.0842127036303281,1,water_balance,False,0.5160479410505713,pooled_feature_p02_p98
GROUP_complete,supervised,CY-Bench_wheat_AU|AU-421|2020,8,weather_vpd_mean,16.655123529411764,0.3039173595607281,1,water_balance,False,0.47409735634736233,pooled_feature_p02_p98
GROUP_complete,supervised,CY-Bench_wheat_AU|AU-421|2021,8,weather_vpd_mean,13.829117647058824,1.0404388345777988,1,water_balance,False,0.3198288833164816,pooled_feature_p02_p98
GROUP_complete,supervised,CY-Bench_wheat_AU|AU-421|2022,8,weather_vpd_mean,12.43675294117647,1.178663769736886,1,water_balance,False,0.24382126478324606,pooled_feature_p02_p98
GROUP_complete,supervised,CY-Bench_wheat_AU|AU-421|2023,8,weather_vpd_mean,16.492723529411766,0.3567973300814628,1,water_balance,False,0.4652321235547981,pooled_feature_p02_p98
GROUP_complete,supervised,CY-Bench_wheat_AU|AU-422|2001,8,weather_vpd_mean,10.265960526315787,0.555908003821969,1,water_balance,False,0.12532015578033426,pooled_feature_p02_p98
GROUP_complete,supervised,CY-Bench_wheat_AU|AU-422|2002,8,weather_vpd_mean,13.884855263157895,0.3660819642245769,1,water_balance,False,0.32287153690035386,pooled_feature_p02_p98
GROUP_complete,supervised,CY-Bench_wheat_AU|AU-422|2003,8,weather_vpd_mean,11.59196052631579,0.5082733267918229,1,water_balance,False,0.1977049998871098,pooled_feature_p02_p98
GROUP_complete,supervised,CY-Bench_wheat_AU|AU-422|2004,8,weather_vpd_mean,11.875098684210528,0.5504872966557741,1,water_balance,False,0.21316119251146137,pooled_feature_p02_p98
GROUP_complete,supervised,CY-Bench_wheat_AU|AU-422|2005,8,weather_vpd_mean,11.394828947368422,0.5938158482313156,1,water_balance,False,0.1869438093813574,pooled_feature_p02_p98
GROUP_complete,supervised,CY-Bench_wheat_AU|AU-422|2006,8,weather_vpd_mean,14.893638157894737,0.2816477194428444,1,water_balance,False,0.37793985709123457,pooled_feature_p02_p98
GROUP_complete,supervised,CY-Bench_wheat_AU|AU-422|2007,8,weather_vpd_mean,14.550631578947367,0.373091222718358,1,water_balance,False,0.3592155149006587,pooled_feature_p02_p98
GROUP_complete,supervised,CY-Bench_wheat_AU|AU-422|2008,8,weather_vpd_mean,13.087026315789474,0.4807748319581151,1,water_balance,False,0.2793189547139769,pooled_feature_p02_p98
GROUP_complete,supervised,CY-Bench_wheat_AU|AU-422|2009,8,weather_vpd_mean,14.718901315789475,0.4854517038911581,1,water_balance,False,0.36840117000563916,pooled_feature_p02_p98
GROUP_complete,supervised,CY-Bench_wheat_AU|AU-422|2010,8,weather_vpd_mean,9.986526315789472,0.5704077277332544,1,water_balance,False,0.11006615746431078,pooled_feature_p02_p98
GROUP_complete,supervised,CY-Bench_wheat_AU|AU-422|2011,8,weather_vpd_mean,13.094710526315788,0.556531511247158,1,water_balance,False,0.2797384270978614,pooled_feature_p02_p98
GROUP_complete,supervised,CY-Bench_wheat_AU|AU-422|2012,8,weather_vpd_mean,13.05678947368421,0.4983640946447849,1,water_balance,False,0.277668359614376,pooled_feature_p02_p98
GROUP_complete,supervised,CY-Bench_wheat_AU|AU-422|2013,8,weather_vpd_mean,13.030335526315788,0.5989231020212173,1,water_balance,False,0.27622426847088277,pooled_feature_p02_p98
GROUP_complete,supervised,CY-Bench_wheat_AU|AU-422|2014,8,weather_vpd_mean,14.533723684210528,0.3355075214058161,1,water_balance,False,0.35829253200118666,pooled_feature_p02_p98
GROUP_complete,supervised,CY-Bench_wheat_AU|AU-422|2015,8,weather_vpd_mean,13.787427631578948,0.4536323063075542,1,water_balance,False,0.31755307240296743,pooled_feature_p02_p98
GROUP_complete,supervised,CY-Bench_wheat_AU|AU-422|2016,8,weather_vpd_mean,10.847203947368422,0.5423719696700573,1,water_balance,False,0.15704957842059356,pooled_feature_p02_p98
GROUP_complete,supervised,CY-Bench_wheat_AU|AU-422|2017,8,weather_vpd_mean,13.53842105263158,0.4982371795922518,1,water_balance,False,0.3039600841686788,pooled_feature_p02_p98
GROUP_complete,supervised,CY-Bench_wheat_AU|AU-422|2018,8,weather_vpd_mean,13.802914473684208,0.4003114327788353,1,water_balance,False,0.3183984816424059,pooled_feature_p02_p98
GROUP_complete,supervised,CY-Bench_wheat_AU|AU-422|2019,8,weather_vpd_mean,14.023934210526315,0.3774029044434428,1,water_balance,False,0.3304636997388135,pooled_feature_p02_p98
GROUP_complete,supervised,CY-Bench_wheat_AU|AU-422|2020,8,weather_vpd_mean,12.873578947368422,0.509816275909543,1,water_balance,False,0.26766710366709956,pooled_feature_p02_p98
GROUP_complete,supervised,CY-Bench_wheat_AU|AU-422|2021,8,weather_vpd_mean,11.625618421052632,0.542130971327424,1,water_balance,False,0.19954234639049487,pooled_feature_p02_p98
GROUP_complete,supervised,CY-Bench_wheat_AU|AU-422|2022,8,weather_vpd_mean,8.855342105263158,0.6830733306705952,1,water_balance,False,0.0483160875284186,pooled_feature_p02_p98
GROUP_complete,supervised,CY-Bench_wheat_AU|AU-422|2023,8,weather_vpd_mean,13.672835526315788,0.48715890198946,1,water_balance,False,0.31129761865082484,pooled_feature_p02_p98
GROUP_complete,supervised,CY-Bench_wheat_AU|AU-431|2001,8,weather_vpd_mean,9.684722891566269,0.9231013562530279,2,water_balance,False,0.09359104900783445,pooled_feature_p02_p98
GROUP_complete,supervised,CY-Bench_wheat_AU|AU-431|2002,8,weather_vpd_mean,12.59778313253012,0.4427025718614459,2,water_balance,False,0.252611721267121,pooled_feature_p02_p98
GROUP_complete,supervised,CY-Bench_wheat_AU|AU-431|2003,8,weather_vpd_mean,10.840626506024094,0.5494977831840515,2,water_balance,False,0.15669052331778008,pooled_feature_p02_p98
GROUP_complete,supervised,CY-Bench_wheat_AU|AU-431|2004,8,weather_vpd_mean,12.07766265060241,0.5385240791365504,2,water_balance,False,0.22421893091939984,pooled_feature_p02_p98
GROUP_complete,supervised,CY-Bench_wheat_AU|AU-431|2005,8,weather_vpd_mean,11.116295180722894,0.7740614674985409,2,water_balance,False,0.17173896528097313,pooled_feature_p02_p98
GROUP_complete,supervised,CY-Bench_wheat_AU|AU-431|2006,8,weather_vpd_mean,15.013253012048192,0.2562537230551242,2,water_balance,False,0.3844694970390118,pooled_feature_p02_p98
GROUP_complete,supervised,CY-Bench_wheat_AU|AU-431|2007,8,weather_vpd_mean,13.277536144578312,0.44688523188233376,2,water_balance,False,0.28971867134873436,pooled_feature_p02_p98
GROUP_complete,supervised,CY-Bench_wheat_AU|AU-431|2008,8,weather_vpd_mean,12.289855421686743,0.4777638278901577,2,water_balance,False,0.23580229491300786,pooled_feature_p02_p98
GROUP_complete,supervised,CY-Bench_wheat_AU|AU-431|2009,8,weather_vpd_mean,13.525903614457832,0.46265337709337473,2,water_balance,False,0.30327677134000386,pooled_feature_p02_p98
GROUP_complete,supervised,CY-Bench_wheat_AU|AU-431|2010,8,weather_vpd_mean,10.227885542168677,0.8610302098095417,2,water_balance,False,0.12324168534906992,pooled_feature_p02_p98
GROUP_complete,supervised,CY-Bench_wheat_AU|AU-431|2011,8,weather_vpd_mean,12.333463855421687,0.5323495902121067,2,water_balance,False,0.23818283011485142,pooled_feature_p02_p98
GROUP_complete,supervised,CY-Bench_wheat_AU|AU-431|2012,8,weather_vpd_mean,12.27297590361446,0.4567064978182316,2,water_balance,False,0.23488086106364156,pooled_feature_p02_p98
GROUP_complete,supervised,CY-Bench_wheat_AU|AU-431|2013,8,weather_vpd_mean,11.723198795180725,0.7046486623585224,2,water_balance,False,0.20486914893132654,pooled_feature_p02_p98
GROUP_complete,supervised,CY-Bench_wheat_AU|AU-431|2014,8,weather_vpd_mean,14.04043373493976,0.40349440556019545,2,water_balance,False,0.33136439016302405,pooled_feature_p02_p98
GROUP_complete,supervised,CY-Bench_wheat_AU|AU-431|2015,8,weather_vpd_mean,13.96433734939759,0.4055132232606411,2,water_balance,False,0.32721037432248173,pooled_feature_p02_p98
GROUP_complete,supervised,CY-Bench_wheat_AU|AU-431|2016,8,weather_vpd_mean,10.239843373493976,0.931249612942338,2,water_balance,False,0.12389444987119427,pooled_feature_p02_p98
GROUP_complete,supervised,CY-Bench_wheat_AU|AU-431|2017,8,weather_vpd_mean,12.498957831325304,0.5726849203929305,2,water_balance,False,0.24721695956160386,pooled_feature_p02_p98
GROUP_complete,supervised,CY-Bench_wheat_AU|AU-431|2018,8,weather_vpd_mean,12.49862048192771,0.46852388232946396,2,water_balance,False,0.2471985440385613,pooled_feature_p02_p98
GROUP_complete,supervised,CY-Bench_wheat_AU|AU-431|2019,8,weather_vpd_mean,12.203036144578313,0.446665083989501,2,water_balance,False,0.2310629285186212,pooled_feature_p02_p98
GROUP_complete,supervised,CY-Bench_wheat_AU|AU-431|2020,8,weather_vpd_mean,12.726981927710842,0.4851988675072789,2,water_balance,False,0.25966453774369697,pooled_feature_p02_p98
GROUP_complete,supervised,CY-Bench_wheat_AU|AU-431|2021,8,weather_vpd_mean,11.245349397590363,0.6304941987618804,2,water_balance,False,0.17878388939053103,pooled_feature_p02_p98
GROUP_complete,supervised,CY-Bench_wheat_AU|AU-431|2022,8,weather_vpd_mean,8.868512048192772,0.9524683374911547,2,water_balance,False,0.04903501985560953,pooled_feature_p02_p98
GROUP_complete,supervised,CY-Bench_wheat_AU|AU-431|2023,8,weather_vpd_mean,12.217554216867471,0.541753944940865,2,water_balance,False,0.23185545370669183,pooled_feature_p02_p98
GROUP_complete,supervised,CY-Bench_wheat_AU|AU-521|2001,8,weather_vpd_mean,13.313145348837212,1.1329945400357246,1,water_balance,False,0.2916625376376083,pooled_feature_p02_p98
GROUP_complete,supervised,CY-Bench_wheat_AU|AU-521|2002,8,weather_vpd_mean,15.79706395348837,0.5592565126717091,1,water_balance,False,0.42725685209582337,pooled_feature_p02_p98
GROUP_complete,supervised,CY-Bench_wheat_AU|AU-521|2003,8,weather_vpd_mean,13.675645348837207,1.0941799897700548,1,water_balance,False,0.31145100369243917,pooled_feature_p02_p98
GROUP_complete,supervised,CY-Bench_wheat_AU|AU-521|2004,8,weather_vpd_mean,14.466424418604651,0.9015446119010448,1,water_balance,False,0.3546187410137192,pooled_feature_p02_p98
GROUP_complete,supervised,CY-Bench_wheat_AU|AU-521|2005,8,weather_vpd_mean,13.214819767441858,1.1355697773396969,1,water_balance,False,0.2862950550727435,pooled_feature_p02_p98
GROUP_complete,supervised,CY-Bench_wheat_AU|AU-521|2006,8,weather_vpd_mean,16.55483139534884,0.3319285400211811,1,water_balance,False,0.46862252189089143,pooled_feature_p02_p98
GROUP_complete,supervised,CY-Bench_wheat_AU|AU-521|2007,8,weather_vpd_mean,15.5273488372093,0.6514085177332163,1,water_balance,False,0.41253340817040757,pooled_feature_p02_p98
GROUP_complete,supervised,CY-Bench_wheat_AU|AU-521|2008,8,weather_vpd_mean,12.866813953488371,1.177973536774516,1,water_balance,False,0.26729781028294364,pooled_feature_p02_p98
GROUP_complete,supervised,CY-Bench_wheat_AU|AU-521|2009,8,weather_vpd_mean,14.63031395348837,0.8826760482043028,1,water_balance,False,0.3635652858352048,pooled_feature_p02_p98
GROUP_complete,supervised,CY-Bench_wheat_AU|AU-521|2010,8,weather_vpd_mean,16.58128488372093,0.3143406603485346,1,water_balance,False,0.4700665879782926,pooled_feature_p02_p98
GROUP_complete,supervised,CY-Bench_wheat_AU|AU-521|2011,8,weather_vpd_mean,13.665825581395348,1.0782695785164833,1,water_balance,False,0.3109149536657093,pooled_feature_p02_p98
GROUP_complete,supervised,CY-Bench_wheat_AU|AU-521|2012,8,weather_vpd_mean,15.869360465116278,0.5382499471306801,1,water_balance,False,0.4312034371061173,pooled_feature_p02_p98
GROUP_complete,supervised,CY-Bench_wheat_AU|AU-521|2013,8,weather_vpd_mean,15.060447674418604,0.8117330204695463,1,water_balance,False,0.3870458004163528,pooled_feature_p02_p98
GROUP_complete,supervised,CY-Bench_wheat_AU|AU-521|2014,8,weather_vpd_mean,15.585290697674418,0.6690549477934837,1,water_balance,False,0.41569638896756,pooled_feature_p02_p98
GROUP_complete,supervised,CY-Bench_wheat_AU|AU-521|2015,8,weather_vpd_mean,16.38899418604651,0.408160975202918,1,water_balance,False,0.4595696557201132,pooled_feature_p02_p98
GROUP_complete,supervised,CY-Bench_wheat_AU|AU-521|2016,8,weather_vpd_mean,14.361029069767444,0.9196965396404266,1,water_balance,False,0.3488653278197822,pooled_feature_p02_p98
GROUP_complete,supervised,CY-Bench_wheat_AU|AU-521|2017,8,weather_vpd_mean,14.798703488372093,0.859130434691906,1,water_balance,False,0.3727574805801299,pooled_feature_p02_p98
GROUP_complete,supervised,CY-Bench_wheat_AU|AU-521|2018,8,weather_vpd_mean,13.77135465116279,1.0732859876006842,1,water_balance,False,0.31667566653437396,pooled_feature_p02_p98
GROUP_complete,supervised,CY-Bench_wheat_AU|AU-521|2019,8,weather_vpd_mean,18.12379651162791,-0.0302273165434598,1,water_balance,False,0.5542705576004155,pooled_feature_p02_p98
GROUP_complete,supervised,CY-Bench_wheat_AU|AU-521|2020,8,weather_vpd_mean,15.205145348837208,0.7631690837442875,1,water_balance,False,0.39494468322585774,pooled_feature_p02_p98
GROUP_complete,supervised,CY-Bench_wheat_AU|AU-521|2021,8,weather_vpd_mean,13.69339534883721,1.0976177044212818,1,water_balance,False,0.31241995616822765,pooled_feature_p02_p98
GROUP_complete,supervised,CY-Bench_wheat_AU|AU-521|2022,8,weather_vpd_mean,12.577296511627909,1.2225739154964683,1,water_balance,False,0.25149337974353037,pooled_feature_p02_p98
GROUP_complete,supervised,CY-Bench_wheat_AU|AU-521|2023,8,weather_vpd_mean,17.465616279069767,0.0842627808451652,1,water_balance,False,0.5183412412143806,pooled_feature_p02_p98
GROUP_complete,supervised,CY-Bench_wheat_AU|AU-522|2001,8,weather_vpd_mean,14.661728723404256,0.8916315529495478,1,water_balance,False,0.3652801826851381,pooled_feature_p02_p98
GROUP_complete,supervised,CY-Bench_wheat_AU|AU-522|2002,8,weather_vpd_mean,17.202978723404254,0.3139054868370294,1,water_balance,False,0.5040041533384887,pooled_feature_p02_p98
GROUP_complete,supervised,CY-Bench_wheat_AU|AU-522|2003,8,weather_vpd_mean,14.835925531914896,0.6697049662470818,1,water_balance,False,0.3747893899460284,pooled_feature_p02_p98
GROUP_complete,supervised,CY-Bench_wheat_AU|AU-522|2004,8,weather_vpd_mean,14.628542553191489,0.7976915519684553,1,water_balance,False,0.3634685870913583,pooled_feature_p02_p98
GROUP_complete,supervised,CY-Bench_wheat_AU|AU-522|2005,8,weather_vpd_mean,14.19235638297872,0.9013231936842204,1,water_balance,False,0.33965767613179365,pooled_feature_p02_p98
GROUP_complete,supervised,CY-Bench_wheat_AU|AU-522|2006,8,weather_vpd_mean,17.355436170212766,0.3063757624477148,1,water_balance,False,0.5123266333687686,pooled_feature_p02_p98
GROUP_complete,supervised,CY-Bench_wheat_AU|AU-522|2007,8,weather_vpd_mean,16.929595744680853,0.5584328379482031,1,water_balance,False,0.48908048494004286,pooled_feature_p02_p98
GROUP_complete,supervised,CY-Bench_wheat_AU|AU-522|2008,8,weather_vpd_mean,14.097345744680853,0.8867413550615311,1,water_balance,False,0.33447115257095184,pooled_feature_p02_p98
GROUP_complete,supervised,CY-Bench_wheat_AU|AU-522|2009,8,weather_vpd_mean,14.51083510638298,0.811769463121891,1,water_balance,False,0.35704307035874866,pooled_feature_p02_p98
GROUP_complete,supervised,CY-Bench_wheat_AU|AU-522|2010,8,weather_vpd_mean,17.050175531914892,0.2767497431486845,1,water_balance,False,0.49566279949612435,pooled_feature_p02_p98
GROUP_complete,supervised,CY-Bench_wheat_AU|AU-522|2011,8,weather_vpd_mean,14.189090425531914,0.9003696106374264,1,water_balance,False,0.3394793911991795,pooled_feature_p02_p98
GROUP_complete,supervised,CY-Bench_wheat_AU|AU-522|2012,8,weather_vpd_mean,16.966,0.3229665625840425,1,water_balance,False,0.49106775216937903,pooled_feature_p02_p98
GROUP_complete,supervised,CY-Bench_wheat_AU|AU-522|2013,8,weather_vpd_mean,15.85593085106383,0.6319509539753199,1,water_balance,False,0.4304703296252722,pooled_feature_p02_p98
GROUP_complete,supervised,CY-Bench_wheat_AU|AU-522|2014,8,weather_vpd_mean,16.83273404255319,0.5735746752470732,1,water_balance,False,0.48379291389296314,pooled_feature_p02_p98
GROUP_complete,supervised,CY-Bench_wheat_AU|AU-522|2015,8,weather_vpd_mean,17.494994680851065,0.2941809203475714,1,water_balance,False,0.5199449750251238,pooled_feature_p02_p98
GROUP_complete,supervised,CY-Bench_wheat_AU|AU-522|2016,8,weather_vpd_mean,14.035005319148937,0.9405235424637794,1,water_balance,False,0.3310680590689324,pooled_feature_p02_p98
GROUP_complete,supervised,CY-Bench_wheat_AU|AU-522|2017,8,weather_vpd_mean,16.079186170212765,0.6401152983307838,1,water_balance,False,0.4426575856377941,pooled_feature_p02_p98
GROUP_complete,supervised,CY-Bench_wheat_AU|AU-522|2018,8,weather_vpd_mean,14.51698404255319,0.913488732650876,1,water_balance,False,0.35737873384751423,pooled_feature_p02_p98
GROUP_complete,supervised,CY-Bench_wheat_AU|AU-522|2019,8,weather_vpd_mean,18.76804255319149,-0.0418392699211835,1,water_balance,False,0.589439222219561,pooled_feature_p02_p98
GROUP_complete,supervised,CY-Bench_wheat_AU|AU-522|2020,8,weather_vpd_mean,16.241867021276597,0.6564561761915684,1,water_balance,False,0.45153814977309814,pooled_feature_p02_p98
GROUP_complete,supervised,CY-Bench_wheat_AU|AU-522|2021,8,weather_vpd_mean,13.591101063829788,0.9180759247392416,1,water_balance,False,0.30683582655037217,pooled_feature_p02_p98
GROUP_complete,supervised,CY-Bench_wheat_AU|AU-522|2022,8,weather_vpd_mean,13.045409574468083,0.9517984092235564,1,water_balance,False,0.27704714375411194,pooled_feature_p02_p98
GROUP_complete,supervised,CY-Bench_wheat_AU|AU-522|2023,8,weather_vpd_mean,18.581239361702128,0.0254834331572055,1,water_balance,False,0.5792418467334332,pooled_feature_p02_p98
GROUP_complete,supervised,CY-Bench_wheat_AU|AU-111|2001,9,weather_cwb_sum,-510.7159999999999,0.0040059983730316,1,water_balance,False,0.4773266713798184,pooled_feature_p02_p98
GROUP_complete,supervised,CY-Bench_wheat_AU|AU-111|2002,9,weather_cwb_sum,-736.6770000000001,-0.0019679982215166,1,water_balance,False,0.23971917854544622,pooled_feature_p02_p98
GROUP_complete,supervised,CY-Bench_wheat_AU|AU-111|2003,9,weather_cwb_sum,-493.6069999999999,0.002190051600337,1,water_balance,False,0.4953175042886091,pooled_feature_p02_p98
GROUP_complete,supervised,CY-Bench_wheat_AU|AU-111|2004,9,weather_cwb_sum,-549.566,-0.0036162380129098,1,water_balance,False,0.4364742627933128,pooled_feature_p02_p98
GROUP_complete,supervised,CY-Bench_wheat_AU|AU-111|2005,9,weather_cwb_sum,-409.684,0.0142230726778507,1,water_balance,False,0.5835660676298006,pooled_feature_p02_p98
GROUP_complete,supervised,CY-Bench_wheat_AU|AU-111|2006,9,weather_cwb_sum,-660.755,-0.0308675598353147,1,water_balance,False,0.3195543539561198,pooled_feature_p02_p98
GROUP_complete,supervised,CY-Bench_wheat_AU|AU-111|2007,9,weather_cwb_sum,-593.902,-0.0231637451797723,1,water_balance,False,0.3898530945284144,pooled_feature_p02_p98
GROUP_complete,supervised,CY-Bench_wheat_AU|AU-111|2008,9,weather_cwb_sum,-565.6550000000001,-0.0116606969386339,1,water_balance,False,0.41955600277405186,pooled_feature_p02_p98
GROUP_complete,supervised,CY-Bench_wheat_AU|AU-111|2009,9,weather_cwb_sum,-628.617,-0.0289008021354675,1,water_balance,False,0.35334881231269927,pooled_feature_p02_p98
GROUP_complete,supervised,CY-Bench_wheat_AU|AU-111|2010,9,weather_cwb_sum,-178.68800000000005,-0.0838100723922252,1,water_balance,False,0.8264680746786656,pooled_feature_p02_p98
GROUP_complete,supervised,CY-Bench_wheat_AU|AU-111|2011,9,weather_cwb_sum,-506.6060000000001,-0.0069477576762437,1,water_balance,False,0.4816485091993944,pooled_feature_p02_p98
GROUP_complete,supervised,CY-Bench_wheat_AU|AU-111|2012,9,weather_cwb_sum,-632.3330000000001,-0.0271479319781065,1,water_balance,False,0.34944128206025504,pooled_feature_p02_p98
GROUP_complete,supervised,CY-Bench_wheat_AU|AU-111|2013,9,weather_cwb_sum,-658.867,-0.0344979092478752,1,water_balance,False,0.3215396653437987,pooled_feature_p02_p98
GROUP_complete,supervised,CY-Bench_wheat_AU|AU-111|2014,9,weather_cwb_sum,-655.3019999999999,-0.0284428466111421,1,water_balance,False,0.3252884127469105,pooled_feature_p02_p98
GROUP_complete,supervised,CY-Bench_wheat_AU|AU-111|2015,9,weather_cwb_sum,-561.18,-0.014272216707468,1,water_balance,False,0.4242616534413522,pooled_feature_p02_p98
GROUP_complete,supervised,CY-Bench_wheat_AU|AU-111|2016,9,weather_cwb_sum,-333.42,0.0007891058921813,1,water_balance,False,0.6637608704210812,pooled_feature_p02_p98
GROUP_complete,supervised,CY-Bench_wheat_AU|AU-111|2017,9,weather_cwb_sum,-567.656,-0.0075452197343111,1,water_balance,False,0.4174518671348861,pooled_feature_p02_p98
GROUP_complete,supervised,CY-Bench_wheat_AU|AU-111|2018,9,weather_cwb_sum,-644.5350000000001,-0.0325441844761371,1,water_balance,False,0.3366103659837418,pooled_feature_p02_p98
GROUP_complete,supervised,CY-Bench_wheat_AU|AU-111|2019,9,weather_cwb_sum,-698.2430000000002,-0.0259034279733896,1,water_balance,False,0.2801341456397512,pooled_feature_p02_p98
GROUP_complete,supervised,CY-Bench_wheat_AU|AU-111|2020,9,weather_cwb_sum,-523.6179999999999,-0.0072583816945552,1,water_balance,False,0.463759675869314,pooled_feature_p02_p98
GROUP_complete,supervised,CY-Bench_wheat_AU|AU-111|2021,9,weather_cwb_sum,-411.9419999999999,0.0223001334816217,1,water_balance,False,0.5811916856841552,pooled_feature_p02_p98
GROUP_complete,supervised,CY-Bench_wheat_AU|AU-111|2022,9,weather_cwb_sum,-150.04399999999998,-0.1116280891001224,1,water_balance,False,0.8565884451175809,pooled_feature_p02_p98
GROUP_complete,supervised,CY-Bench_wheat_AU|AU-111|2023,9,weather_cwb_sum,-557.4970000000001,-0.0104812905192375,1,water_balance,False,0.42813448280619376,pooled_feature_p02_p98
GROUP_complete,supervised,CY-Bench_wheat_AU|AU-123|2001,9,weather_cwb_sum,-399.802,-0.052811861038208,1,water_balance,False,0.5939574061536577,pooled_feature_p02_p98
GROUP_complete,supervised,CY-Bench_wheat_AU|AU-123|2002,9,weather_cwb_sum,-651.427,-0.0291243828833103,1,water_balance,False,0.32936313818507534,pooled_feature_p02_p98
GROUP_complete,supervised,CY-Bench_wheat_AU|AU-123|2003,9,weather_cwb_sum,-261.5089999999999,-0.1011109165847301,1,water_balance,False,0.7393783106749858,pooled_feature_p02_p98
GROUP_complete,supervised,CY-Bench_wheat_AU|AU-123|2004,9,weather_cwb_sum,-331.783,-0.0492663998156785,1,water_balance,False,0.6654822447545717,pooled_feature_p02_p98
GROUP_complete,supervised,CY-Bench_wheat_AU|AU-123|2005,9,weather_cwb_sum,-220.956,-0.0817658584564924,1,water_balance,False,0.7820214953701865,pooled_feature_p02_p98
GROUP_complete,supervised,CY-Bench_wheat_AU|AU-123|2006,9,weather_cwb_sum,-622.6220000000001,-0.0244114529341459,1,water_balance,False,0.3596528068938086,pooled_feature_p02_p98
GROUP_complete,supervised,CY-Bench_wheat_AU|AU-123|2007,9,weather_cwb_sum,-473.051,-0.0163355991244316,1,water_balance,False,0.5169330026387816,pooled_feature_p02_p98
GROUP_complete,supervised,CY-Bench_wheat_AU|AU-123|2008,9,weather_cwb_sum,-445.003,-0.0258371271193027,1,water_balance,False,0.5464266540167559,pooled_feature_p02_p98
GROUP_complete,supervised,CY-Bench_wheat_AU|AU-123|2009,9,weather_cwb_sum,-524.471,-0.0083372686058282,1,water_balance,False,0.46286271050189337,pooled_feature_p02_p98
GROUP_complete,supervised,CY-Bench_wheat_AU|AU-123|2010,9,weather_cwb_sum,-5.697000000000003,-0.0801702179014682,1,water_balance,False,1.0,pooled_feature_p02_p98
GROUP_complete,supervised,CY-Bench_wheat_AU|AU-123|2011,9,weather_cwb_sum,-386.172,-0.0445496179163455,1,water_balance,False,0.6082899242755127,pooled_feature_p02_p98
GROUP_complete,supervised,CY-Bench_wheat_AU|AU-123|2012,9,weather_cwb_sum,-493.62799999999993,-0.0281512681394815,1,water_balance,False,0.4952954219055894,pooled_feature_p02_p98
GROUP_complete,supervised,CY-Bench_wheat_AU|AU-123|2013,9,weather_cwb_sum,-476.6410000000001,-0.0227523613721132,1,water_balance,False,0.5131579666844558,pooled_feature_p02_p98
GROUP_complete,supervised,CY-Bench_wheat_AU|AU-123|2014,9,weather_cwb_sum,-520.913,-0.0086284894496202,1,water_balance,False,0.4666040971106652,pooled_feature_p02_p98
GROUP_complete,supervised,CY-Bench_wheat_AU|AU-123|2015,9,weather_cwb_sum,-383.85800000000006,-0.0181831438094377,1,water_balance,False,0.6107231925758775,pooled_feature_p02_p98
GROUP_complete,supervised,CY-Bench_wheat_AU|AU-123|2016,9,weather_cwb_sum,-131.50300000000007,-0.0762592889368534,1,water_balance,False,0.8760850862399077,pooled_feature_p02_p98
GROUP_complete,supervised,CY-Bench_wheat_AU|AU-123|2017,9,weather_cwb_sum,-380.1880000000001,-0.0303690060973167,1,water_balance,False,0.6145823518940878,pooled_feature_p02_p98
GROUP_complete,supervised,CY-Bench_wheat_AU|AU-123|2018,9,weather_cwb_sum,-497.453,-0.0243810843676328,1,water_balance,False,0.4912732735698523,pooled_feature_p02_p98
GROUP_complete,supervised,CY-Bench_wheat_AU|AU-123|2019,9,weather_cwb_sum,-566.5260000000001,-0.0336408205330371,1,water_balance,False,0.4186401096497573,pooled_feature_p02_p98
GROUP_complete,supervised,CY-Bench_wheat_AU|AU-123|2020,9,weather_cwb_sum,-354.11400000000003,-0.0419553127139806,1,water_balance,False,0.6420002592682075,pooled_feature_p02_p98
GROUP_complete,supervised,CY-Bench_wheat_AU|AU-123|2021,9,weather_cwb_sum,-165.319,-0.1066730879247188,1,water_balance,False,0.8405261403258468,pooled_feature_p02_p98
GROUP_complete,supervised,CY-Bench_wheat_AU|AU-123|2022,9,weather_cwb_sum,-11.290000000000012,-0.1248370707035064,1,water_balance,False,1.0,pooled_feature_p02_p98
GROUP_complete,supervised,CY-Bench_wheat_AU|AU-123|2023,9,weather_cwb_sum,-447.679,-0.0059127826243638,1,water_balance,False,0.5436127274948129,pooled_feature_p02_p98
GROUP_complete,supervised,CY-Bench_wheat_AU|AU-222|2001,9,weather_cwb_sum,-154.56599999999997,-0.1549035403877496,1,water_balance,False,0.8518333719739986,pooled_feature_p02_p98
GROUP_complete,supervised,CY-Bench_wheat_AU|AU-222|2002,9,weather_cwb_sum,-394.011,-0.0780755821615457,1,water_balance,False,0.600046886156861,pooled_feature_p02_p98
GROUP_complete,supervised,CY-Bench_wheat_AU|AU-222|2003,9,weather_cwb_sum,-217.308,-0.1790089812129736,1,water_balance,False,0.7858575207633287,pooled_feature_p02_p98
GROUP_complete,supervised,CY-Bench_wheat_AU|AU-222|2004,9,weather_cwb_sum,-255.387,-0.1267298385500908,1,water_balance,False,0.7458158510962619,pooled_feature_p02_p98
GROUP_complete,supervised,CY-Bench_wheat_AU|AU-222|2005,9,weather_cwb_sum,-231.93899999999996,-0.1251515578478574,1,water_balance,False,0.7704724090508664,pooled_feature_p02_p98
GROUP_complete,supervised,CY-Bench_wheat_AU|AU-222|2006,9,weather_cwb_sum,-442.204,-0.0806044060736894,1,water_balance,False,0.5493699202106717,pooled_feature_p02_p98
GROUP_complete,supervised,CY-Bench_wheat_AU|AU-222|2007,9,weather_cwb_sum,-367.52199999999993,-0.0768972840160131,1,water_balance,False,0.6279011834811326,pooled_feature_p02_p98
GROUP_complete,supervised,CY-Bench_wheat_AU|AU-222|2008,9,weather_cwb_sum,-322.061,-0.1042482182383537,1,water_balance,False,0.6757053365506593,pooled_feature_p02_p98
GROUP_complete,supervised,CY-Bench_wheat_AU|AU-222|2009,9,weather_cwb_sum,-266.99899999999997,-0.1397413276135921,1,water_balance,False,0.7336053448283986,pooled_feature_p02_p98
GROUP_complete,supervised,CY-Bench_wheat_AU|AU-222|2010,9,weather_cwb_sum,-82.79199999999999,-0.0426744613796472,1,water_balance,False,0.9273067509672505,pooled_feature_p02_p98
GROUP_complete,supervised,CY-Bench_wheat_AU|AU-222|2011,9,weather_cwb_sum,-273.29300000000006,-0.1141393948346376,1,water_balance,False,0.72698693917477,pooled_feature_p02_p98
GROUP_complete,supervised,CY-Bench_wheat_AU|AU-222|2012,9,weather_cwb_sum,-327.19,-0.0991972777992487,1,water_balance,False,0.6703119773836019,pooled_feature_p02_p98
GROUP_complete,supervised,CY-Bench_wheat_AU|AU-222|2013,9,weather_cwb_sum,-229.693,-0.147361047565937,1,water_balance,False,0.7728341724919292,pooled_feature_p02_p98
GROUP_complete,supervised,CY-Bench_wheat_AU|AU-222|2014,9,weather_cwb_sum,-399.361,-0.0780983092263341,1,water_balance,False,0.594421136197072,pooled_feature_p02_p98
GROUP_complete,supervised,CY-Bench_wheat_AU|AU-222|2015,9,weather_cwb_sum,-384.056,-0.0778275281190872,1,water_balance,False,0.610514987250263,pooled_feature_p02_p98
GROUP_complete,supervised,CY-Bench_wheat_AU|AU-222|2016,9,weather_cwb_sum,-64.64100000000002,0.0599162522703409,1,water_balance,False,0.9463932906906395,pooled_feature_p02_p98
GROUP_complete,supervised,CY-Bench_wheat_AU|AU-222|2017,9,weather_cwb_sum,-246.497,-0.1411906955763697,1,water_balance,False,0.7551640599079489,pooled_feature_p02_p98
GROUP_complete,supervised,CY-Bench_wheat_AU|AU-222|2018,9,weather_cwb_sum,-333.32000000000005,-0.1099490523338317,1,water_balance,False,0.663866024625937,pooled_feature_p02_p98
GROUP_complete,supervised,CY-Bench_wheat_AU|AU-222|2019,9,weather_cwb_sum,-311.78,-0.0930680315941572,1,water_balance,False,0.6865162403518914,pooled_feature_p02_p98
GROUP_complete,supervised,CY-Bench_wheat_AU|AU-222|2020,9,weather_cwb_sum,-235.223,-0.1578628327697515,1,water_balance,False,0.7670191449633995,pooled_feature_p02_p98
GROUP_complete,supervised,CY-Bench_wheat_AU|AU-222|2021,9,weather_cwb_sum,-209.702,-0.1834171637892723,1,water_balance,False,0.7938555495846661,pooled_feature_p02_p98
GROUP_complete,supervised,CY-Bench_wheat_AU|AU-222|2022,9,weather_cwb_sum,109.95000000000005,0.359696720726788,1,water_balance,False,1.0,pooled_feature_p02_p98
GROUP_complete,supervised,CY-Bench_wheat_AU|AU-222|2023,9,weather_cwb_sum,-296.79099999999994,-0.0872812317684292,1,water_balance,False,0.7022778041177378,pooled_feature_p02_p98
GROUP_complete,supervised,CY-Bench_wheat_AU|AU-231|2001,9,weather_cwb_sum,-24.46700000000002,0.0575482621788978,1,water_balance,False,0.9886379409494366,pooled_feature_p02_p98
GROUP_complete,supervised,CY-Bench_wheat_AU|AU-231|2002,9,weather_cwb_sum,-236.671,0.0421313717961311,1,water_balance,False,0.7654965120770867,pooled_feature_p02_p98
GROUP_complete,supervised,CY-Bench_wheat_AU|AU-231|2003,9,weather_cwb_sum,-107.259,0.0543783903121948,1,water_balance,False,0.9015786716651648,pooled_feature_p02_p98
GROUP_complete,supervised,CY-Bench_wheat_AU|AU-231|2004,9,weather_cwb_sum,-69.35,0.0196712017059326,1,water_balance,False,0.9414415791839764,pooled_feature_p02_p98
GROUP_complete,supervised,CY-Bench_wheat_AU|AU-231|2005,9,weather_cwb_sum,-110.709,-0.0303750820457935,1,water_balance,False,0.8979508515976373,pooled_feature_p02_p98
GROUP_complete,supervised,CY-Bench_wheat_AU|AU-231|2006,9,weather_cwb_sum,-390.975,0.0044056512415409,1,water_balance,False,0.6032393678162853,pooled_feature_p02_p98
GROUP_complete,supervised,CY-Bench_wheat_AU|AU-231|2007,9,weather_cwb_sum,-187.239,-0.0315360184758901,1,water_balance,False,0.8174763386214401,pooled_feature_p02_p98
GROUP_complete,supervised,CY-Bench_wheat_AU|AU-231|2008,9,weather_cwb_sum,-219.716,0.0374978967010974,1,water_balance,False,0.7833254075103994,pooled_feature_p02_p98
GROUP_complete,supervised,CY-Bench_wheat_AU|AU-231|2009,9,weather_cwb_sum,-121.269,-0.0760562159121036,1,water_balance,False,0.8868465675648575,pooled_feature_p02_p98
GROUP_complete,supervised,CY-Bench_wheat_AU|AU-231|2010,9,weather_cwb_sum,137.92900000000003,0.1388370264321565,1,water_balance,False,1.0,pooled_feature_p02_p98
GROUP_complete,supervised,CY-Bench_wheat_AU|AU-231|2011,9,weather_cwb_sum,-137.037,-0.0264968890696764,1,water_balance,False,0.8702658525431839,pooled_feature_p02_p98
GROUP_complete,supervised,CY-Bench_wheat_AU|AU-231|2012,9,weather_cwb_sum,-174.98700000000002,-0.00029768794775,1,water_balance,False,0.8303598318003813,pooled_feature_p02_p98
GROUP_complete,supervised,CY-Bench_wheat_AU|AU-231|2013,9,weather_cwb_sum,-49.40400000000001,0.0496151335537433,1,water_balance,False,0.9624156368845282,pooled_feature_p02_p98
GROUP_complete,supervised,CY-Bench_wheat_AU|AU-231|2014,9,weather_cwb_sum,-256.048,-0.0059095118194818,1,water_balance,False,0.7451207818021647,pooled_feature_p02_p98
GROUP_complete,supervised,CY-Bench_wheat_AU|AU-231|2015,9,weather_cwb_sum,-304.873,0.0136177260428667,1,water_balance,False,0.6937792412812864,pooled_feature_p02_p98
GROUP_complete,supervised,CY-Bench_wheat_AU|AU-231|2016,9,weather_cwb_sum,73.61700000000002,0.0964443404227495,1,water_balance,False,1.0,pooled_feature_p02_p98
GROUP_complete,supervised,CY-Bench_wheat_AU|AU-231|2017,9,weather_cwb_sum,-99.57299999999998,-0.0402668192982673,1,water_balance,False,0.9096608238503869,pooled_feature_p02_p98
GROUP_complete,supervised,CY-Bench_wheat_AU|AU-231|2018,9,weather_cwb_sum,-220.413,0.0086219906806945,1,water_balance,False,0.7825924827025539,pooled_feature_p02_p98
GROUP_complete,supervised,CY-Bench_wheat_AU|AU-231|2019,9,weather_cwb_sum,-174.859,0.0213455036282539,1,water_balance,False,0.8304944291825967,pooled_feature_p02_p98
GROUP_complete,supervised,CY-Bench_wheat_AU|AU-231|2020,9,weather_cwb_sum,-83.57499999999999,-0.0200436487793922,1,water_balance,False,0.9264833935432291,pooled_feature_p02_p98
GROUP_complete,supervised,CY-Bench_wheat_AU|AU-231|2021,9,weather_cwb_sum,-52.818,0.0392869729548692,1,water_balance,False,0.9588256723307489,pooled_feature_p02_p98
GROUP_complete,supervised,CY-Bench_wheat_AU|AU-231|2022,9,weather_cwb_sum,173.534,0.1587668526917696,1,water_balance,False,1.0,pooled_feature_p02_p98
GROUP_complete,supervised,CY-Bench_wheat_AU|AU-231|2023,9,weather_cwb_sum,-224.91000000000005,0.0154541470110416,1,water_balance,False,0.7778636981101854,pooled_feature_p02_p98
GROUP_complete,supervised,CY-Bench_wheat_AU|AU-312|2003,9,weather_cwb_sum,-903.817,0.1947957556694746,1,water_balance,False,0.0639644405493456,pooled_feature_p02_p98
GROUP_complete,supervised,CY-Bench_wheat_AU|AU-312|2009,9,weather_cwb_sum,-928.065,0.2085399273782968,1,water_balance,False,0.038466648955894245,pooled_feature_p02_p98
GROUP_complete,supervised,CY-Bench_wheat_AU|AU-322|2001,9,weather_cwb_sum,-546.796,-0.0165216606110334,1,water_balance,False,0.4393870342678204,pooled_feature_p02_p98
GROUP_complete,supervised,CY-Bench_wheat_AU|AU-322|2002,9,weather_cwb_sum,-879.404,0.1794835776090622,1,water_balance,False,0.0896357365808091,pooled_feature_p02_p98
GROUP_complete,supervised,CY-Bench_wheat_AU|AU-322|2003,9,weather_cwb_sum,-641.3980000000001,0.0126810148358345,1,water_balance,False,0.3399090533900704,pooled_feature_p02_p98
GROUP_complete,supervised,CY-Bench_wheat_AU|AU-322|2004,9,weather_cwb_sum,-624.981,0.0143208168447017,1,water_balance,False,0.3571722192012587,pooled_feature_p02_p98
GROUP_complete,supervised,CY-Bench_wheat_AU|AU-322|2005,9,weather_cwb_sum,-540.456,-0.0008523203432559,1,water_balance,False,0.4460538108556826,pooled_feature_p02_p98
GROUP_complete,supervised,CY-Bench_wheat_AU|AU-322|2006,9,weather_cwb_sum,-789.0079999999998,0.0718065705150365,1,water_balance,False,0.18469093160232133,pooled_feature_p02_p98
GROUP_complete,supervised,CY-Bench_wheat_AU|AU-322|2007,9,weather_cwb_sum,-558.2260000000001,-0.0067081972956657,1,water_balance,False,0.42736790865279445,pooled_feature_p02_p98
GROUP_complete,supervised,CY-Bench_wheat_AU|AU-322|2008,9,weather_cwb_sum,-560.2669999999999,-0.0080396924167871,1,water_balance,False,0.4252217113316863,pooled_feature_p02_p98
GROUP_complete,supervised,CY-Bench_wheat_AU|AU-322|2009,9,weather_cwb_sum,-894.063,0.1153684072196483,1,water_balance,False,0.07422118169098715,pooled_feature_p02_p98
GROUP_complete,supervised,CY-Bench_wheat_AU|AU-322|2010,9,weather_cwb_sum,-162.77000000000004,0.0734561886638403,1,water_balance,False,0.8432065210076228,pooled_feature_p02_p98
GROUP_complete,supervised,CY-Bench_wheat_AU|AU-322|2011,9,weather_cwb_sum,-461.278,-0.0404744446277618,1,water_balance,False,0.5293128071764631,pooled_feature_p02_p98
GROUP_complete,supervised,CY-Bench_wheat_AU|AU-322|2012,9,weather_cwb_sum,-793.749,0.1088466979563236,1,water_balance,False,0.17970557075010432,pooled_feature_p02_p98
GROUP_complete,supervised,CY-Bench_wheat_AU|AU-322|2013,9,weather_cwb_sum,-838.6979999999999,0.1423571519553661,1,water_balance,False,0.1324398072094396,pooled_feature_p02_p98
GROUP_complete,supervised,CY-Bench_wheat_AU|AU-322|2014,9,weather_cwb_sum,-808.7,0.0936518982052803,1,water_balance,False,0.1639839655821032,pooled_feature_p02_p98
GROUP_complete,supervised,CY-Bench_wheat_AU|AU-322|2015,9,weather_cwb_sum,-707.591,0.0271667838096618,1,water_balance,False,0.2703043305698246,pooled_feature_p02_p98
GROUP_complete,supervised,CY-Bench_wheat_AU|AU-322|2016,9,weather_cwb_sum,-533.265,-0.0129178240895271,1,water_balance,False,0.45361544972686824,pooled_feature_p02_p98
GROUP_complete,supervised,CY-Bench_wheat_AU|AU-322|2017,9,weather_cwb_sum,-698.471,0.0300476960837841,1,water_balance,False,0.27989439405267996,pooled_feature_p02_p98
GROUP_complete,supervised,CY-Bench_wheat_AU|AU-322|2018,9,weather_cwb_sum,-755.7510000000001,0.0583718791604042,1,water_balance,False,0.21966206551123765,pooled_feature_p02_p98
GROUP_complete,supervised,CY-Bench_wheat_AU|AU-322|2019,9,weather_cwb_sum,-984.221,0.1432313825935125,1,water_balance,False,0.0,pooled_feature_p02_p98
GROUP_complete,supervised,CY-Bench_wheat_AU|AU-322|2020,9,weather_cwb_sum,-784.6600000000001,0.0662291888147592,1,water_balance,False,0.18926303642945427,pooled_feature_p02_p98
GROUP_complete,supervised,CY-Bench_wheat_AU|AU-322|2021,9,weather_cwb_sum,-431.375,-0.0258129592984914,1,water_balance,False,0.560757069054514,pooled_feature_p02_p98
GROUP_complete,supervised,CY-Bench_wheat_AU|AU-322|2022,9,weather_cwb_sum,-372.6629999999999,-0.0367735084146261,1,water_balance,False,0.6224952058094922,pooled_feature_p02_p98
GROUP_complete,supervised,CY-Bench_wheat_AU|AU-322|2023,9,weather_cwb_sum,-766.351,0.0526500195264816,1,water_balance,False,0.20851571979651556,pooled_feature_p02_p98
GROUP_complete,supervised,CY-Bench_wheat_AU|AU-331|2001,9,weather_cwb_sum,-570.1800000000001,0.0032892022281885,1,water_balance,False,0.4147977750043238,pooled_feature_p02_p98
GROUP_complete,supervised,CY-Bench_wheat_AU|AU-331|2002,9,weather_cwb_sum,-724.4680000000001,0.0157846678048372,1,water_balance,False,0.2525574554162994,pooled_feature_p02_p98
GROUP_complete,supervised,CY-Bench_wheat_AU|AU-331|2003,9,weather_cwb_sum,-602.02,-0.0009265150874853,1,water_balance,False,0.38131667617821496,pooled_feature_p02_p98
GROUP_complete,supervised,CY-Bench_wheat_AU|AU-331|2004,9,weather_cwb_sum,-575.125,0.0025613028556108,1,water_balance,False,0.4095978995742011,pooled_feature_p02_p98
GROUP_complete,supervised,CY-Bench_wheat_AU|AU-331|2005,9,weather_cwb_sum,-506.1550000000001,0.0031176935881376,1,water_balance,False,0.4821227546632944,pooled_feature_p02_p98
GROUP_complete,supervised,CY-Bench_wheat_AU|AU-331|2006,9,weather_cwb_sum,-618.451,-0.0018809512257575,1,water_balance,False,0.36403878877834694,pooled_feature_p02_p98
GROUP_complete,supervised,CY-Bench_wheat_AU|AU-331|2007,9,weather_cwb_sum,-453.3169999999999,-0.007830711081624,1,water_balance,False,0.5376841334250391,pooled_feature_p02_p98
GROUP_complete,supervised,CY-Bench_wheat_AU|AU-331|2008,9,weather_cwb_sum,-492.069,-0.011778412386775,1,water_balance,False,0.4969347759592923,pooled_feature_p02_p98
GROUP_complete,supervised,CY-Bench_wheat_AU|AU-331|2009,9,weather_cwb_sum,-763.03,0.0118887238204479,1,water_balance,False,0.212007890939779,pooled_feature_p02_p98
GROUP_complete,supervised,CY-Bench_wheat_AU|AU-331|2010,9,weather_cwb_sum,-117.73600000000002,0.132238395512104,1,water_balance,False,0.8905616656224153,pooled_feature_p02_p98
GROUP_complete,supervised,CY-Bench_wheat_AU|AU-331|2011,9,weather_cwb_sum,-518.087,-0.017523780465126,1,water_balance,False,0.4695757549398921,pooled_feature_p02_p98
GROUP_complete,supervised,CY-Bench_wheat_AU|AU-331|2012,9,weather_cwb_sum,-571.375,-0.0042368117719888,1,water_balance,False,0.4135411822562962,pooled_feature_p02_p98
GROUP_complete,supervised,CY-Bench_wheat_AU|AU-331|2013,9,weather_cwb_sum,-647.758,-0.0020301863551139,1,water_balance,False,0.33322124596123714,pooled_feature_p02_p98
GROUP_complete,supervised,CY-Bench_wheat_AU|AU-331|2014,9,weather_cwb_sum,-588.9659999999999,0.0012338533997535,1,water_balance,False,0.3950435060801003,pooled_feature_p02_p98
GROUP_complete,supervised,CY-Bench_wheat_AU|AU-331|2015,9,weather_cwb_sum,-585.49,0.0007626786828041,1,water_balance,False,0.3986986662408902,pooled_feature_p02_p98
GROUP_complete,supervised,CY-Bench_wheat_AU|AU-331|2016,9,weather_cwb_sum,-431.021,0.0013947486877441,1,water_balance,False,0.5611293149397036,pooled_feature_p02_p98
GROUP_complete,supervised,CY-Bench_wheat_AU|AU-331|2017,9,weather_cwb_sum,-524.74,0.0053471941500902,1,water_balance,False,0.4625798456908311,pooled_feature_p02_p98
GROUP_complete,supervised,CY-Bench_wheat_AU|AU-331|2018,9,weather_cwb_sum,-648.486,-0.0032075624912977,1,water_balance,False,0.3324557233498865,pooled_feature_p02_p98
GROUP_complete,supervised,CY-Bench_wheat_AU|AU-331|2019,9,weather_cwb_sum,-798.6740000000001,0.0392132010310888,1,water_balance,False,0.17452672616095266,pooled_feature_p02_p98
GROUP_complete,supervised,CY-Bench_wheat_AU|AU-331|2020,9,weather_cwb_sum,-664.1179999999999,-0.0035441610962152,1,water_balance,False,0.31601801804681695,pooled_feature_p02_p98
GROUP_complete,supervised,CY-Bench_wheat_AU|AU-331|2021,9,weather_cwb_sum,-330.645,0.0217423941940069,1,water_balance,False,0.6666788996058316,pooled_feature_p02_p98
GROUP_complete,supervised,CY-Bench_wheat_AU|AU-331|2022,9,weather_cwb_sum,-334.213,0.0014983508735895,1,water_balance,False,0.662926997576574,pooled_feature_p02_p98
GROUP_complete,supervised,CY-Bench_wheat_AU|AU-331|2023,9,weather_cwb_sum,-560.491,0.0082654524594545,1,water_balance,False,0.4249861659128091,pooled_feature_p02_p98
GROUP_complete,supervised,CY-Bench_wheat_AU|AU-332|2015,9,weather_cwb_sum,-452.861,-0.0153921879827976,1,water_balance,False,0.5381636365991818,pooled_feature_p02_p98
GROUP_complete,supervised,CY-Bench_wheat_AU|AU-411|2001,9,weather_cwb_sum,-317.17199999999997,-0.0491912364959716,1,water_balance,False,0.680846325626063,pooled_feature_p02_p98
GROUP_complete,supervised,CY-Bench_wheat_AU|AU-411|2002,9,weather_cwb_sum,-548.6569999999999,-0.044942719861865,1,water_balance,False,0.4374301145154528,pooled_feature_p02_p98
GROUP_complete,supervised,CY-Bench_wheat_AU|AU-411|2003,9,weather_cwb_sum,-395.333,-0.0484829135239124,1,water_balance,False,0.5986567475686665,pooled_feature_p02_p98
GROUP_complete,supervised,CY-Bench_wheat_AU|AU-411|2004,9,weather_cwb_sum,-391.726,-0.055706400424242,1,water_balance,False,0.6024496597378177,pooled_feature_p02_p98
GROUP_complete,supervised,CY-Bench_wheat_AU|AU-411|2005,9,weather_cwb_sum,-345.93899999999996,-0.0848851539194583,1,water_balance,False,0.6505966155151749,pooled_feature_p02_p98
GROUP_complete,supervised,CY-Bench_wheat_AU|AU-411|2006,9,weather_cwb_sum,-547.296,-0.0463977586477994,1,water_balance,False,0.4388612632435411,pooled_feature_p02_p98
GROUP_complete,supervised,CY-Bench_wheat_AU|AU-411|2007,9,weather_cwb_sum,-553.432,-0.0394630413502454,1,water_balance,False,0.43240900123358494,pooled_feature_p02_p98
GROUP_complete,supervised,CY-Bench_wheat_AU|AU-411|2008,9,weather_cwb_sum,-465.745,-0.0689538121223449,1,water_balance,False,0.5246155688455515,pooled_feature_p02_p98
GROUP_complete,supervised,CY-Bench_wheat_AU|AU-411|2009,9,weather_cwb_sum,-435.7070000000001,-0.1162031292915344,1,water_balance,False,0.5562017889001575,pooled_feature_p02_p98
GROUP_complete,supervised,CY-Bench_wheat_AU|AU-411|2010,9,weather_cwb_sum,-242.177,-0.0332817062735557,1,water_balance,False,0.7597067215577225,pooled_feature_p02_p98
GROUP_complete,supervised,CY-Bench_wheat_AU|AU-411|2011,9,weather_cwb_sum,-414.822,-0.0960553903132677,1,water_balance,False,0.578163244584306,pooled_feature_p02_p98
GROUP_complete,supervised,CY-Bench_wheat_AU|AU-411|2012,9,weather_cwb_sum,-538.1120000000001,-0.0468072947114706,1,water_balance,False,0.4485186254175041,pooled_feature_p02_p98
GROUP_complete,supervised,CY-Bench_wheat_AU|AU-411|2013,9,weather_cwb_sum,-495.404,-0.0685263127088546,1,water_balance,False,0.49342788322734904,pooled_feature_p02_p98
GROUP_complete,supervised,CY-Bench_wheat_AU|AU-411|2014,9,weather_cwb_sum,-539.328,-0.0519621018320322,1,water_balance,False,0.44723995028645686,pooled_feature_p02_p98
GROUP_complete,supervised,CY-Bench_wheat_AU|AU-411|2015,9,weather_cwb_sum,-449.428,-0.1099006813019514,1,water_balance,False,0.5417735804518837,pooled_feature_p02_p98
GROUP_complete,supervised,CY-Bench_wheat_AU|AU-411|2016,9,weather_cwb_sum,-364.278,-0.0575804747641086,1,water_balance,False,0.6313123858866568,pooled_feature_p02_p98
GROUP_complete,supervised,CY-Bench_wheat_AU|AU-411|2017,9,weather_cwb_sum,-495.625,-0.0569548849016428,1,water_balance,False,0.4931954924346176,pooled_feature_p02_p98
GROUP_complete,supervised,CY-Bench_wheat_AU|AU-411|2018,9,weather_cwb_sum,-478.418,-0.0764526184648275,1,water_balance,False,0.5112893764641671,pooled_feature_p02_p98
GROUP_complete,supervised,CY-Bench_wheat_AU|AU-411|2019,9,weather_cwb_sum,-574.394,-0.0206721015274524,1,water_balance,False,0.4103665768116975,pooled_feature_p02_p98
GROUP_complete,supervised,CY-Bench_wheat_AU|AU-411|2020,9,weather_cwb_sum,-395.374,-0.0791807435452938,1,water_balance,False,0.5986136343446755,pooled_feature_p02_p98
GROUP_complete,supervised,CY-Bench_wheat_AU|AU-411|2021,9,weather_cwb_sum,-373.8620000000001,-0.0579319540411233,1,water_balance,False,0.6212344068932703,pooled_feature_p02_p98
GROUP_complete,supervised,CY-Bench_wheat_AU|AU-411|2022,9,weather_cwb_sum,-261.46,-0.0321428887546062,1,water_balance,False,0.7394298362353652,pooled_feature_p02_p98
GROUP_complete,supervised,CY-Bench_wheat_AU|AU-411|2023,9,weather_cwb_sum,-527.411,-0.0548205710947513,1,water_balance,False,0.4597711768791309,pooled_feature_p02_p98
GROUP_complete,supervised,CY-Bench_wheat_AU|AU-421|2001,9,weather_cwb_sum,-371.443,-0.0778845492750406,1,water_balance,False,0.6237780871087338,pooled_feature_p02_p98
GROUP_complete,supervised,CY-Bench_wheat_AU|AU-421|2002,9,weather_cwb_sum,-579.225,-0.0140094459056854,1,water_balance,False,0.4052865771751104,pooled_feature_p02_p98
GROUP_complete,supervised,CY-Bench_wheat_AU|AU-421|2003,9,weather_cwb_sum,-465.267,-0.0652547217905521,1,water_balance,False,0.5251182059447626,pooled_feature_p02_p98
GROUP_complete,supervised,CY-Bench_wheat_AU|AU-421|2004,9,weather_cwb_sum,-489.949,-0.0468032881617546,1,water_balance,False,0.4991640451022367,pooled_feature_p02_p98
GROUP_complete,supervised,CY-Bench_wheat_AU|AU-421|2005,9,weather_cwb_sum,-446.41,-0.0687880087643861,1,water_balance,False,0.544947134354434,pooled_feature_p02_p98
GROUP_complete,supervised,CY-Bench_wheat_AU|AU-421|2006,9,weather_cwb_sum,-685.743,0.0706964395940303,1,water_balance,False,0.29327842124673503,pooled_feature_p02_p98
GROUP_complete,supervised,CY-Bench_wheat_AU|AU-421|2007,9,weather_cwb_sum,-660.239,0.0424907803535461,1,water_balance,False,0.3200969496531761,pooled_feature_p02_p98
GROUP_complete,supervised,CY-Bench_wheat_AU|AU-421|2008,9,weather_cwb_sum,-523.5830000000001,-0.0500706806778907,1,water_balance,False,0.4637964798410134,pooled_feature_p02_p98
GROUP_complete,supervised,CY-Bench_wheat_AU|AU-421|2009,9,weather_cwb_sum,-497.085,-0.062078109011054,1,water_balance,False,0.4916602410437219,pooled_feature_p02_p98
GROUP_complete,supervised,CY-Bench_wheat_AU|AU-421|2010,9,weather_cwb_sum,-267.095,-0.0585279036313295,1,water_balance,False,0.7335043967917367,pooled_feature_p02_p98
GROUP_complete,supervised,CY-Bench_wheat_AU|AU-421|2011,9,weather_cwb_sum,-461.859,-0.0599930975586175,1,water_balance,False,0.5287018612462506,pooled_feature_p02_p98
GROUP_complete,supervised,CY-Bench_wheat_AU|AU-421|2012,9,weather_cwb_sum,-622.063,0.0110516045242547,1,water_balance,False,0.360240618898953,pooled_feature_p02_p98
GROUP_complete,supervised,CY-Bench_wheat_AU|AU-421|2013,9,weather_cwb_sum,-536.036,-0.0433275792747736,1,water_balance,False,0.4507016267103121,pooled_feature_p02_p98
GROUP_complete,supervised,CY-Bench_wheat_AU|AU-421|2014,9,weather_cwb_sum,-628.6469999999999,0.0133354067802429,1,water_balance,False,0.35331726605124253,pooled_feature_p02_p98
GROUP_complete,supervised,CY-Bench_wheat_AU|AU-421|2015,9,weather_cwb_sum,-529.414,-0.0509498789906501,1,water_balance,False,0.45766493815586773,pooled_feature_p02_p98
GROUP_complete,supervised,CY-Bench_wheat_AU|AU-421|2016,9,weather_cwb_sum,-480.0499999999999,-0.0751810986548662,1,water_balance,False,0.5095732598409194,pooled_feature_p02_p98
GROUP_complete,supervised,CY-Bench_wheat_AU|AU-421|2017,9,weather_cwb_sum,-487.5519999999999,-0.0453083533793687,1,water_balance,False,0.501684591392632,pooled_feature_p02_p98
GROUP_complete,supervised,CY-Bench_wheat_AU|AU-421|2018,9,weather_cwb_sum,-492.33399999999995,-0.0553471539169549,1,water_balance,False,0.49665611731642434,pooled_feature_p02_p98
GROUP_complete,supervised,CY-Bench_wheat_AU|AU-421|2019,9,weather_cwb_sum,-617.519,0.001029709354043,1,water_balance,False,0.36501882596760366,pooled_feature_p02_p98
GROUP_complete,supervised,CY-Bench_wheat_AU|AU-421|2020,9,weather_cwb_sum,-489.783,-0.0536427646875381,1,water_balance,False,0.4993386010822975,pooled_feature_p02_p98
GROUP_complete,supervised,CY-Bench_wheat_AU|AU-421|2021,9,weather_cwb_sum,-417.371,-0.076238652691245,1,water_balance,False,0.5754828639025299,pooled_feature_p02_p98
GROUP_complete,supervised,CY-Bench_wheat_AU|AU-421|2022,9,weather_cwb_sum,-333.566,-0.0544746480882167,1,water_balance,False,0.6636073452819917,pooled_feature_p02_p98
GROUP_complete,supervised,CY-Bench_wheat_AU|AU-421|2023,9,weather_cwb_sum,-522.7370000000001,-0.0510913413017988,1,water_balance,False,0.4646860844140941,pooled_feature_p02_p98
GROUP_complete,supervised,CY-Bench_wheat_AU|AU-422|2001,9,weather_cwb_sum,-220.109,-0.0328991115093231,1,water_balance,False,0.7829121514853157,pooled_feature_p02_p98
GROUP_complete,supervised,CY-Bench_wheat_AU|AU-422|2002,9,weather_cwb_sum,-440.443,-0.0339577095583081,1,water_balance,False,0.5512216857581836,pooled_feature_p02_p98
GROUP_complete,supervised,CY-Bench_wheat_AU|AU-422|2003,9,weather_cwb_sum,-299.094,-0.0586332073435187,1,water_balance,False,0.6998561027799071,pooled_feature_p02_p98
GROUP_complete,supervised,CY-Bench_wheat_AU|AU-422|2004,9,weather_cwb_sum,-305.36100000000005,-0.058077435940504,1,water_balance,False,0.6932660887615897,pooled_feature_p02_p98
GROUP_complete,supervised,CY-Bench_wheat_AU|AU-422|2005,9,weather_cwb_sum,-241.976,-0.028722527436912,1,water_balance,False,0.7599180815094827,pooled_feature_p02_p98
GROUP_complete,supervised,CY-Bench_wheat_AU|AU-422|2006,9,weather_cwb_sum,-468.4009999999999,-0.0292855352163314,1,water_balance,False,0.5218226731645796,pooled_feature_p02_p98
GROUP_complete,supervised,CY-Bench_wheat_AU|AU-422|2007,9,weather_cwb_sum,-418.636,-0.039629878476262,1,water_balance,False,0.574152663211103,pooled_feature_p02_p98
GROUP_complete,supervised,CY-Bench_wheat_AU|AU-422|2008,9,weather_cwb_sum,-382.102,-0.0550371222198009,1,water_balance,False,0.6125697004131466,pooled_feature_p02_p98
GROUP_complete,supervised,CY-Bench_wheat_AU|AU-422|2009,9,weather_cwb_sum,-327.394,-0.0451585063710808,1,water_balance,False,0.6700974628056958,pooled_feature_p02_p98
GROUP_complete,supervised,CY-Bench_wheat_AU|AU-422|2010,9,weather_cwb_sum,-157.36100000000002,-0.0010996274650096,1,water_balance,False,0.8488943119482769,pooled_feature_p02_p98
GROUP_complete,supervised,CY-Bench_wheat_AU|AU-422|2011,9,weather_cwb_sum,-332.39500000000004,-0.0562501763924956,1,water_balance,False,0.6648387010208537,pooled_feature_p02_p98
GROUP_complete,supervised,CY-Bench_wheat_AU|AU-422|2012,9,weather_cwb_sum,-398.542,-0.0480494862422347,1,water_balance,False,0.5952823491348416,pooled_feature_p02_p98
GROUP_complete,supervised,CY-Bench_wheat_AU|AU-422|2013,9,weather_cwb_sum,-357.54599999999994,-0.0549946017563343,1,water_balance,False,0.638391366957554,pooled_feature_p02_p98
GROUP_complete,supervised,CY-Bench_wheat_AU|AU-422|2014,9,weather_cwb_sum,-420.273,-0.0383592285215854,1,water_balance,False,0.5724312888776125,pooled_feature_p02_p98
GROUP_complete,supervised,CY-Bench_wheat_AU|AU-422|2015,9,weather_cwb_sum,-371.972,-0.0484963525086641,1,water_balance,False,0.6232218213650462,pooled_feature_p02_p98
GROUP_complete,supervised,CY-Bench_wheat_AU|AU-422|2016,9,weather_cwb_sum,-183.147,-0.0153077105060219,1,water_balance,False,0.8217792486841423,pooled_feature_p02_p98
GROUP_complete,supervised,CY-Bench_wheat_AU|AU-422|2017,9,weather_cwb_sum,-359.53,-0.0528028458356857,1,water_balance,False,0.6363051075332136,pooled_feature_p02_p98
GROUP_complete,supervised,CY-Bench_wheat_AU|AU-422|2018,9,weather_cwb_sum,-413.611,-0.0412064148113131,1,water_balance,False,0.5794366620051107,pooled_feature_p02_p98
GROUP_complete,supervised,CY-Bench_wheat_AU|AU-422|2019,9,weather_cwb_sum,-416.913,-0.0388434780761599,1,water_balance,False,0.5759644701607698,pooled_feature_p02_p98
GROUP_complete,supervised,CY-Bench_wheat_AU|AU-422|2020,9,weather_cwb_sum,-304.1,-0.0524499481543898,1,water_balance,False,0.6945920832848221,pooled_feature_p02_p98
GROUP_complete,supervised,CY-Bench_wheat_AU|AU-422|2021,9,weather_cwb_sum,-275.55,-0.0448798388242721,1,water_balance,False,0.724613608771173,pooled_feature_p02_p98
GROUP_complete,supervised,CY-Bench_wheat_AU|AU-422|2022,9,weather_cwb_sum,-66.94,0.0443608947098255,1,water_balance,False,0.943975795521003,pooled_feature_p02_p98
GROUP_complete,supervised,CY-Bench_wheat_AU|AU-422|2023,9,weather_cwb_sum,-428.663,-0.0358620807528495,1,water_balance,False,0.5636088510902051,pooled_feature_p02_p98
GROUP_complete,supervised,CY-Bench_wheat_AU|AU-431|2001,9,weather_cwb_sum,-171.21900000000002,-0.05982980784028765,2,water_balance,False,0.8343220422393505,pooled_feature_p02_p98
GROUP_complete,supervised,CY-Bench_wheat_AU|AU-431|2002,9,weather_cwb_sum,-353.164,-0.01375728845596315,2,water_balance,False,0.6429992242143382,pooled_feature_p02_p98
GROUP_complete,supervised,CY-Bench_wheat_AU|AU-431|2003,9,weather_cwb_sum,-261.595,-0.02652665972709655,2,water_balance,False,0.7392878780588096,pooled_feature_p02_p98
GROUP_complete,supervised,CY-Bench_wheat_AU|AU-431|2004,9,weather_cwb_sum,-283.184,-0.03438394609838725,2,water_balance,False,0.7165861367724758,pooled_feature_p02_p98
GROUP_complete,supervised,CY-Bench_wheat_AU|AU-431|2005,9,weather_cwb_sum,-250.85699999999997,-0.016388526186347,2,water_balance,False,0.750579336576233,pooled_feature_p02_p98
GROUP_complete,supervised,CY-Bench_wheat_AU|AU-431|2006,9,weather_cwb_sum,-501.57499999999993,-0.03135917149484155,2,water_balance,False,0.4869388172456934,pooled_feature_p02_p98
GROUP_complete,supervised,CY-Bench_wheat_AU|AU-431|2007,9,weather_cwb_sum,-384.90600000000006,-0.0094252834096551,2,water_balance,False,0.609621176508988,pooled_feature_p02_p98
GROUP_complete,supervised,CY-Bench_wheat_AU|AU-431|2008,9,weather_cwb_sum,-354.531,-0.02065157098695635,2,water_balance,False,0.6415617662339584,pooled_feature_p02_p98
GROUP_complete,supervised,CY-Bench_wheat_AU|AU-431|2009,9,weather_cwb_sum,-289.37800000000004,-0.0347127877175808,2,water_balance,False,0.7100728853237033,pooled_feature_p02_p98
GROUP_complete,supervised,CY-Bench_wheat_AU|AU-431|2010,9,weather_cwb_sum,-144.44,-0.0683560315519571,2,water_balance,False,0.862481286757704,pooled_feature_p02_p98
GROUP_complete,supervised,CY-Bench_wheat_AU|AU-431|2011,9,weather_cwb_sum,-317.087,-0.0176602536812425,2,water_balance,False,0.6809357067001904,pooled_feature_p02_p98
GROUP_complete,supervised,CY-Bench_wheat_AU|AU-431|2012,9,weather_cwb_sum,-353.743,-0.0094323894008994,2,water_balance,False,0.6423903813682227,pooled_feature_p02_p98
GROUP_complete,supervised,CY-Bench_wheat_AU|AU-431|2013,9,weather_cwb_sum,-277.01000000000005,-0.0326664745807648,2,water_balance,False,0.7230783573802771,pooled_feature_p02_p98
GROUP_complete,supervised,CY-Bench_wheat_AU|AU-431|2014,9,weather_cwb_sum,-414.741,-0.02251092530786985,2,water_balance,False,0.5782484194902393,pooled_feature_p02_p98
GROUP_complete,supervised,CY-Bench_wheat_AU|AU-431|2015,9,weather_cwb_sum,-410.145,-0.019357268698513497,2,water_balance,False,0.5830813067454151,pooled_feature_p02_p98
GROUP_complete,supervised,CY-Bench_wheat_AU|AU-431|2016,9,weather_cwb_sum,-128.25799999999998,-0.022560792509466403,2,water_balance,False,0.8794973401874808,pooled_feature_p02_p98
GROUP_complete,supervised,CY-Bench_wheat_AU|AU-431|2017,9,weather_cwb_sum,-264.7850000000001,-0.052797813899815096,2,water_balance,False,0.7359334589239073,pooled_feature_p02_p98
GROUP_complete,supervised,CY-Bench_wheat_AU|AU-431|2018,9,weather_cwb_sum,-335.1700000000001,-0.017759348265826702,2,water_balance,False,0.6619206718361034,pooled_feature_p02_p98
GROUP_complete,supervised,CY-Bench_wheat_AU|AU-431|2019,9,weather_cwb_sum,-343.591,-0.015812772326171398,2,water_balance,False,0.6530656362451907,pooled_feature_p02_p98
GROUP_complete,supervised,CY-Bench_wheat_AU|AU-431|2020,9,weather_cwb_sum,-291.498,-0.03494581673294305,2,water_balance,False,0.707843616180759,pooled_feature_p02_p98
GROUP_complete,supervised,CY-Bench_wheat_AU|AU-431|2021,9,weather_cwb_sum,-268.826,-0.019942368380725353,2,water_balance,False,0.7316841775056817,pooled_feature_p02_p98
GROUP_complete,supervised,CY-Bench_wheat_AU|AU-431|2022,9,weather_cwb_sum,-31.856000000000005,0.09608313255012035,2,water_balance,False,0.9808680967526363,pooled_feature_p02_p98
GROUP_complete,supervised,CY-Bench_wheat_AU|AU-431|2023,9,weather_cwb_sum,-365.611,-0.02343642152845855,2,water_balance,False,0.6299106803359281,pooled_feature_p02_p98
GROUP_complete,supervised,CY-Bench_wheat_AU|AU-521|2001,9,weather_cwb_sum,-371.057,-0.1014208998531103,1,water_balance,False,0.6241839823394775,pooled_feature_p02_p98
GROUP_complete,supervised,CY-Bench_wheat_AU|AU-521|2002,9,weather_cwb_sum,-540.735,-0.0333226174116134,1,water_balance,False,0.44576043062413473,pooled_feature_p02_p98
GROUP_complete,supervised,CY-Bench_wheat_AU|AU-521|2003,9,weather_cwb_sum,-394.0,-0.0889244740828871,1,water_balance,False,0.6000584531193952,pooled_feature_p02_p98
GROUP_complete,supervised,CY-Bench_wheat_AU|AU-521|2004,9,weather_cwb_sum,-475.2060000000001,-0.0877131801098585,1,water_balance,False,0.5146669295241375,pooled_feature_p02_p98
GROUP_complete,supervised,CY-Bench_wheat_AU|AU-521|2005,9,weather_cwb_sum,-440.832,-0.1163289761170744,1,water_balance,False,0.5508126359012944,pooled_feature_p02_p98
GROUP_complete,supervised,CY-Bench_wheat_AU|AU-521|2006,9,weather_cwb_sum,-553.221,-0.0205364562571048,1,water_balance,False,0.4326308766058308,pooled_feature_p02_p98
GROUP_complete,supervised,CY-Bench_wheat_AU|AU-521|2007,9,weather_cwb_sum,-508.523,-0.0548122022300958,1,water_balance,False,0.4796327030923075,pooled_feature_p02_p98
GROUP_complete,supervised,CY-Bench_wheat_AU|AU-521|2008,9,weather_cwb_sum,-331.922,-0.0794833991676569,1,water_balance,False,0.6653360804098221,pooled_feature_p02_p98
GROUP_complete,supervised,CY-Bench_wheat_AU|AU-521|2009,9,weather_cwb_sum,-459.183,-0.0802172273397445,1,water_balance,False,0.5315157877681936,pooled_feature_p02_p98
GROUP_complete,supervised,CY-Bench_wheat_AU|AU-521|2010,9,weather_cwb_sum,-579.6500000000001,-0.0181305315345525,1,water_balance,False,0.4048396718044729,pooled_feature_p02_p98
GROUP_complete,supervised,CY-Bench_wheat_AU|AU-521|2011,9,weather_cwb_sum,-323.95,-0.0605792477726936,1,water_balance,False,0.6737189736209321,pooled_feature_p02_p98
GROUP_complete,supervised,CY-Bench_wheat_AU|AU-521|2012,9,weather_cwb_sum,-503.91,-0.0591696631163358,1,water_balance,False,0.48448346656230873,pooled_feature_p02_p98
GROUP_complete,supervised,CY-Bench_wheat_AU|AU-521|2013,9,weather_cwb_sum,-450.633,-0.0707678608596324,1,water_balance,False,0.5405064722833706,pooled_feature_p02_p98
GROUP_complete,supervised,CY-Bench_wheat_AU|AU-521|2014,9,weather_cwb_sum,-472.66,-0.066991351544857,1,water_balance,False,0.5173441555797681,pooled_feature_p02_p98
GROUP_complete,supervised,CY-Bench_wheat_AU|AU-521|2015,9,weather_cwb_sum,-480.502,-0.0627111345529556,1,water_balance,False,0.5090979628349708,pooled_feature_p02_p98
GROUP_complete,supervised,CY-Bench_wheat_AU|AU-521|2016,9,weather_cwb_sum,-485.42599999999993,-0.0988382305949926,1,water_balance,False,0.5039201697878678,pooled_feature_p02_p98
GROUP_complete,supervised,CY-Bench_wheat_AU|AU-521|2017,9,weather_cwb_sum,-469.623,-0.0694686565548181,1,water_balance,False,0.5205376887812408,pooled_feature_p02_p98
GROUP_complete,supervised,CY-Bench_wheat_AU|AU-521|2018,9,weather_cwb_sum,-410.2809999999999,-0.0964921042323112,1,water_balance,False,0.5829382970268112,pooled_feature_p02_p98
GROUP_complete,supervised,CY-Bench_wheat_AU|AU-521|2019,9,weather_cwb_sum,-587.002,-0.0029136687517166,1,water_balance,False,0.3971087346634695,pooled_feature_p02_p98
GROUP_complete,supervised,CY-Bench_wheat_AU|AU-521|2020,9,weather_cwb_sum,-497.015,-0.0606235153973102,1,water_balance,False,0.491733848987121,pooled_feature_p02_p98
GROUP_complete,supervised,CY-Bench_wheat_AU|AU-521|2021,9,weather_cwb_sum,-414.11,-0.1012062942609191,1,water_balance,False,0.5789119425228798,pooled_feature_p02_p98
GROUP_complete,supervised,CY-Bench_wheat_AU|AU-521|2022,9,weather_cwb_sum,-365.37,-0.1026263926178217,1,water_balance,False,0.6301641019696308,pooled_feature_p02_p98
GROUP_complete,supervised,CY-Bench_wheat_AU|AU-521|2023,9,weather_cwb_sum,-607.918,-0.0044607743620872,1,water_balance,False,0.3751146811758157,pooled_feature_p02_p98
GROUP_complete,supervised,CY-Bench_wheat_AU|AU-522|2001,9,weather_cwb_sum,-483.1629999999999,0.0240428112447261,1,water_balance,False,0.5062998094437562,pooled_feature_p02_p98
GROUP_complete,supervised,CY-Bench_wheat_AU|AU-522|2002,9,weather_cwb_sum,-633.778,-0.0012311860918998,1,water_balance,False,0.3479218038000878,pooled_feature_p02_p98
GROUP_complete,supervised,CY-Bench_wheat_AU|AU-522|2003,9,weather_cwb_sum,-493.624,-0.0103192664682865,1,water_balance,False,0.4952996280737835,pooled_feature_p02_p98
GROUP_complete,supervised,CY-Bench_wheat_AU|AU-522|2004,9,weather_cwb_sum,-491.0309999999999,0.0043717045336961,1,water_balance,False,0.49802627660569637,pooled_feature_p02_p98
GROUP_complete,supervised,CY-Bench_wheat_AU|AU-522|2005,9,weather_cwb_sum,-495.9380000000001,0.0188967809081077,1,water_balance,False,0.4928663597734186,pooled_feature_p02_p98
GROUP_complete,supervised,CY-Bench_wheat_AU|AU-522|2006,9,weather_cwb_sum,-629.775,0.018614949658513,1,water_balance,False,0.3521311266204683,pooled_feature_p02_p98
GROUP_complete,supervised,CY-Bench_wheat_AU|AU-522|2007,9,weather_cwb_sum,-617.746,0.0067494586110115,1,water_balance,False,0.36478012592258086,pooled_feature_p02_p98
GROUP_complete,supervised,CY-Bench_wheat_AU|AU-522|2008,9,weather_cwb_sum,-445.2919999999999,0.0244275778532028,1,water_balance,False,0.5461227583647226,pooled_feature_p02_p98
GROUP_complete,supervised,CY-Bench_wheat_AU|AU-522|2009,9,weather_cwb_sum,-474.9229999999999,0.0111054088920354,1,water_balance,False,0.5149645159238798,pooled_feature_p02_p98
GROUP_complete,supervised,CY-Bench_wheat_AU|AU-522|2010,9,weather_cwb_sum,-618.813,-0.019387537613511,1,water_balance,False,0.3636581305567687,pooled_feature_p02_p98
GROUP_complete,supervised,CY-Bench_wheat_AU|AU-522|2011,9,weather_cwb_sum,-436.36000000000007,0.0137685444205999,1,water_balance,False,0.5555151319424488,pooled_feature_p02_p98
GROUP_complete,supervised,CY-Bench_wheat_AU|AU-522|2012,9,weather_cwb_sum,-582.9699999999999,-0.0273710209876298,1,water_balance,False,0.4013485522032582,pooled_feature_p02_p98
GROUP_complete,supervised,CY-Bench_wheat_AU|AU-522|2013,9,weather_cwb_sum,-537.4970000000001,-0.0449570752680301,1,water_balance,False,0.44916532377736773,pooled_feature_p02_p98
GROUP_complete,supervised,CY-Bench_wheat_AU|AU-522|2014,9,weather_cwb_sum,-572.679,0.0121740996837615,1,water_balance,False,0.4121699714249757,pooled_feature_p02_p98
GROUP_complete,supervised,CY-Bench_wheat_AU|AU-522|2015,9,weather_cwb_sum,-557.0730000000001,-0.0170553643256425,1,water_balance,False,0.4285803366347826,pooled_feature_p02_p98
GROUP_complete,supervised,CY-Bench_wheat_AU|AU-522|2016,9,weather_cwb_sum,-496.9789999999999,0.0188658442348241,1,water_balance,False,0.49177170450086916,pooled_feature_p02_p98
GROUP_complete,supervised,CY-Bench_wheat_AU|AU-522|2017,9,weather_cwb_sum,-569.8270000000001,-0.0334286540746688,1,water_balance,False,0.41516896934746494,pooled_feature_p02_p98
GROUP_complete,supervised,CY-Bench_wheat_AU|AU-522|2018,9,weather_cwb_sum,-461.4200000000001,0.03053879737854,1,water_balance,False,0.5291634882055678,pooled_feature_p02_p98
GROUP_complete,supervised,CY-Bench_wheat_AU|AU-522|2019,9,weather_cwb_sum,-642.3799999999999,0.0189793352037668,1,water_balance,False,0.338876439098386,pooled_feature_p02_p98
GROUP_complete,supervised,CY-Bench_wheat_AU|AU-522|2020,9,weather_cwb_sum,-563.2570000000001,-0.0178654287010431,1,water_balance,False,0.4220776006064957,pooled_feature_p02_p98
GROUP_complete,supervised,CY-Bench_wheat_AU|AU-522|2021,9,weather_cwb_sum,-449.27899999999994,0.0181279592216014,1,water_balance,False,0.5419302602171191,pooled_feature_p02_p98
GROUP_complete,supervised,CY-Bench_wheat_AU|AU-522|2022,9,weather_cwb_sum,-420.71899999999994,0.0211488530039787,1,water_balance,False,0.5719623011239555,pooled_feature_p02_p98
GROUP_complete,supervised,CY-Bench_wheat_AU|AU-522|2023,9,weather_cwb_sum,-663.895,0.0395134110003709,1,water_balance,False,0.3162525119236455,pooled_feature_p02_p98
SPATIAL_complete,supervised,CY-Bench_wheat_AU|AU-222|2001,0,weather_observed_days,163.0,0.016293201285103965,3,observation_support,False,0.2619047619047619,pooled_feature_p02_p98
SPATIAL_complete,supervised,CY-Bench_wheat_AU|AU-222|2002,0,weather_observed_days,163.0,-0.007848612343271569,3,observation_support,False,0.2619047619047619,pooled_feature_p02_p98
SPATIAL_complete,supervised,CY-Bench_wheat_AU|AU-222|2003,0,weather_observed_days,163.0,-0.0147316704193751,3,observation_support,False,0.2619047619047619,pooled_feature_p02_p98
SPATIAL_complete,supervised,CY-Bench_wheat_AU|AU-222|2004,0,weather_observed_days,163.0,-0.034052319824695566,3,observation_support,False,0.2619047619047619,pooled_feature_p02_p98
SPATIAL_complete,supervised,CY-Bench_wheat_AU|AU-222|2005,0,weather_observed_days,163.0,-0.012462234124541264,3,observation_support,False,0.2619047619047619,pooled_feature_p02_p98
SPATIAL_complete,supervised,CY-Bench_wheat_AU|AU-222|2006,0,weather_observed_days,163.0,0.13221908329675594,3,observation_support,False,0.2619047619047619,pooled_feature_p02_p98
SPATIAL_complete,supervised,CY-Bench_wheat_AU|AU-222|2007,0,weather_observed_days,163.0,-0.028259919956326467,3,observation_support,False,0.2619047619047619,pooled_feature_p02_p98
SPATIAL_complete,supervised,CY-Bench_wheat_AU|AU-222|2008,0,weather_observed_days,163.0,-0.015135316178202601,3,observation_support,False,0.2619047619047619,pooled_feature_p02_p98
SPATIAL_complete,supervised,CY-Bench_wheat_AU|AU-222|2009,0,weather_observed_days,163.0,-0.0517447538052996,3,observation_support,False,0.2619047619047619,pooled_feature_p02_p98
SPATIAL_complete,supervised,CY-Bench_wheat_AU|AU-222|2010,0,weather_observed_days,163.0,-0.008273945500453331,3,observation_support,False,0.2619047619047619,pooled_feature_p02_p98
SPATIAL_complete,supervised,CY-Bench_wheat_AU|AU-222|2011,0,weather_observed_days,163.0,-0.057433721298972736,3,observation_support,False,0.2619047619047619,pooled_feature_p02_p98
SPATIAL_complete,supervised,CY-Bench_wheat_AU|AU-222|2012,0,weather_observed_days,163.0,-0.023648615305622397,3,observation_support,False,0.2619047619047619,pooled_feature_p02_p98
SPATIAL_complete,supervised,CY-Bench_wheat_AU|AU-222|2013,0,weather_observed_days,163.0,-0.0448348360757033,3,observation_support,False,0.2619047619047619,pooled_feature_p02_p98
SPATIAL_complete,supervised,CY-Bench_wheat_AU|AU-222|2014,0,weather_observed_days,163.0,0.0024214222406347637,3,observation_support,False,0.2619047619047619,pooled_feature_p02_p98
SPATIAL_complete,supervised,CY-Bench_wheat_AU|AU-222|2015,0,weather_observed_days,163.0,-0.011260803168018668,3,observation_support,False,0.2619047619047619,pooled_feature_p02_p98
SPATIAL_complete,supervised,CY-Bench_wheat_AU|AU-222|2016,0,weather_observed_days,163.0,-0.036385938525199904,3,observation_support,False,0.2619047619047619,pooled_feature_p02_p98
SPATIAL_complete,supervised,CY-Bench_wheat_AU|AU-222|2017,0,weather_observed_days,163.0,-0.05148552792767683,3,observation_support,False,0.2619047619047619,pooled_feature_p02_p98
SPATIAL_complete,supervised,CY-Bench_wheat_AU|AU-222|2018,0,weather_observed_days,163.0,-0.011334194801747804,3,observation_support,False,0.2619047619047619,pooled_feature_p02_p98
SPATIAL_complete,supervised,CY-Bench_wheat_AU|AU-222|2019,0,weather_observed_days,163.0,0.004064653379221794,3,observation_support,False,0.2619047619047619,pooled_feature_p02_p98
SPATIAL_complete,supervised,CY-Bench_wheat_AU|AU-222|2020,0,weather_observed_days,163.0,-0.045888003582755736,3,observation_support,False,0.2619047619047619,pooled_feature_p02_p98
SPATIAL_complete,supervised,CY-Bench_wheat_AU|AU-222|2021,0,weather_observed_days,163.0,-0.02615280201037723,3,observation_support,False,0.2619047619047619,pooled_feature_p02_p98
SPATIAL_complete,supervised,CY-Bench_wheat_AU|AU-222|2022,0,weather_observed_days,163.0,-0.06707238436987002,3,observation_support,False,0.2619047619047619,pooled_feature_p02_p98
SPATIAL_complete,supervised,CY-Bench_wheat_AU|AU-222|2023,0,weather_observed_days,163.0,-0.028328414385517434,3,observation_support,False,0.2619047619047619,pooled_feature_p02_p98
SPATIAL_complete,supervised,CY-Bench_wheat_AU|AU-512|2001,0,weather_observed_days,194.0,-0.4859673424313466,3,observation_support,False,1.0,pooled_feature_p02_p98
SPATIAL_complete,supervised,CY-Bench_wheat_AU|AU-512|2002,0,weather_observed_days,194.0,-0.5875571610716482,3,observation_support,False,1.0,pooled_feature_p02_p98
SPATIAL_complete,supervised,CY-Bench_wheat_AU|AU-512|2004,0,weather_observed_days,194.0,-0.48587775230407715,3,observation_support,False,1.0,pooled_feature_p02_p98
SPATIAL_complete,supervised,CY-Bench_wheat_AU|AU-512|2013,0,weather_observed_days,194.0,-0.5495517853026589,3,observation_support,False,1.0,pooled_feature_p02_p98
SPATIAL_complete,supervised,CY-Bench_wheat_AU|AU-512|2014,0,weather_observed_days,194.0,-0.5830198749899864,3,observation_support,False,1.0,pooled_feature_p02_p98
SPATIAL_complete,supervised,CY-Bench_wheat_AU|AU-512|2015,0,weather_observed_days,194.0,-0.5419239653274416,3,observation_support,False,1.0,pooled_feature_p02_p98
SPATIAL_complete,supervised,CY-Bench_wheat_AU|AU-512|2022,0,weather_observed_days,194.0,-0.44614657294005156,3,observation_support,False,1.0,pooled_feature_p02_p98
SPATIAL_complete,supervised,CY-Bench_wheat_AU|AU-512|2023,0,weather_observed_days,194.0,-0.609933638634781,3,observation_support,False,1.0,pooled_feature_p02_p98
SPATIAL_complete,supervised,CY-Bench_wheat_AU|AU-222|2001,1,weather_expected_days,163.0,-0.044398701439301164,3,observation_support,False,0.2619047619047619,pooled_feature_p02_p98
SPATIAL_complete,supervised,CY-Bench_wheat_AU|AU-222|2002,1,weather_expected_days,163.0,-0.030621026332179696,3,observation_support,False,0.2619047619047619,pooled_feature_p02_p98
SPATIAL_complete,supervised,CY-Bench_wheat_AU|AU-222|2003,1,weather_expected_days,163.0,0.007700758054852532,3,observation_support,False,0.2619047619047619,pooled_feature_p02_p98
SPATIAL_complete,supervised,CY-Bench_wheat_AU|AU-222|2004,1,weather_expected_days,163.0,-0.007124078149596834,3,observation_support,False,0.2619047619047619,pooled_feature_p02_p98
SPATIAL_complete,supervised,CY-Bench_wheat_AU|AU-222|2005,1,weather_expected_days,163.0,0.027227435881892803,3,observation_support,False,0.2619047619047619,pooled_feature_p02_p98
SPATIAL_complete,supervised,CY-Bench_wheat_AU|AU-222|2006,1,weather_expected_days,163.0,-0.051524274361630235,3,observation_support,False,0.2619047619047619,pooled_feature_p02_p98
SPATIAL_complete,supervised,CY-Bench_wheat_AU|AU-222|2007,1,weather_expected_days,163.0,0.011196805164217935,3,observation_support,False,0.2619047619047619,pooled_feature_p02_p98
SPATIAL_complete,supervised,CY-Bench_wheat_AU|AU-222|2008,1,weather_expected_days,163.0,0.0004382462551196324,3,observation_support,False,0.2619047619047619,pooled_feature_p02_p98
SPATIAL_complete,supervised,CY-Bench_wheat_AU|AU-222|2009,1,weather_expected_days,163.0,-0.0232942523434758,3,observation_support,False,0.2619047619047619,pooled_feature_p02_p98
SPATIAL_complete,supervised,CY-Bench_wheat_AU|AU-222|2010,1,weather_expected_days,163.0,-0.04363883472979067,3,observation_support,False,0.2619047619047619,pooled_feature_p02_p98
SPATIAL_complete,supervised,CY-Bench_wheat_AU|AU-222|2011,1,weather_expected_days,163.0,0.0041803714508811705,3,observation_support,False,0.2619047619047619,pooled_feature_p02_p98
SPATIAL_complete,supervised,CY-Bench_wheat_AU|AU-222|2012,1,weather_expected_days,163.0,0.0119095326711734,3,observation_support,False,0.2619047619047619,pooled_feature_p02_p98
SPATIAL_complete,supervised,CY-Bench_wheat_AU|AU-222|2013,1,weather_expected_days,163.0,0.006586420970658466,3,observation_support,False,0.2619047619047619,pooled_feature_p02_p98
SPATIAL_complete,supervised,CY-Bench_wheat_AU|AU-222|2014,1,weather_expected_days,163.0,-0.009849261182049896,3,observation_support,False,0.2619047619047619,pooled_feature_p02_p98
SPATIAL_complete,supervised,CY-Bench_wheat_AU|AU-222|2015,1,weather_expected_days,163.0,0.0036587004239360655,3,observation_support,False,0.2619047619047619,pooled_feature_p02_p98
SPATIAL_complete,supervised,CY-Bench_wheat_AU|AU-222|2016,1,weather_expected_days,163.0,-0.04903753660619264,3,observation_support,False,0.2619047619047619,pooled_feature_p02_p98
SPATIAL_complete,supervised,CY-Bench_wheat_AU|AU-222|2017,1,weather_expected_days,163.0,0.0171163734048605,3,observation_support,False,0.2619047619047619,pooled_feature_p02_p98
SPATIAL_complete,supervised,CY-Bench_wheat_AU|AU-222|2018,1,weather_expected_days,163.0,-0.0015233044202129,3,observation_support,False,0.2619047619047619,pooled_feature_p02_p98
SPATIAL_complete,supervised,CY-Bench_wheat_AU|AU-222|2019,1,weather_expected_days,163.0,0.049656854011118405,3,observation_support,False,0.2619047619047619,pooled_feature_p02_p98
SPATIAL_complete,supervised,CY-Bench_wheat_AU|AU-222|2020,1,weather_expected_days,163.0,0.00037398934364316766,3,observation_support,False,0.2619047619047619,pooled_feature_p02_p98
SPATIAL_complete,supervised,CY-Bench_wheat_AU|AU-222|2021,1,weather_expected_days,163.0,0.0210666181519627,3,observation_support,False,0.2619047619047619,pooled_feature_p02_p98
SPATIAL_complete,supervised,CY-Bench_wheat_AU|AU-222|2022,1,weather_expected_days,163.0,-0.15417172790815428,3,observation_support,False,0.2619047619047619,pooled_feature_p02_p98
SPATIAL_complete,supervised,CY-Bench_wheat_AU|AU-222|2023,1,weather_expected_days,163.0,0.016742339978615402,3,observation_support,False,0.2619047619047619,pooled_feature_p02_p98
SPATIAL_complete,supervised,CY-Bench_wheat_AU|AU-512|2001,1,weather_expected_days,194.0,-0.20697359958042702,3,observation_support,False,1.0,pooled_feature_p02_p98
SPATIAL_complete,supervised,CY-Bench_wheat_AU|AU-512|2002,1,weather_expected_days,194.0,-0.29282547952607274,3,observation_support,False,1.0,pooled_feature_p02_p98
SPATIAL_complete,supervised,CY-Bench_wheat_AU|AU-512|2004,1,weather_expected_days,194.0,-0.2337464494630694,3,observation_support,False,1.0,pooled_feature_p02_p98
SPATIAL_complete,supervised,CY-Bench_wheat_AU|AU-512|2013,1,weather_expected_days,194.0,-0.29391416255384684,3,observation_support,False,1.0,pooled_feature_p02_p98
SPATIAL_complete,supervised,CY-Bench_wheat_AU|AU-512|2014,1,weather_expected_days,194.0,-0.3049205272303273,3,observation_support,False,1.0,pooled_feature_p02_p98
SPATIAL_complete,supervised,CY-Bench_wheat_AU|AU-512|2015,1,weather_expected_days,194.0,-0.29142309430365754,3,observation_support,False,1.0,pooled_feature_p02_p98
SPATIAL_complete,supervised,CY-Bench_wheat_AU|AU-512|2022,1,weather_expected_days,194.0,-0.1895989066300293,3,observation_support,False,1.0,pooled_feature_p02_p98
SPATIAL_complete,supervised,CY-Bench_wheat_AU|AU-512|2023,1,weather_expected_days,194.0,-0.27953535070021945,3,observation_support,False,1.0,pooled_feature_p02_p98
SPATIAL_complete,supervised,CY-Bench_wheat_AU|AU-222|2001,2,weather_coverage,1.0,0.0,3,observation_support,True,,constant
SPATIAL_complete,supervised,CY-Bench_wheat_AU|AU-222|2002,2,weather_coverage,1.0,0.0,3,observation_support,True,,constant
SPATIAL_complete,supervised,CY-Bench_wheat_AU|AU-222|2003,2,weather_coverage,1.0,0.0,3,observation_support,True,,constant
SPATIAL_complete,supervised,CY-Bench_wheat_AU|AU-222|2004,2,weather_coverage,1.0,0.0,3,observation_support,True,,constant
SPATIAL_complete,supervised,CY-Bench_wheat_AU|AU-222|2005,2,weather_coverage,1.0,0.0,3,observation_support,True,,constant
SPATIAL_complete,supervised,CY-Bench_wheat_AU|AU-222|2006,2,weather_coverage,1.0,0.0,3,observation_support,True,,constant
SPATIAL_complete,supervised,CY-Bench_wheat_AU|AU-222|2007,2,weather_coverage,1.0,0.0,3,observation_support,True,,constant
SPATIAL_complete,supervised,CY-Bench_wheat_AU|AU-222|2008,2,weather_coverage,1.0,0.0,3,observation_support,True,,constant
SPATIAL_complete,supervised,CY-Bench_wheat_AU|AU-222|2009,2,weather_coverage,1.0,0.0,3,observation_support,True,,constant
SPATIAL_complete,supervised,CY-Bench_wheat_AU|AU-222|2010,2,weather_coverage,1.0,0.0,3,observation_support,True,,constant
SPATIAL_complete,supervised,CY-Bench_wheat_AU|AU-222|2011,2,weather_coverage,1.0,0.0,3,observation_support,True,,constant
SPATIAL_complete,supervised,CY-Bench_wheat_AU|AU-222|2012,2,weather_coverage,1.0,0.0,3,observation_support,True,,constant
SPATIAL_complete,supervised,CY-Bench_wheat_AU|AU-222|2013,2,weather_coverage,1.0,0.0,3,observation_support,True,,constant
SPATIAL_complete,supervised,CY-Bench_wheat_AU|AU-222|2014,2,weather_coverage,1.0,0.0,3,observation_support,True,,constant
SPATIAL_complete,supervised,CY-Bench_wheat_AU|AU-222|2015,2,weather_coverage,1.0,0.0,3,observation_support,True,,constant
SPATIAL_complete,supervised,CY-Bench_wheat_AU|AU-222|2016,2,weather_coverage,1.0,0.0,3,observation_support,True,,constant
SPATIAL_complete,supervised,CY-Bench_wheat_AU|AU-222|2017,2,weather_coverage,1.0,0.0,3,observation_support,True,,constant
SPATIAL_complete,supervised,CY-Bench_wheat_AU|AU-222|2018,2,weather_coverage,1.0,0.0,3,observation_support,True,,constant
SPATIAL_complete,supervised,CY-Bench_wheat_AU|AU-222|2019,2,weather_coverage,1.0,0.0,3,observation_support,True,,constant
SPATIAL_complete,supervised,CY-Bench_wheat_AU|AU-222|2020,2,weather_coverage,1.0,0.0,3,observation_support,True,,constant
SPATIAL_complete,supervised,CY-Bench_wheat_AU|AU-222|2021,2,weather_coverage,1.0,0.0,3,observation_support,True,,constant
SPATIAL_complete,supervised,CY-Bench_wheat_AU|AU-222|2022,2,weather_coverage,1.0,0.0,3,observation_support,True,,constant
SPATIAL_complete,supervised,CY-Bench_wheat_AU|AU-222|2023,2,weather_coverage,1.0,0.0,3,observation_support,True,,constant
SPATIAL_complete,supervised,CY-Bench_wheat_AU|AU-512|2001,2,weather_coverage,1.0,0.0,3,observation_support,True,,constant
SPATIAL_complete,supervised,CY-Bench_wheat_AU|AU-512|2002,2,weather_coverage,1.0,0.0,3,observation_support,True,,constant
SPATIAL_complete,supervised,CY-Bench_wheat_AU|AU-512|2004,2,weather_coverage,1.0,0.0,3,observation_support,True,,constant
SPATIAL_complete,supervised,CY-Bench_wheat_AU|AU-512|2013,2,weather_coverage,1.0,0.0,3,observation_support,True,,constant
SPATIAL_complete,supervised,CY-Bench_wheat_AU|AU-512|2014,2,weather_coverage,1.0,0.0,3,observation_support,True,,constant
SPATIAL_complete,supervised,CY-Bench_wheat_AU|AU-512|2015,2,weather_coverage,1.0,0.0,3,observation_support,True,,constant
SPATIAL_complete,supervised,CY-Bench_wheat_AU|AU-512|2022,2,weather_coverage,1.0,0.0,3,observation_support,True,,constant
SPATIAL_complete,supervised,CY-Bench_wheat_AU|AU-512|2023,2,weather_coverage,1.0,0.0,3,observation_support,True,,constant
SPATIAL_complete,supervised,CY-Bench_wheat_AU|AU-222|2001,3,weather_tmin_mean,6.998411042944785,0.06312244587267431,3,temperature,False,0.08611140044465036,pooled_feature_p02_p98
SPATIAL_complete,supervised,CY-Bench_wheat_AU|AU-222|2002,3,weather_tmin_mean,6.630546012269939,-0.03317513860141237,3,temperature,False,0.038442806440081675,pooled_feature_p02_p98
SPATIAL_complete,supervised,CY-Bench_wheat_AU|AU-222|2003,3,weather_tmin_mean,6.47939263803681,0.068312871735543,3,temperature,False,0.018856087866909295,pooled_feature_p02_p98
SPATIAL_complete,supervised,CY-Bench_wheat_AU|AU-222|2004,3,weather_tmin_mean,7.069141104294478,-0.032034345747282096,3,temperature,False,0.09527672548848924,pooled_feature_p02_p98
SPATIAL_complete,supervised,CY-Bench_wheat_AU|AU-222|2005,3,weather_tmin_mean,7.160803680981595,0.007167010490472174,3,temperature,False,0.107154522476953,pooled_feature_p02_p98
SPATIAL_complete,supervised,CY-Bench_wheat_AU|AU-222|2006,3,weather_tmin_mean,6.5809141104294495,-0.1891590586553017,3,temperature,False,0.03201141780232864,pooled_feature_p02_p98
SPATIAL_complete,supervised,CY-Bench_wheat_AU|AU-222|2007,3,weather_tmin_mean,7.061588957055215,-0.07846982699508467,3,temperature,False,0.09429810504187942,pooled_feature_p02_p98
SPATIAL_complete,supervised,CY-Bench_wheat_AU|AU-222|2008,3,weather_tmin_mean,6.857834355828221,-0.025734729599207636,3,temperature,False,0.06789522748476427,pooled_feature_p02_p98
SPATIAL_complete,supervised,CY-Bench_wheat_AU|AU-222|2009,3,weather_tmin_mean,7.9390429447852755,-0.15758364601060748,3,temperature,False,0.20800012728102132,pooled_feature_p02_p98
SPATIAL_complete,supervised,CY-Bench_wheat_AU|AU-222|2010,3,weather_tmin_mean,6.864588957055214,0.029104607917057965,3,temperature,False,0.06877050052433979,pooled_feature_p02_p98
SPATIAL_complete,supervised,CY-Bench_wheat_AU|AU-222|2011,3,weather_tmin_mean,7.474496932515336,-0.060829708197464534,3,temperature,False,0.14780344260372658,pooled_feature_p02_p98
SPATIAL_complete,supervised,CY-Bench_wheat_AU|AU-222|2012,3,weather_tmin_mean,6.915092024539876,-0.03886075294576587,3,temperature,False,0.07531477632977668,pooled_feature_p02_p98
SPATIAL_complete,supervised,CY-Bench_wheat_AU|AU-222|2013,3,weather_tmin_mean,7.3289754601227,-0.017494736394534537,3,temperature,False,0.12894651572022772,pooled_feature_p02_p98
SPATIAL_complete,supervised,CY-Bench_wheat_AU|AU-222|2014,3,weather_tmin_mean,6.883503067484663,-0.055137906223535565,3,temperature,False,0.07122142403116237,pooled_feature_p02_p98
SPATIAL_complete,supervised,CY-Bench_wheat_AU|AU-222|2015,3,weather_tmin_mean,7.222141104294477,-0.08797795247907436,3,temperature,False,0.1151027330579487,pooled_feature_p02_p98
SPATIAL_complete,supervised,CY-Bench_wheat_AU|AU-222|2016,3,weather_tmin_mean,6.850104294478528,-0.014517558505758634,3,temperature,False,0.0668935526165852,pooled_feature_p02_p98
SPATIAL_complete,supervised,CY-Bench_wheat_AU|AU-222|2017,3,weather_tmin_mean,7.1937668711656455,-0.020371367068340408,3,temperature,False,0.11142595030768843,pooled_feature_p02_p98
SPATIAL_complete,supervised,CY-Bench_wheat_AU|AU-222|2018,3,weather_tmin_mean,6.557319018404907,-0.016005915512020363,3,temperature,False,0.028953924514219593,pooled_feature_p02_p98
SPATIAL_complete,supervised,CY-Bench_wheat_AU|AU-222|2019,3,weather_tmin_mean,6.239668711656442,-0.009957583194288135,3,temperature,False,0.0,pooled_feature_p02_p98
SPATIAL_complete,supervised,CY-Bench_wheat_AU|AU-222|2020,3,weather_tmin_mean,7.042901840490797,-0.0038235663281133057,3,temperature,False,0.09187659579705894,pooled_feature_p02_p98
SPATIAL_complete,supervised,CY-Bench_wheat_AU|AU-222|2021,3,weather_tmin_mean,6.98655828220859,0.0522540743307521,3,temperature,False,0.08457549898010919,pooled_feature_p02_p98
SPATIAL_complete,supervised,CY-Bench_wheat_AU|AU-222|2022,3,weather_tmin_mean,7.276546012269939,-0.16172802650059262,3,temperature,False,0.12215261617780007,pooled_feature_p02_p98
SPATIAL_complete,supervised,CY-Bench_wheat_AU|AU-222|2023,3,weather_tmin_mean,7.0775705521472405,-0.02877865219488739,3,temperature,False,0.09636902808283718,pooled_feature_p02_p98
SPATIAL_complete,supervised,CY-Bench_wheat_AU|AU-512|2001,3,weather_tmin_mean,12.059154639175256,0.04621963451306027,3,temperature,False,0.7418914059737982,pooled_feature_p02_p98
SPATIAL_complete,supervised,CY-Bench_wheat_AU|AU-512|2002,3,weather_tmin_mean,12.534912371134022,-0.06635917304083706,3,temperature,False,0.8035409248956507,pooled_feature_p02_p98
SPATIAL_complete,supervised,CY-Bench_wheat_AU|AU-512|2004,3,weather_tmin_mean,12.315814432989688,0.07450605059663461,3,temperature,False,0.7751498309080523,pooled_feature_p02_p98
SPATIAL_complete,supervised,CY-Bench_wheat_AU|AU-512|2013,3,weather_tmin_mean,13.172443298969071,0.09500819941361745,3,temperature,False,0.8861532974513521,pooled_feature_p02_p98
SPATIAL_complete,supervised,CY-Bench_wheat_AU|AU-512|2014,3,weather_tmin_mean,13.102360824742268,0.04723719507455828,3,temperature,False,0.8770718878794105,pooled_feature_p02_p98
SPATIAL_complete,supervised,CY-Bench_wheat_AU|AU-512|2015,3,weather_tmin_mean,13.601422680412371,0.13861244668563213,3,temperature,False,0.9417411959064956,pooled_feature_p02_p98
SPATIAL_complete,supervised,CY-Bench_wheat_AU|AU-512|2022,3,weather_tmin_mean,12.259958762886598,0.0947210351005197,3,temperature,False,0.767911955494581,pooled_feature_p02_p98
SPATIAL_complete,supervised,CY-Bench_wheat_AU|AU-512|2023,3,weather_tmin_mean,13.64837113402062,-0.12190027566005789,3,temperature,False,0.947824858629447,pooled_feature_p02_p98
SPATIAL_complete,supervised,CY-Bench_wheat_AU|AU-222|2001,4,weather_tmax_mean,16.302595092024543,0.012880475415537766,3,temperature,False,0.09839561363684099,pooled_feature_p02_p98
SPATIAL_complete,supervised,CY-Bench_wheat_AU|AU-222|2002,4,weather_tmax_mean,17.85860736196319,0.08933743330029147,3,temperature,False,0.234162839837781,pooled_feature_p02_p98
SPATIAL_complete,supervised,CY-Bench_wheat_AU|AU-222|2003,4,weather_tmax_mean,16.12750306748466,-0.0200976237344245,3,temperature,False,0.08311825435057775,pooled_feature_p02_p98
SPATIAL_complete,supervised,CY-Bench_wheat_AU|AU-222|2004,4,weather_tmax_mean,16.83009202453988,0.13921959201494852,3,temperature,False,0.1444214687928132,pooled_feature_p02_p98
SPATIAL_complete,supervised,CY-Bench_wheat_AU|AU-222|2005,4,weather_tmax_mean,17.13334355828221,0.11520360192904867,3,temperature,False,0.17088116989722688,pooled_feature_p02_p98
SPATIAL_complete,supervised,CY-Bench_wheat_AU|AU-222|2006,4,weather_tmax_mean,18.56757055214724,0.009028154890984305,3,temperature,False,0.29602222724071786,pooled_feature_p02_p98
SPATIAL_complete,supervised,CY-Bench_wheat_AU|AU-222|2007,4,weather_tmax_mean,17.976803680981597,0.0671975960334142,3,temperature,False,0.24447586030061003,pooled_feature_p02_p98
SPATIAL_complete,supervised,CY-Bench_wheat_AU|AU-222|2008,4,weather_tmax_mean,16.92580981595092,0.10718197080617146,3,temperature,False,0.15277316324215676,pooled_feature_p02_p98
SPATIAL_complete,supervised,CY-Bench_wheat_AU|AU-222|2009,4,weather_tmax_mean,18.23590797546013,0.04463168978691099,3,temperature,False,0.2670835685029939,pooled_feature_p02_p98
SPATIAL_complete,supervised,CY-Bench_wheat_AU|AU-222|2010,4,weather_tmax_mean,15.910441717791409,-0.0444784320037191,3,temperature,False,0.064178932384661,pooled_feature_p02_p98
SPATIAL_complete,supervised,CY-Bench_wheat_AU|AU-222|2011,4,weather_tmax_mean,17.9038527607362,0.13589546115448073,3,temperature,False,0.2381106507956014,pooled_feature_p02_p98
SPATIAL_complete,supervised,CY-Bench_wheat_AU|AU-222|2012,4,weather_tmax_mean,17.25022699386503,0.09789628450137866,3,temperature,False,0.18107963693022883,pooled_feature_p02_p98
SPATIAL_complete,supervised,CY-Bench_wheat_AU|AU-222|2013,4,weather_tmax_mean,17.28832515337423,0.15747142955660817,3,temperature,False,0.1844038275808135,pooled_feature_p02_p98
SPATIAL_complete,supervised,CY-Bench_wheat_AU|AU-222|2014,4,weather_tmax_mean,18.48516564417178,0.04652264046793179,3,temperature,False,0.28883212598167485,pooled_feature_p02_p98
SPATIAL_complete,supervised,CY-Bench_wheat_AU|AU-222|2015,4,weather_tmax_mean,18.079558282208588,0.12953010015189645,3,temperature,False,0.2534415397219698,pooled_feature_p02_p98
SPATIAL_complete,supervised,CY-Bench_wheat_AU|AU-222|2016,4,weather_tmax_mean,16.004079754601225,-0.08171377695786454,3,temperature,False,0.07234916135404536,pooled_feature_p02_p98
SPATIAL_complete,supervised,CY-Bench_wheat_AU|AU-222|2017,4,weather_tmax_mean,17.68948466257669,0.10692770313471554,3,temperature,False,0.21940632394975,pooled_feature_p02_p98
SPATIAL_complete,supervised,CY-Bench_wheat_AU|AU-222|2018,4,weather_tmax_mean,17.358128834355828,0.08401484003600972,3,temperature,False,0.19049443003207847,pooled_feature_p02_p98
SPATIAL_complete,supervised,CY-Bench_wheat_AU|AU-222|2019,4,weather_tmax_mean,16.983846625766873,0.056426779211809164,3,temperature,False,0.15783706719618795,pooled_feature_p02_p98
SPATIAL_complete,supervised,CY-Bench_wheat_AU|AU-222|2020,4,weather_tmax_mean,17.446791411042945,0.1125096554557482,3,temperature,False,0.1982305336202029,pooled_feature_p02_p98
SPATIAL_complete,supervised,CY-Bench_wheat_AU|AU-222|2021,4,weather_tmax_mean,16.819883435582824,0.0864318581297993,3,temperature,False,0.1435307355814487,pooled_feature_p02_p98
SPATIAL_complete,supervised,CY-Bench_wheat_AU|AU-222|2022,4,weather_tmax_mean,15.640570552147244,-0.13606882809350884,3,temperature,False,0.04063177899841722,pooled_feature_p02_p98
SPATIAL_complete,supervised,CY-Bench_wheat_AU|AU-222|2023,4,weather_tmax_mean,17.888159509202456,0.09842523808280623,3,temperature,False,0.23674136260168888,pooled_feature_p02_p98
SPATIAL_complete,supervised,CY-Bench_wheat_AU|AU-512|2001,4,weather_tmax_mean,24.843005154639172,-0.1443229146922628,3,temperature,False,0.843574689162706,pooled_feature_p02_p98
SPATIAL_complete,supervised,CY-Bench_wheat_AU|AU-512|2002,4,weather_tmax_mean,25.984561855670105,-0.10327666563292348,3,temperature,False,0.9431792937306226,pooled_feature_p02_p98
SPATIAL_complete,supervised,CY-Bench_wheat_AU|AU-512|2004,4,weather_tmax_mean,24.841345360824743,-0.15692269677917164,3,temperature,False,0.8434298666528812,pooled_feature_p02_p98
SPATIAL_complete,supervised,CY-Bench_wheat_AU|AU-512|2013,4,weather_tmax_mean,25.779608247422683,-0.0892485193908215,3,temperature,False,0.9252964123233162,pooled_feature_p02_p98
SPATIAL_complete,supervised,CY-Bench_wheat_AU|AU-512|2014,4,weather_tmax_mean,26.180546391752575,-0.08986015679935615,3,temperature,False,0.9602795938736569,pooled_feature_p02_p98
SPATIAL_complete,supervised,CY-Bench_wheat_AU|AU-512|2015,4,weather_tmax_mean,25.942623711340207,-0.07030294587214794,3,temperature,False,0.9395200516811307,pooled_feature_p02_p98
SPATIAL_complete,supervised,CY-Bench_wheat_AU|AU-512|2022,4,weather_tmax_mean,24.179314432989695,-0.211502724327147,3,temperature,False,0.7856654746439782,pooled_feature_p02_p98
SPATIAL_complete,supervised,CY-Bench_wheat_AU|AU-512|2023,4,weather_tmax_mean,27.126597938144332,-0.1121351039037108,3,temperature,False,1.0,pooled_feature_p02_p98
SPATIAL_complete,supervised,CY-Bench_wheat_AU|AU-222|2001,5,weather_prec_sum,256.531,0.13019492942839858,3,water_balance,False,0.46854329231975705,pooled_feature_p02_p98
SPATIAL_complete,supervised,CY-Bench_wheat_AU|AU-222|2002,5,weather_prec_sum,130.989,-0.0975303609545032,3,water_balance,False,0.16498434401651663,pooled_feature_p02_p98
SPATIAL_complete,supervised,CY-Bench_wheat_AU|AU-222|2003,5,weather_prec_sum,233.614,0.1519909339646498,3,water_balance,False,0.4131302797959374,pooled_feature_p02_p98
SPATIAL_complete,supervised,CY-Bench_wheat_AU|AU-222|2004,5,weather_prec_sum,211.201,0.1152954262991746,3,water_balance,False,0.35893593281787006,pooled_feature_p02_p98
SPATIAL_complete,supervised,CY-Bench_wheat_AU|AU-222|2005,5,weather_prec_sum,222.94500000000002,0.15919789268324766,3,water_balance,False,0.38733277442365355,pooled_feature_p02_p98
SPATIAL_complete,supervised,CY-Bench_wheat_AU|AU-222|2006,5,weather_prec_sum,122.967,-0.08001621781537926,3,water_balance,False,0.14558725074662612,pooled_feature_p02_p98
SPATIAL_complete,supervised,CY-Bench_wheat_AU|AU-222|2007,5,weather_prec_sum,150.958,-0.021927109609047566,3,water_balance,False,0.21326913029256295,pooled_feature_p02_p98
SPATIAL_complete,supervised,CY-Bench_wheat_AU|AU-222|2008,5,weather_prec_sum,169.43800000000002,-0.0018517114222050002,3,water_balance,False,0.2579535336368134,pooled_feature_p02_p98
SPATIAL_complete,supervised,CY-Bench_wheat_AU|AU-222|2009,5,weather_prec_sum,241.913,0.12250162630031498,3,water_balance,False,0.4331971555185529,pooled_feature_p02_p98
SPATIAL_complete,supervised,CY-Bench_wheat_AU|AU-222|2010,5,weather_prec_sum,318.495,0.181679459909598,3,water_balance,False,0.6183714508058572,pooled_feature_p02_p98
SPATIAL_complete,supervised,CY-Bench_wheat_AU|AU-222|2011,5,weather_prec_sum,206.75200000000004,0.07445147633552547,3,water_balance,False,0.34817830779197356,pooled_feature_p02_p98
SPATIAL_complete,supervised,CY-Bench_wheat_AU|AU-222|2012,5,weather_prec_sum,168.79000000000002,-0.0019684843719006,3,water_balance,False,0.25638667793513187,pooled_feature_p02_p98
SPATIAL_complete,supervised,CY-Bench_wheat_AU|AU-222|2013,5,weather_prec_sum,230.014,0.14839500367331007,3,water_balance,False,0.40442552589770686,pooled_feature_p02_p98
SPATIAL_complete,supervised,CY-Bench_wheat_AU|AU-222|2014,5,weather_prec_sum,134.421,-0.05296722302834189,3,water_balance,False,0.1732828760661631,pooled_feature_p02_p98
SPATIAL_complete,supervised,CY-Bench_wheat_AU|AU-222|2015,5,weather_prec_sum,138.061,-0.057281104537347936,3,water_balance,False,0.18208434945215185,pooled_feature_p02_p98
SPATIAL_complete,supervised,CY-Bench_wheat_AU|AU-222|2016,5,weather_prec_sum,360.74299999999994,0.26265612648179126,3,water_balance,False,0.7205265737759811,pooled_feature_p02_p98
SPATIAL_complete,supervised,CY-Bench_wheat_AU|AU-222|2017,5,weather_prec_sum,239.21899999999997,0.1268994050721327,3,water_balance,False,0.4266830980180436,pooled_feature_p02_p98
SPATIAL_complete,supervised,CY-Bench_wheat_AU|AU-222|2018,5,weather_prec_sum,170.827,-0.0011840195705493325,3,water_balance,False,0.261312117849214,pooled_feature_p02_p98
SPATIAL_complete,supervised,CY-Bench_wheat_AU|AU-222|2019,5,weather_prec_sum,169.562,-0.0005386915678778992,3,water_balance,False,0.2582533640488635,pooled_feature_p02_p98
SPATIAL_complete,supervised,CY-Bench_wheat_AU|AU-222|2020,5,weather_prec_sum,233.87300000000005,0.13735003272692356,3,water_balance,False,0.4137565384791713,pooled_feature_p02_p98
SPATIAL_complete,supervised,CY-Bench_wheat_AU|AU-222|2021,5,weather_prec_sum,240.76200000000003,0.1717407351049284,3,water_balance,False,0.43041405225831314,pooled_feature_p02_p98
SPATIAL_complete,supervised,CY-Bench_wheat_AU|AU-222|2022,5,weather_prec_sum,467.54099999999994,0.3728244860346119,3,water_balance,False,0.9787627701157675,pooled_feature_p02_p98
SPATIAL_complete,supervised,CY-Bench_wheat_AU|AU-222|2023,5,weather_prec_sum,186.088,0.04386160057038067,3,water_balance,False,0.29821302041612985,pooled_feature_p02_p98
SPATIAL_complete,supervised,CY-Bench_wheat_AU|AU-512|2001,5,weather_prec_sum,100.75600000000001,-0.0904918853193521,3,water_balance,False,0.09188133718173734,pooled_feature_p02_p98
SPATIAL_complete,supervised,CY-Bench_wheat_AU|AU-512|2002,5,weather_prec_sum,50.293000000000006,-0.027754423984636834,3,water_balance,False,0.0,pooled_feature_p02_p98
SPATIAL_complete,supervised,CY-Bench_wheat_AU|AU-512|2004,5,weather_prec_sum,96.02500000000002,-0.0914046665032704,3,water_balance,False,0.08044183976714597,pooled_feature_p02_p98
SPATIAL_complete,supervised,CY-Bench_wheat_AU|AU-512|2013,5,weather_prec_sum,83.97399999999999,-0.07155323276917133,3,water_balance,False,0.05130267609281898,pooled_feature_p02_p98
SPATIAL_complete,supervised,CY-Bench_wheat_AU|AU-512|2014,5,weather_prec_sum,67.619,-0.0364249196524421,3,water_balance,False,0.011756495535718618,pooled_feature_p02_p98
SPATIAL_complete,supervised,CY-Bench_wheat_AU|AU-512|2015,5,weather_prec_sum,144.73000000000002,-0.018020895309746234,3,water_balance,False,0.19820990604862404,pooled_feature_p02_p98
SPATIAL_complete,supervised,CY-Bench_wheat_AU|AU-512|2022,5,weather_prec_sum,114.887,-0.049121829681098426,3,water_balance,False,0.12604991421948633,pooled_feature_p02_p98
SPATIAL_complete,supervised,CY-Bench_wheat_AU|AU-512|2023,5,weather_prec_sum,35.882999999999996,0.002335027403508598,3,water_balance,False,0.0,pooled_feature_p02_p98
SPATIAL_complete,supervised,CY-Bench_wheat_AU|AU-222|2001,6,weather_rad_sum,2211692364.5,0.48588195660461975,3,radiation,False,0.00822144889336316,pooled_feature_p02_p98
SPATIAL_complete,supervised,CY-Bench_wheat_AU|AU-222|2002,6,weather_rad_sum,2450336145.5,0.9588966459656755,3,radiation,False,0.14454207429417942,pooled_feature_p02_p98
SPATIAL_complete,supervised,CY-Bench_wheat_AU|AU-222|2003,6,weather_rad_sum,2384684234.125,0.6343250880017877,3,radiation,False,0.10703969489046489,pooled_feature_p02_p98
SPATIAL_complete,supervised,CY-Bench_wheat_AU|AU-222|2004,6,weather_rad_sum,2305583335.5,0.9584568035788834,3,radiation,False,0.06185484270139164,pooled_feature_p02_p98
SPATIAL_complete,supervised,CY-Bench_wheat_AU|AU-222|2005,6,weather_rad_sum,2382823852.5,0.6621823927853258,3,radiation,False,0.10597698801605367,pooled_feature_p02_p98
SPATIAL_complete,supervised,CY-Bench_wheat_AU|AU-222|2006,6,weather_rad_sum,2696926575.625,0.22735560196451843,3,radiation,False,0.2854020686826202,pooled_feature_p02_p98
SPATIAL_complete,supervised,CY-Bench_wheat_AU|AU-222|2007,6,weather_rad_sum,2544041247.375,0.722661601845175,3,radiation,False,0.19806929397415593,pooled_feature_p02_p98
SPATIAL_complete,supervised,CY-Bench_wheat_AU|AU-222|2008,6,weather_rad_sum,2388155473.25,0.972384188324213,3,radiation,False,0.10902257282867432,pooled_feature_p02_p98
SPATIAL_complete,supervised,CY-Bench_wheat_AU|AU-222|2009,6,weather_rad_sum,2436109511.75,0.8543654284439981,3,radiation,False,0.13641538604769896,pooled_feature_p02_p98
SPATIAL_complete,supervised,CY-Bench_wheat_AU|AU-222|2010,6,weather_rad_sum,2118295568.0,0.6128610669790456,3,radiation,False,0.0,pooled_feature_p02_p98
SPATIAL_complete,supervised,CY-Bench_wheat_AU|AU-222|2011,6,weather_rad_sum,2359351145.25,0.9473406152489284,3,radiation,False,0.09256865984273213,pooled_feature_p02_p98
SPATIAL_complete,supervised,CY-Bench_wheat_AU|AU-222|2012,6,weather_rad_sum,2450005231.4379997,0.8552769487723708,3,radiation,False,0.1443530460626589,pooled_feature_p02_p98
SPATIAL_complete,supervised,CY-Bench_wheat_AU|AU-222|2013,6,weather_rad_sum,2307209126.1879997,0.8884514637757093,3,radiation,False,0.06278354405883009,pooled_feature_p02_p98
SPATIAL_complete,supervised,CY-Bench_wheat_AU|AU-222|2014,6,weather_rad_sum,2549324285.25,0.779975476131464,3,radiation,False,0.201087126762919,pooled_feature_p02_p98
SPATIAL_complete,supervised,CY-Bench_wheat_AU|AU-222|2015,6,weather_rad_sum,2436694792.0,0.9804539733255903,3,radiation,False,0.13674971602428757,pooled_feature_p02_p98
SPATIAL_complete,supervised,CY-Bench_wheat_AU|AU-222|2016,6,weather_rad_sum,2279612907.375,0.48011202303071815,3,radiation,False,0.047019739984313295,pooled_feature_p02_p98
SPATIAL_complete,supervised,CY-Bench_wheat_AU|AU-222|2017,6,weather_rad_sum,2400225050.0,0.8910951310147842,3,radiation,False,0.11591708415425188,pooled_feature_p02_p98
SPATIAL_complete,supervised,CY-Bench_wheat_AU|AU-222|2018,6,weather_rad_sum,2427238369.75,0.957135310706993,3,radiation,False,0.131347918459011,pooled_feature_p02_p98
SPATIAL_complete,supervised,CY-Bench_wheat_AU|AU-222|2019,6,weather_rad_sum,2434492571.25,0.7976671539945528,3,radiation,False,0.13549174018828347,pooled_feature_p02_p98
SPATIAL_complete,supervised,CY-Bench_wheat_AU|AU-222|2020,6,weather_rad_sum,2329914383.0,0.9681880325855067,3,radiation,False,0.07575348107343859,pooled_feature_p02_p98
SPATIAL_complete,supervised,CY-Bench_wheat_AU|AU-222|2021,6,weather_rad_sum,2319355787.5,0.792905114358291,3,radiation,False,0.0697220884434574,pooled_feature_p02_p98
SPATIAL_complete,supervised,CY-Bench_wheat_AU|AU-222|2022,6,weather_rad_sum,2008350638.75,0.3502016603015363,3,radiation,False,0.0,pooled_feature_p02_p98
SPATIAL_complete,supervised,CY-Bench_wheat_AU|AU-222|2023,6,weather_rad_sum,2482935059.625,0.6489958746048311,3,radiation,False,0.1631635709126373,pooled_feature_p02_p98
SPATIAL_complete,supervised,CY-Bench_wheat_AU|AU-512|2001,6,weather_rad_sum,3988036708.75,0.17922032345086336,3,radiation,False,1.0,pooled_feature_p02_p98
SPATIAL_complete,supervised,CY-Bench_wheat_AU|AU-512|2002,6,weather_rad_sum,4077716669.0,0.17092835623770952,3,radiation,False,1.0,pooled_feature_p02_p98
SPATIAL_complete,supervised,CY-Bench_wheat_AU|AU-512|2004,6,weather_rad_sum,3948286620.25,0.15825847846766314,3,radiation,False,1.0,pooled_feature_p02_p98
SPATIAL_complete,supervised,CY-Bench_wheat_AU|AU-512|2013,6,weather_rad_sum,3987852881.0,0.14799294248223305,3,radiation,False,1.0,pooled_feature_p02_p98
SPATIAL_complete,supervised,CY-Bench_wheat_AU|AU-512|2014,6,weather_rad_sum,4033199131.5,0.1648087135205666,3,radiation,False,1.0,pooled_feature_p02_p98
SPATIAL_complete,supervised,CY-Bench_wheat_AU|AU-512|2015,6,weather_rad_sum,3924612734.25,0.10493005005021887,3,radiation,False,0.9866939449611214,pooled_feature_p02_p98
SPATIAL_complete,supervised,CY-Bench_wheat_AU|AU-512|2022,6,weather_rad_sum,3946174293.75,0.17477299304058155,3,radiation,False,0.9990105670970106,pooled_feature_p02_p98
SPATIAL_complete,supervised,CY-Bench_wheat_AU|AU-512|2023,6,weather_rad_sum,4099478356.0,0.14265301326910657,3,radiation,False,1.0,pooled_feature_p02_p98
SPATIAL_complete,supervised,CY-Bench_wheat_AU|AU-222|2001,7,weather_et0_sum,411.097,-0.5171643278251091,3,water_balance,False,0.014875912597811498,pooled_feature_p02_p98
SPATIAL_complete,supervised,CY-Bench_wheat_AU|AU-222|2002,7,weather_et0_sum,525.0,0.16787650684515634,3,water_balance,False,0.187598753844347,pooled_feature_p02_p98
SPATIAL_complete,supervised,CY-Bench_wheat_AU|AU-222|2003,7,weather_et0_sum,450.922,-0.2762212830906113,3,water_balance,False,0.07526665869443128,pooled_feature_p02_p98
SPATIAL_complete,supervised,CY-Bench_wheat_AU|AU-222|2004,7,weather_et0_sum,466.588,-0.010210735102494567,3,water_balance,False,0.09902262676347444,pooled_feature_p02_p98
SPATIAL_complete,supervised,CY-Bench_wheat_AU|AU-222|2005,7,weather_et0_sum,454.884,-0.32225969620049,3,water_balance,False,0.08127464704433225,pooled_feature_p02_p98
SPATIAL_complete,supervised,CY-Bench_wheat_AU|AU-222|2006,7,weather_et0_sum,565.171,0.2160031214977304,3,water_balance,False,0.24851417534961537,pooled_feature_p02_p98
SPATIAL_complete,supervised,CY-Bench_wheat_AU|AU-222|2007,7,weather_et0_sum,518.48,0.0095089947183927,3,water_balance,False,0.17771180683744278,pooled_feature_p02_p98
SPATIAL_complete,supervised,CY-Bench_wheat_AU|AU-222|2008,7,weather_et0_sum,491.499,0.10802278388291593,3,water_balance,False,0.13679773978325835,pooled_feature_p02_p98
SPATIAL_complete,supervised,CY-Bench_wheat_AU|AU-222|2009,7,weather_et0_sum,508.912,-0.08920919491599004,3,water_balance,False,0.16320286374510232,pooled_feature_p02_p98
SPATIAL_complete,supervised,CY-Bench_wheat_AU|AU-222|2010,7,weather_et0_sum,401.287,-0.6007646567498645,3,water_balance,False,8.619752606872218e-17,pooled_feature_p02_p98
SPATIAL_complete,supervised,CY-Bench_wheat_AU|AU-222|2011,7,weather_et0_sum,480.045,-0.12325151730328797,3,water_balance,False,0.11942886079290849,pooled_feature_p02_p98
SPATIAL_complete,supervised,CY-Bench_wheat_AU|AU-222|2012,7,weather_et0_sum,495.98,0.008475692942738566,3,water_balance,False,0.14359274124613222,pooled_feature_p02_p98
SPATIAL_complete,supervised,CY-Bench_wheat_AU|AU-222|2013,7,weather_et0_sum,459.70700000000005,-0.13155534087369838,3,water_balance,False,0.08858825830419413,pooled_feature_p02_p98
SPATIAL_complete,supervised,CY-Bench_wheat_AU|AU-222|2014,7,weather_et0_sum,533.782,0.09808779694139953,3,water_balance,False,0.20091580424536434,pooled_feature_p02_p98
SPATIAL_complete,supervised,CY-Bench_wheat_AU|AU-222|2015,7,weather_et0_sum,522.117,0.1480796315396825,3,water_balance,False,0.18322696423991366,pooled_feature_p02_p98
SPATIAL_complete,supervised,CY-Bench_wheat_AU|AU-222|2016,7,weather_et0_sum,425.384,-0.5684061339125037,3,water_balance,False,0.03654076104683618,pooled_feature_p02_p98
SPATIAL_complete,supervised,CY-Bench_wheat_AU|AU-222|2017,7,weather_et0_sum,485.71600000000007,-0.10464834980666637,3,water_balance,False,0.128028381724834,pooled_feature_p02_p98
SPATIAL_complete,supervised,CY-Bench_wheat_AU|AU-222|2018,7,weather_et0_sum,504.1470000000001,0.12827774882316587,3,water_balance,False,0.1559772038543205,pooled_feature_p02_p98
SPATIAL_complete,supervised,CY-Bench_wheat_AU|AU-222|2019,7,weather_et0_sum,481.3419999999999,-0.05492665323739251,3,water_balance,False,0.12139563537388301,pooled_feature_p02_p98
SPATIAL_complete,supervised,CY-Bench_wheat_AU|AU-222|2020,7,weather_et0_sum,469.096,-0.07690408577521636,3,water_balance,False,0.10282576527471916,pooled_feature_p02_p98
SPATIAL_complete,supervised,CY-Bench_wheat_AU|AU-222|2021,7,weather_et0_sum,450.464,-0.2469674510260423,3,water_balance,False,0.07457214615928366,pooled_feature_p02_p98
SPATIAL_complete,supervised,CY-Bench_wheat_AU|AU-222|2022,7,weather_et0_sum,357.59100000000007,-0.7586795465710262,3,water_balance,False,0.0,pooled_feature_p02_p98
SPATIAL_complete,supervised,CY-Bench_wheat_AU|AU-222|2023,7,weather_et0_sum,482.8790000000001,-0.28202556446194643,3,water_balance,False,0.12372634665449854,pooled_feature_p02_p98
SPATIAL_complete,supervised,CY-Bench_wheat_AU|AU-512|2001,7,weather_et0_sum,1068.48,0.48765831471731264,3,water_balance,False,1.0,pooled_feature_p02_p98
SPATIAL_complete,supervised,CY-Bench_wheat_AU|AU-512|2002,7,weather_et0_sum,1145.759,0.6697585346798102,3,water_balance,False,1.0,pooled_feature_p02_p98
SPATIAL_complete,supervised,CY-Bench_wheat_AU|AU-512|2004,7,weather_et0_sum,1066.9679999999998,0.5070651279141506,3,water_balance,False,1.0,pooled_feature_p02_p98
SPATIAL_complete,supervised,CY-Bench_wheat_AU|AU-512|2013,7,weather_et0_sum,1098.21,0.5834021313736836,3,water_balance,False,1.0,pooled_feature_p02_p98
SPATIAL_complete,supervised,CY-Bench_wheat_AU|AU-512|2014,7,weather_et0_sum,1125.101,0.649090799347808,3,water_balance,False,1.0,pooled_feature_p02_p98
SPATIAL_complete,supervised,CY-Bench_wheat_AU|AU-512|2015,7,weather_et0_sum,1095.355,0.630645132313172,3,water_balance,False,1.0,pooled_feature_p02_p98
SPATIAL_complete,supervised,CY-Bench_wheat_AU|AU-512|2022,7,weather_et0_sum,1032.381,0.3676794411924978,3,water_balance,False,0.9569927813458915,pooled_feature_p02_p98
SPATIAL_complete,supervised,CY-Bench_wheat_AU|AU-512|2023,7,weather_et0_sum,1207.839,0.8283923861260215,3,water_balance,False,1.0,pooled_feature_p02_p98
SPATIAL_complete,supervised,CY-Bench_wheat_AU|AU-222|2001,8,weather_vpd_mean,9.208503067484662,0.182361399444441,3,water_balance,False,0.0675947460465199,pooled_feature_p02_p98
SPATIAL_complete,supervised,CY-Bench_wheat_AU|AU-222|2002,8,weather_vpd_mean,12.89446625766871,0.36919723885754746,3,water_balance,False,0.26880731837290367,pooled_feature_p02_p98
SPATIAL_complete,supervised,CY-Bench_wheat_AU|AU-222|2003,8,weather_vpd_mean,10.205730061349692,0.2573772951339682,3,water_balance,False,0.12203224264530459,pooled_feature_p02_p98
SPATIAL_complete,supervised,CY-Bench_wheat_AU|AU-222|2004,8,weather_vpd_mean,11.189926380368098,0.40965563772867125,3,water_balance,False,0.1757584094044369,pooled_feature_p02_p98
SPATIAL_complete,supervised,CY-Bench_wheat_AU|AU-222|2005,8,weather_vpd_mean,10.544331288343558,0.3698121959653993,3,water_balance,False,0.1405161016425247,pooled_feature_p02_p98
SPATIAL_complete,supervised,CY-Bench_wheat_AU|AU-222|2006,8,weather_vpd_mean,14.602969325153374,0.14687210973352186,3,water_balance,False,0.3620725734225454,pooled_feature_p02_p98
SPATIAL_complete,supervised,CY-Bench_wheat_AU|AU-222|2007,8,weather_vpd_mean,12.957730061349691,0.540425498659412,3,water_balance,False,0.2722608180463949,pooled_feature_p02_p98
SPATIAL_complete,supervised,CY-Bench_wheat_AU|AU-222|2008,8,weather_vpd_mean,11.736263803680979,0.38537185825407505,3,water_balance,False,0.20558235300639788,pooled_feature_p02_p98
SPATIAL_complete,supervised,CY-Bench_wheat_AU|AU-222|2009,8,weather_vpd_mean,13.035472392638036,0.6763038380692402,3,water_balance,False,0.276504684208389,pooled_feature_p02_p98
SPATIAL_complete,supervised,CY-Bench_wheat_AU|AU-222|2010,8,weather_vpd_mean,9.143233128834355,0.3012539694706599,3,water_balance,False,0.06403173372822334,pooled_feature_p02_p98
SPATIAL_complete,supervised,CY-Bench_wheat_AU|AU-222|2011,8,weather_vpd_mean,11.690067484662576,0.5313433886816105,3,water_balance,False,0.20306054806638735,pooled_feature_p02_p98
SPATIAL_complete,supervised,CY-Bench_wheat_AU|AU-222|2012,8,weather_vpd_mean,11.936220858895704,0.48587778738389414,3,water_balance,False,0.216497783074096,pooled_feature_p02_p98
SPATIAL_complete,supervised,CY-Bench_wheat_AU|AU-222|2013,8,weather_vpd_mean,10.756484662576687,0.4315412001063426,3,water_balance,False,0.15209731500646995,pooled_feature_p02_p98
SPATIAL_complete,supervised,CY-Bench_wheat_AU|AU-222|2014,8,weather_vpd_mean,13.693208588957054,0.4616800599421064,3,water_balance,False,0.3124097611570583,pooled_feature_p02_p98
SPATIAL_complete,supervised,CY-Bench_wheat_AU|AU-222|2015,8,weather_vpd_mean,13.548300613496933,0.435082347287486,3,water_balance,False,0.3044993982509427,pooled_feature_p02_p98
SPATIAL_complete,supervised,CY-Bench_wheat_AU|AU-222|2016,8,weather_vpd_mean,9.17858282208589,0.17029746590803066,3,water_balance,False,0.0659614336039659,pooled_feature_p02_p98
SPATIAL_complete,supervised,CY-Bench_wheat_AU|AU-222|2017,8,weather_vpd_mean,12.087085889570552,0.617336476376901,3,water_balance,False,0.22473333490408307,pooled_feature_p02_p98
SPATIAL_complete,supervised,CY-Bench_wheat_AU|AU-222|2018,8,weather_vpd_mean,12.024877300613502,0.40477750295152265,3,water_balance,False,0.22133743821195745,pooled_feature_p02_p98
SPATIAL_complete,supervised,CY-Bench_wheat_AU|AU-222|2019,8,weather_vpd_mean,11.446092024539878,0.34749535502245027,3,water_balance,False,0.18974220293300853,pooled_feature_p02_p98
SPATIAL_complete,supervised,CY-Bench_wheat_AU|AU-222|2020,8,weather_vpd_mean,11.643429447852762,0.5109492835278312,3,water_balance,False,0.2005146302504564,pooled_feature_p02_p98
SPATIAL_complete,supervised,CY-Bench_wheat_AU|AU-222|2021,8,weather_vpd_mean,10.37277300613497,0.3620692283535997,3,water_balance,False,0.131150928555877,pooled_feature_p02_p98
SPATIAL_complete,supervised,CY-Bench_wheat_AU|AU-222|2022,8,weather_vpd_mean,7.657717791411042,0.005868519190698834,3,water_balance,False,0.0,pooled_feature_p02_p98
SPATIAL_complete,supervised,CY-Bench_wheat_AU|AU-222|2023,8,weather_vpd_mean,11.783368098159508,0.5499607548117638,3,water_balance,False,0.20815372330246726,pooled_feature_p02_p98
SPATIAL_complete,supervised,CY-Bench_wheat_AU|AU-512|2001,8,weather_vpd_mean,22.90215979381443,-0.1582033975670735,3,water_balance,False,0.8151160185857934,pooled_feature_p02_p98
SPATIAL_complete,supervised,CY-Bench_wheat_AU|AU-512|2002,8,weather_vpd_mean,26.00437113402062,-0.09038463064158957,3,water_balance,False,0.9844622359667102,pooled_feature_p02_p98
SPATIAL_complete,supervised,CY-Bench_wheat_AU|AU-512|2004,8,weather_vpd_mean,23.251128865979386,-0.15264787587026757,3,water_balance,False,0.834165846554682,pooled_feature_p02_p98
SPATIAL_complete,supervised,CY-Bench_wheat_AU|AU-512|2013,8,weather_vpd_mean,24.806288659793818,-0.14848900493234396,3,water_balance,False,0.9190602652849856,pooled_feature_p02_p98
SPATIAL_complete,supervised,CY-Bench_wheat_AU|AU-512|2014,8,weather_vpd_mean,25.35915979381443,-0.10880485689267515,3,water_balance,False,0.9492408767836419,pooled_feature_p02_p98
SPATIAL_complete,supervised,CY-Bench_wheat_AU|AU-512|2015,8,weather_vpd_mean,25.145788659793812,-0.1691492338043948,3,water_balance,False,0.9375931872866824,pooled_feature_p02_p98
SPATIAL_complete,supervised,CY-Bench_wheat_AU|AU-512|2022,8,weather_vpd_mean,21.43422680412371,-0.16304092109203336,3,water_balance,False,0.7349832126898993,pooled_feature_p02_p98
SPATIAL_complete,supervised,CY-Bench_wheat_AU|AU-512|2023,8,weather_vpd_mean,28.7564587628866,0.046798651494706654,3,water_balance,False,1.0,pooled_feature_p02_p98
SPATIAL_complete,supervised,CY-Bench_wheat_AU|AU-222|2001,9,weather_cwb_sum,-154.56599999999997,0.1415077277148763,3,water_balance,False,0.8518333719739986,pooled_feature_p02_p98
SPATIAL_complete,supervised,CY-Bench_wheat_AU|AU-222|2002,9,weather_cwb_sum,-394.011,0.02900821366347373,3,water_balance,False,0.600046886156861,pooled_feature_p02_p98
SPATIAL_complete,supervised,CY-Bench_wheat_AU|AU-222|2003,9,weather_cwb_sum,-217.308,0.07690380730976659,3,water_balance,False,0.7858575207633287,pooled_feature_p02_p98
SPATIAL_complete,supervised,CY-Bench_wheat_AU|AU-222|2004,9,weather_cwb_sum,-255.38700000000003,0.06428713568796714,3,water_balance,False,0.7458158510962619,pooled_feature_p02_p98
SPATIAL_complete,supervised,CY-Bench_wheat_AU|AU-222|2005,9,weather_cwb_sum,-231.93899999999996,0.047257751226425136,3,water_balance,False,0.7704724090508664,pooled_feature_p02_p98
SPATIAL_complete,supervised,CY-Bench_wheat_AU|AU-222|2006,9,weather_cwb_sum,-442.204,-0.0226816493862619,3,water_balance,False,0.5493699202106717,pooled_feature_p02_p98
SPATIAL_complete,supervised,CY-Bench_wheat_AU|AU-222|2007,9,weather_cwb_sum,-367.52199999999993,0.006214312898616001,3,water_balance,False,0.6279011834811326,pooled_feature_p02_p98
SPATIAL_complete,supervised,CY-Bench_wheat_AU|AU-222|2008,9,weather_cwb_sum,-322.061,0.062086036428809166,3,water_balance,False,0.6757053365506593,pooled_feature_p02_p98
SPATIAL_complete,supervised,CY-Bench_wheat_AU|AU-222|2009,9,weather_cwb_sum,-266.99899999999997,0.000411995065708969,3,water_balance,False,0.7336053448283986,pooled_feature_p02_p98
SPATIAL_complete,supervised,CY-Bench_wheat_AU|AU-222|2010,9,weather_cwb_sum,-82.79199999999999,0.2648577919850747,3,water_balance,False,0.9273067509672505,pooled_feature_p02_p98
SPATIAL_complete,supervised,CY-Bench_wheat_AU|AU-222|2011,9,weather_cwb_sum,-273.29300000000006,0.03647376317530873,3,water_balance,False,0.72698693917477,pooled_feature_p02_p98
SPATIAL_complete,supervised,CY-Bench_wheat_AU|AU-222|2012,9,weather_cwb_sum,-327.19,0.04889568220824007,3,water_balance,False,0.6703119773836019,pooled_feature_p02_p98
SPATIAL_complete,supervised,CY-Bench_wheat_AU|AU-222|2013,9,weather_cwb_sum,-229.693,0.05529358237981796,3,water_balance,False,0.7728341724919292,pooled_feature_p02_p98
SPATIAL_complete,supervised,CY-Bench_wheat_AU|AU-222|2014,9,weather_cwb_sum,-399.36100000000005,-0.0105766299335907,3,water_balance,False,0.594421136197072,pooled_feature_p02_p98
SPATIAL_complete,supervised,CY-Bench_wheat_AU|AU-222|2015,9,weather_cwb_sum,-384.056,0.02380796428769827,3,water_balance,False,0.610514987250263,pooled_feature_p02_p98
SPATIAL_complete,supervised,CY-Bench_wheat_AU|AU-222|2016,9,weather_cwb_sum,-64.64100000000002,0.32405331513533986,3,water_balance,False,0.9463932906906395,pooled_feature_p02_p98
SPATIAL_complete,supervised,CY-Bench_wheat_AU|AU-222|2017,9,weather_cwb_sum,-246.49699999999999,0.03207952342927453,3,water_balance,False,0.7551640599079489,pooled_feature_p02_p98
SPATIAL_complete,supervised,CY-Bench_wheat_AU|AU-222|2018,9,weather_cwb_sum,-333.32000000000005,0.04586886956046027,3,water_balance,False,0.663866024625937,pooled_feature_p02_p98
SPATIAL_complete,supervised,CY-Bench_wheat_AU|AU-222|2019,9,weather_cwb_sum,-311.78,0.06174210303773481,3,water_balance,False,0.6865162403518914,pooled_feature_p02_p98
SPATIAL_complete,supervised,CY-Bench_wheat_AU|AU-222|2020,9,weather_cwb_sum,-235.22300000000004,0.04896151243398583,3,water_balance,False,0.7670191449633995,pooled_feature_p02_p98
SPATIAL_complete,supervised,CY-Bench_wheat_AU|AU-222|2021,9,weather_cwb_sum,-209.702,0.08383620002617437,3,water_balance,False,0.7938555495846661,pooled_feature_p02_p98
SPATIAL_complete,supervised,CY-Bench_wheat_AU|AU-222|2022,9,weather_cwb_sum,109.95000000000005,0.7345716655254364,3,water_balance,False,1.0,pooled_feature_p02_p98
SPATIAL_complete,supervised,CY-Bench_wheat_AU|AU-222|2023,9,weather_cwb_sum,-296.79099999999994,0.028603705577552332,3,water_balance,False,0.7022778041177378,pooled_feature_p02_p98
SPATIAL_complete,supervised,CY-Bench_wheat_AU|AU-512|2001,9,weather_cwb_sum,-967.7239999999998,-0.065712610570093,3,water_balance,False,0.0,pooled_feature_p02_p98
SPATIAL_complete,supervised,CY-Bench_wheat_AU|AU-512|2002,9,weather_cwb_sum,-1095.466,-0.0812188140116632,3,water_balance,False,0.0,pooled_feature_p02_p98
SPATIAL_complete,supervised,CY-Bench_wheat_AU|AU-512|2004,9,weather_cwb_sum,-970.9429999999999,-0.07697431556880474,3,water_balance,False,0.0,pooled_feature_p02_p98
SPATIAL_complete,supervised,CY-Bench_wheat_AU|AU-512|2013,9,weather_cwb_sum,-1014.236,-0.09764273650944229,3,water_balance,False,0.0,pooled_feature_p02_p98
SPATIAL_complete,supervised,CY-Bench_wheat_AU|AU-512|2014,9,weather_cwb_sum,-1057.482,-0.08451819443143904,3,water_balance,False,0.0,pooled_feature_p02_p98
SPATIAL_complete,supervised,CY-Bench_wheat_AU|AU-512|2015,9,weather_cwb_sum,-950.625,-0.0002945835391680307,3,water_balance,False,0.01474386034041008,pooled_feature_p02_p98
SPATIAL_complete,supervised,CY-Bench_wheat_AU|AU-512|2022,9,weather_cwb_sum,-917.494,-0.03385496946672596,3,water_balance,False,0.04958249995120827,pooled_feature_p02_p98
SPATIAL_complete,supervised,CY-Bench_wheat_AU|AU-512|2023,9,weather_cwb_sum,-1171.956,-0.05968711245805023,3,water_balance,False,0.0,pooled_feature_p02_p98
